AÑO,MES,CLIENTE,CODIGO,NOMBRE DE ARTICULO,UNIDAD / MEDIDA,CANTIDAD,VALOR UNITARIO,TOTAL DESCUENTO,VALOR TOTAL,# FACT.,CC,CAT1,CAT2,CAT3,CATEGORIA,DEPARTAMENTO,MUNICIPIOS,fecha_periodo,rango_ticket,mes_num
2025,Abril,4117002,10202,INICIACION CERDOS                  ,BULTO          ,7,122000.0,0,854000,2,4117002,102,102,102,PORCICULTURA                            ,Boyaca,Firavitoba,2025-Abril,$500K-$1M,4
2025,Abril,4117002,10204,MAXI LECHONES                      ,BULTO          ,16,98000.0,0,1568000,2,4117002,102,102,102,PORCICULTURA                            ,Boyaca,Firavitoba,2025-Abril,>$1M,4
2025,Abril,4117002,10211,MAXI CERDAS GESTACION   R          ,BULTO          ,8,86000.0,0,688000,1,4117002,102,102,102,PORCICULTURA                            ,Boyaca,Firavitoba,2025-Abril,$500K-$1M,4
2025,Abril,4117002,10212,MAXI CERDAS GESTACION              ,BULTO          ,6,86000.0,0,516000,1,4117002,102,102,102,PORCICULTURA                            ,Boyaca,Firavitoba,2025-Abril,$500K-$1M,4
2025,Abril,4117002,10213,CERDAS LACTANCIA PRIMERIZAS        ,BULTO          ,8,100000.0,0,800000,2,4117002,102,102,102,PORCICULTURA                            ,Boyaca,Firavitoba,2025-Abril,$500K-$1M,4
2025,Abril,4211190,10831,FILPO ADULTO 10KG                  ,BULTO          ,1,40000.0,0,40000,1,4211190,108,108,108,MASCOTAS                                ,Boyaca,Sogamoso,2025-Abril,<$50K,4
2025,Abril,4211190,20203,SUPER HUEVO PREPICO 100            ,BULTO          ,2,87000.0,0,174000,2,4211190,202,202,101,AVICULTURA                              ,Boyaca,Sogamoso,2025-Abril,$100K-$250K,4
2025,Abril,4211190,20505,ITAL LECHE PELLET                  ,BULTO          ,1,60000.0,0,60000,1,4211190,205,205,205,GANADERIA                               ,Boyaca,Sogamoso,2025-Abril,$50K-$100K,4
2025,Abril,4272458,10501,NOVILLONAS                         ,BULTO          ,1,70000.0,0,70000,1,4272458,105,105,105,GANADERIA                               ,Boyaca,Sogamoso,2025-Abril,$50K-$100K,4
2025,Abril,4272458,50117,FIBRAMIX PELETIZADO                ,BULTO          ,1,62000.0,0,62000,1,4272458,501,501,105,GANADERIA                               ,Boyaca,Sogamoso,2025-Abril,$50K-$100K,4
2025,Abril,4272458,50118,FIBRAMIX PELETIZADO X 10KG         ,BULTO          ,2,62000.0,0,124000,1,4272458,501,501,105,GANADERIA                               ,Boyaca,Sogamoso,2025-Abril,$100K-$250K,4
2025,Abril,7125529,10833,FILPO ADULTO 30KG                  ,BULTO          ,3,100000.0,0,300000,2,7125529,108,108,108,MASCOTAS                                ,Boyaca,Sogamoso,2025-Abril,$250K-$500K,4
2025,Abril,7125529,50206,SUPERCAN CROQUETAS 30KG            ,BULTO          ,1,127000.0,0,127000,1,7125529,502,502,502,MASCOTAS                                ,Boyaca,Sogamoso,2025-Abril,$100K-$250K,4
2025,Abril,9518629,20305,CERDA GESTACION NARANJA            ,BULTO          ,2,86000.0,0,172000,1,9518629,203,203,203,PORCICULTURA                            ,Boyaca,Sogamoso,2025-Abril,$100K-$250K,4
2025,Abril,9521951,10500,TERNERAS LEVANTE                   ,BULTO          ,15,90000.0,0,1350000,1,9521951,105,105,105,GANADERIA                               ,Bogota DC,Bogota,2025-Abril,>$1M,4
2025,Abril,9521951,10501,NOVILLONAS                         ,BULTO          ,15,80000.0,0,1200000,1,9521951,105,105,105,GANADERIA                               ,Bogota DC,Bogota,2025-Abril,>$1M,4
2025,Abril,9521951,10504,CONTELAC 14%                       ,BULTO          ,40,73000.0,0,2920000,1,9521951,105,105,105,GANADERIA                               ,Bogota DC,Bogota,2025-Abril,>$1M,4
2025,Abril,9521951,10833,FILPO ADULTO 30KG                  ,BULTO          ,5,105000.0,0,525000,1,9521951,108,108,108,MASCOTAS                                ,Bogota DC,Bogota,2025-Abril,$500K-$1M,4
2025,Abril,9527933,10818,RINGO CACHORROS 2K*5               ,BOLSA          ,1,22000.0,0,22000,1,9527933,108,108,108,MASCOTAS                                ,Boyaca,Sogamoso,2025-Abril,<$50K,4
2025,Abril,9527933,10829,RINGO CROQUETAS 30KG               ,BULTO          ,1,10000.0,0,10000,1,9527933,108,108,108,MASCOTAS                                ,Boyaca,Sogamoso,2025-Abril,<$50K,4
2025,Abril,9527933,10831,FILPO ADULTO 10KG                  ,BULTO          ,1,61000.0,0,61000,1,9527933,108,108,108,MASCOTAS                                ,Boyaca,Sogamoso,2025-Abril,$50K-$100K,4
2025,Abril,9527933,50201,RAZA PERROS 30KG                   ,BULTO          ,6,102166.67,0,613000,4,9527933,502,502,502,MASCOTAS                                ,Boyaca,Sogamoso,2025-Abril,$500K-$1M,4
2025,Abril,9527933,50207,SUPERCAN CROQUETAS 4K*5            ,BOLSA          ,1,22000.0,0,22000,1,9527933,502,502,502,MASCOTAS                                ,Boyaca,Sogamoso,2025-Abril,<$50K,4
2025,Abril,9531884,10829,RINGO CROQUETAS 30KG               ,BULTO          ,1,125000.0,0,125000,1,9531884,108,108,108,MASCOTAS                                ,Boyaca,Sogamoso,2025-Abril,$100K-$250K,4
2025,Abril,22222222,10101,MAXI POLLITOS H.                   ,BULTO          ,10,104000.0,0,1040000,1,22222222,101,101,101,AVICULTURA                              ,Boyaca,Sogamoso,2025-Abril,>$1M,4
2025,Abril,22222222,10103,MAXI POLLITOS C.                   ,BULTO          ,86,104441.86,0,8982000,10,22222222,101,101,101,AVICULTURA                              ,Boyaca,Sogamoso,2025-Abril,>$1M,4
2025,Abril,22222222,10107,MAXI BROILER C.                    ,BULTO          ,1,100000.0,0,100000,1,22222222,101,101,101,AVICULTURA                              ,Boyaca,Sogamoso,2025-Abril,$50K-$100K,4
2025,Abril,22222222,10108,MAXI BROILER P                     ,BULTO          ,87,109379.31,0,9516000,13,22222222,101,101,101,AVICULTURA                              ,Boyaca,Sogamoso,2025-Abril,>$1M,4
2025,Abril,22222222,10109,MAXI BROILER PIGMENTO C            ,BULTO          ,194,113623.71,0,22043000,8,22222222,101,101,101,AVICULTURA                              ,Boyaca,Sogamoso,2025-Abril,>$1M,4
2025,Abril,22222222,10111,BROILER P 1K*20                    ,BOLSA          ,5,2800.0,0,14000,1,22222222,101,101,101,AVICULTURA                              ,Boyaca,Sogamoso,2025-Abril,<$50K,4
2025,Abril,22222222,10112,BROILER P                          ,BULTO          ,90,99955.56,0,8996000,14,22222222,101,101,101,AVICULTURA                              ,Boyaca,Sogamoso,2025-Abril,>$1M,4
2025,Abril,22222222,10113,POLLO CAMPESINO C 1K*20            ,BOLSA          ,2,2800.0,0,5600,1,22222222,101,101,101,AVICULTURA                              ,Boyaca,Sogamoso,2025-Abril,<$50K,4
2025,Abril,22222222,10114,POLLO CAMPESINO C                  ,BULTO          ,1,88000.0,0,88000,1,22222222,101,101,101,AVICULTURA                              ,Boyaca,Sogamoso,2025-Abril,$50K-$100K,4
2025,Abril,22222222,10118,POLLAS                             ,BULTO          ,2,89000.0,0,178000,1,22222222,101,101,101,AVICULTURA                              ,Boyaca,Sogamoso,2025-Abril,$100K-$250K,4
2025,Abril,22222222,10120,MAXI HUEVO H                       ,BULTO          ,45,87000.0,0,3915000,10,22222222,101,101,101,AVICULTURA                              ,Boyaca,Sogamoso,2025-Abril,>$1M,4
2025,Abril,22222222,10121,MAXI HUEVO C                       ,BULTO          ,106,87500.0,0,9275000,22,22222222,101,101,101,AVICULTURA                              ,Boyaca,Sogamoso,2025-Abril,>$1M,4
2025,Abril,22222222,10123,PONEDORA EXTRA I C                 ,BULTO          ,243,85979.42,0,20893000,17,22222222,101,101,101,AVICULTURA                              ,Boyaca,Sogamoso,2025-Abril,>$1M,4
2025,Abril,22222222,10133,CODORNICES CONTEGRAL               ,BULTO          ,11,95000.0,0,1045000,3,22222222,101,101,101,AVICULTURA                              ,Boyaca,Sogamoso,2025-Abril,>$1M,4
2025,Abril,22222222,10201,PREINICIACION CERDOS               ,BULTO          ,2,152000.0,0,304000,2,22222222,102,102,102,PORCICULTURA                            ,Boyaca,Sogamoso,2025-Abril,$250K-$500K,4
2025,Abril,22222222,10202,INICIACION CERDOS                  ,BULTO          ,24,101875.0,0,2445000,4,22222222,102,102,102,PORCICULTURA                            ,Boyaca,Sogamoso,2025-Abril,>$1M,4
2025,Abril,22222222,10203,MAXI LECHONES   R                  ,BULTO          ,25,98000.0,0,2450000,1,22222222,102,102,102,PORCICULTURA                            ,Boyaca,Sogamoso,2025-Abril,>$1M,4
2025,Abril,22222222,10204,MAXI LECHONES                      ,BULTO          ,12,98000.0,0,1176000,11,22222222,102,102,102,PORCICULTURA                            ,Boyaca,Sogamoso,2025-Abril,>$1M,4
2025,Abril,22222222,10205,CERDOS LEVANTE                     ,BULTO          ,11,87000.0,0,957000,8,22222222,102,102,102,PORCICULTURA                            ,Boyaca,Sogamoso,2025-Abril,$500K-$1M,4
2025,Abril,22222222,10207,MAXI CERDOS FINALIZADOR            ,BULTO          ,38,96394.74,0,3663000,5,22222222,102,102,102,PORCICULTURA                            ,Boyaca,Sogamoso,2025-Abril,>$1M,4
2025,Abril,22222222,10209,CERDOS ENGORDE                     ,BULTO          ,6,75000.0,0,450000,2,22222222,102,102,102,PORCICULTURA                            ,Boyaca,Sogamoso,2025-Abril,$250K-$500K,4
2025,Abril,22222222,10211,MAXI CERDAS GESTACION   R          ,BULTO          ,22,89000.0,0,1958000,1,22222222,102,102,102,PORCICULTURA                            ,Boyaca,Sogamoso,2025-Abril,>$1M,4
2025,Abril,22222222,10212,MAXI CERDAS GESTACION              ,BULTO          ,28,80642.86,0,2258000,13,22222222,102,102,102,PORCICULTURA                            ,Boyaca,Sogamoso,2025-Abril,>$1M,4
2025,Abril,22222222,10214,MAXI CERDAS LACTANCIA              ,BULTO          ,8,91625.0,0,733000,6,22222222,102,102,102,PORCICULTURA                            ,Boyaca,Sogamoso,2025-Abril,$500K-$1M,4
2025,Abril,22222222,10301,"MAXI PECES 32 2,5 E                ",BULTO          ,3,134333.33,0,403000,3,22222222,103,103,103,ACUACULTURA                             ,Boyaca,Sogamoso,2025-Abril,$250K-$500K,4
2025,Abril,22222222,10303,PECES 25                           ,BULTO          ,2,117500.0,0,235000,2,22222222,103,103,103,ACUACULTURA                             ,Boyaca,Sogamoso,2025-Abril,$100K-$250K,4
2025,Abril,22222222,10305,"MAXI TRUCHAS 45 SP 3,5 E           ",BULTO          ,7,217285.71,0,1521000,4,22222222,103,103,103,ACUACULTURA                             ,Boyaca,Sogamoso,2025-Abril,>$1M,4
2025,Abril,22222222,10306,TRUCHAS 40 CP E                    ,BULTO          ,40,222500.0,0,8900000,4,22222222,103,103,103,ACUACULTURA                             ,Boyaca,Sogamoso,2025-Abril,>$1M,4
2025,Abril,22222222,10400,POTROS  CINTA AZUL                 ,BULTO          ,1,92000.0,0,92000,1,22222222,104,104,104,EQUINOS                                 ,Boyaca,Sogamoso,2025-Abril,$50K-$100K,4
2025,Abril,22222222,10401,YEGUAS                             ,BULTO          ,6,87000.0,0,522000,2,22222222,104,104,104,EQUINOS                                 ,Boyaca,Sogamoso,2025-Abril,$500K-$1M,4
2025,Abril,22222222,10403,CORCEL                             ,BULTO          ,4,74000.0,0,296000,3,22222222,104,104,104,EQUINOS                                 ,Boyaca,Sogamoso,2025-Abril,$250K-$500K,4
2025,Abril,22222222,10500,TERNERAS LEVANTE                   ,BULTO          ,72,92569.44,0,6665000,10,22222222,105,105,105,GANADERIA                               ,Boyaca,Sogamoso,2025-Abril,>$1M,4
2025,Abril,22222222,10501,NOVILLONAS                         ,BULTO          ,81,75296.3,0,6099000,9,22222222,105,105,105,GANADERIA                               ,Boyaca,Sogamoso,2025-Abril,>$1M,4
2025,Abril,22222222,10504,CONTELAC 14%                       ,BULTO          ,31,70064.52,0,2172000,8,22222222,105,105,105,GANADERIA                               ,Boyaca,Sogamoso,2025-Abril,>$1M,4
2025,Abril,22222222,10506,CONTELAC 18%                       ,BULTO          ,171,76853.8,0,13142000,13,22222222,105,105,105,GANADERIA                               ,Boyaca,Sogamoso,2025-Abril,>$1M,4
2025,Abril,22222222,10507,PRELACTANCIA                       ,BULTO          ,14,77000.0,0,1078000,8,22222222,105,105,105,GANADERIA                               ,Boyaca,Sogamoso,2025-Abril,>$1M,4
2025,Abril,22222222,10515,NOVILLOS CEBA P                    ,BULTO          ,8,70000.0,0,560000,5,22222222,105,105,105,GANADERIA                               ,Boyaca,Sogamoso,2025-Abril,$500K-$1M,4
2025,Abril,22222222,10603,FORRAJE GANADERIA P TULIPAN        ,BULTO          ,31,63935.48,0,1982000,12,22222222,106,106,105,GANADERIA                               ,Boyaca,Sogamoso,2025-Abril,>$1M,4
2025,Abril,22222222,10700,CONEJOS 1K*20                      ,BOLSA          ,1,48000.0,0,48000,1,22222222,107,107,107,CONEJOS                                 ,Boyaca,Sogamoso,2025-Abril,<$50K,4
2025,Abril,22222222,10701,CONEJOS                            ,BULTO          ,39,89076.92,0,3474000,16,22222222,107,107,107,CONEJOS                                 ,Boyaca,Sogamoso,2025-Abril,>$1M,4
2025,Abril,22222222,10809,NUTRISS ADULTOS CARNE Y VEG  30KG  ,BULTO          ,2,160000.0,0,320000,2,22222222,108,108,108,MASCOTAS                                ,Boyaca,Sogamoso,2025-Abril,$250K-$500K,4
2025,Abril,22222222,10814,NUTRISS ADULTOS POLLO Y VEG 30KG   ,BULTO          ,1,160000.0,0,160000,1,22222222,108,108,108,MASCOTAS                                ,Boyaca,Sogamoso,2025-Abril,$100K-$250K,4
2025,Abril,22222222,10816,RINGO CACHORROS 15KG               ,BULTO          ,1,80000.0,0,80000,1,22222222,108,108,108,MASCOTAS                                ,Boyaca,Sogamoso,2025-Abril,$50K-$100K,4
2025,Abril,22222222,10819,RINGO CACHORROS 30KG               ,BULTO          ,3,165833.33,0,497500,3,22222222,108,108,108,MASCOTAS                                ,Boyaca,Sogamoso,2025-Abril,$250K-$500K,4
2025,Abril,22222222,10821,RINGO PREMIUM 20KG                 ,BULTO          ,1,107000.0,0,107000,1,22222222,108,108,108,MASCOTAS                                ,Boyaca,Sogamoso,2025-Abril,$100K-$250K,4
2025,Abril,22222222,10822,RINGO PREMIUM 1K*20                ,BOLSA          ,3,12000.0,0,36000,1,22222222,108,108,108,MASCOTAS                                ,Boyaca,Sogamoso,2025-Abril,<$50K,4
2025,Abril,22222222,10824,RINGO PREMIUM 30KG                 ,BULTO          ,63,152603.17,0,9614000,17,22222222,108,108,108,MASCOTAS                                ,Boyaca,Sogamoso,2025-Abril,>$1M,4
2025,Abril,22222222,10826,RINGO CROQUETAS 20KG               ,BULTO          ,1,89000.0,0,89000,1,22222222,108,108,108,MASCOTAS                                ,Boyaca,Sogamoso,2025-Abril,$50K-$100K,4
2025,Abril,22222222,10829,RINGO CROQUETAS 30KG               ,BULTO          ,57,125000.0,0,7125000,33,22222222,108,108,108,MASCOTAS                                ,Boyaca,Sogamoso,2025-Abril,>$1M,4
2025,Abril,22222222,10830,FILPO CACHORROS 10KG               ,BULTO          ,1,47000.0,0,47000,1,22222222,108,108,108,MASCOTAS                                ,Boyaca,Sogamoso,2025-Abril,<$50K,4
2025,Abril,22222222,10831,FILPO ADULTO 10KG                  ,BULTO          ,4,39500.0,0,158000,3,22222222,108,108,108,MASCOTAS                                ,Boyaca,Sogamoso,2025-Abril,$100K-$250K,4
2025,Abril,22222222,10833,FILPO ADULTO 30KG                  ,BULTO          ,124,103427.42,0,12825000,43,22222222,108,108,108,MASCOTAS                                ,Boyaca,Sogamoso,2025-Abril,>$1M,4
2025,Abril,22222222,10842,MIRRINGO 8KG                       ,BULTO          ,53,52283.02,0,2771000,11,22222222,108,108,108,MASCOTAS                                ,Boyaca,Sogamoso,2025-Abril,>$1M,4
2025,Abril,22222222,10844,MIRRINGO 1KG*20                    ,BOLSA          ,5,9500.0,0,47500,4,22222222,108,108,108,MASCOTAS                                ,Boyaca,Sogamoso,2025-Abril,<$50K,4
2025,Abril,22222222,20100,SUPER POLLITO INICIACION GRANJA    ,BULTO          ,1,88000.0,0,88000,1,22222222,201,201,101,AVICULTURA                              ,Boyaca,Sogamoso,2025-Abril,$50K-$100K,4
2025,Abril,22222222,20102,SUPER POLLITO INICIACION 5K*4      ,BOLSA          ,1,45000.0,0,45000,1,22222222,201,201,101,AVICULTURA                              ,Boyaca,Sogamoso,2025-Abril,<$50K,4
2025,Abril,22222222,20103,SUPER POLLITO INICIACION DIS       ,BULTO          ,35,102000.0,0,3570000,1,22222222,201,201,101,AVICULTURA                              ,Boyaca,Sogamoso,2025-Abril,>$1M,4
2025,Abril,22222222,20106,SUPER POLLO ENGORDE DORADO         ,BULTO          ,66,112000.0,0,7392000,7,22222222,201,201,101,AVICULTURA                              ,Boyaca,Sogamoso,2025-Abril,>$1M,4
2025,Abril,22222222,20107,SUPER POLLO ENGORDE DIS            ,BULTO          ,97,89958.76,0,8726000,4,22222222,201,201,101,AVICULTURA                              ,Boyaca,Sogamoso,2025-Abril,>$1M,4
2025,Abril,22222222,20108,POLLO CRIOLLO P                    ,BULTO          ,14,77000.0,0,1078000,4,22222222,201,201,101,AVICULTURA                              ,Boyaca,Sogamoso,2025-Abril,>$1M,4
2025,Abril,22222222,20109,POLLO CRIOLLO Q                    ,BULTO          ,15,77066.67,0,1156000,5,22222222,201,201,101,AVICULTURA                              ,Boyaca,Sogamoso,2025-Abril,>$1M,4
2025,Abril,22222222,20200,POLLITA INICIACION                 ,BULTO          ,1,87000.0,0,87000,1,22222222,202,202,101,AVICULTURA                              ,Boyaca,Sogamoso,2025-Abril,$50K-$100K,4
2025,Abril,22222222,20202,SUPER HUEVO PREPICO                ,BULTO          ,64,82234.38,0,5263000,22,22222222,202,202,101,AVICULTURA                              ,Boyaca,Sogamoso,2025-Abril,>$1M,4
2025,Abril,22222222,20203,SUPER HUEVO PREPICO 100            ,BULTO          ,251,87362.55,0,21928000,38,22222222,202,202,101,AVICULTURA                              ,Boyaca,Sogamoso,2025-Abril,>$1M,4
2025,Abril,22222222,20205,PONEDORA CAMPESINA                 ,BULTO          ,2,72000.0,0,144000,2,22222222,202,202,101,AVICULTURA                              ,Boyaca,Sogamoso,2025-Abril,$100K-$250K,4
2025,Abril,22222222,20301,CERDITOS INICIACION NARANJA        ,BULTO          ,19,120000.0,0,2280000,10,22222222,203,203,203,PORCICULTURA                            ,Boyaca,Sogamoso,2025-Abril,>$1M,4
2025,Abril,22222222,20302,CERDO LEVANTE 1 NARANJA            ,BULTO          ,272,97606.62,0,26549000,40,22222222,203,203,203,PORCICULTURA                            ,Boyaca,Sogamoso,2025-Abril,>$1M,4
2025,Abril,22222222,20303,CERDO ENGORDE NARANJA              ,BULTO          ,20,94000.0,0,1880000,9,22222222,203,203,203,PORCICULTURA                            ,Boyaca,Sogamoso,2025-Abril,>$1M,4
2025,Abril,22222222,20304,CERDO FINALIZADOR NARANJA          ,BULTO          ,68,95727.94,0,6509500,11,22222222,203,203,203,PORCICULTURA                            ,Boyaca,Sogamoso,2025-Abril,>$1M,4
2025,Abril,22222222,20305,CERDA GESTACION NARANJA            ,BULTO          ,59,88000.0,0,5192000,5,22222222,203,203,203,PORCICULTURA                            ,Boyaca,Sogamoso,2025-Abril,>$1M,4
2025,Abril,22222222,20306,CERDA LACTANCIA NARANJA            ,BULTO          ,1,97000.0,0,97000,1,22222222,203,203,203,PORCICULTURA                            ,Boyaca,Sogamoso,2025-Abril,$50K-$100K,4
2025,Abril,22222222,20307,CERDO LEVANTE                      ,BULTO          ,89,87168.54,0,7758000,33,22222222,203,203,203,PORCICULTURA                            ,Boyaca,Sogamoso,2025-Abril,>$1M,4
2025,Abril,22222222,20308,CERDO ENGORDE                      ,BULTO          ,45,87311.11,0,3929000,16,22222222,203,203,203,PORCICULTURA                            ,Boyaca,Sogamoso,2025-Abril,>$1M,4
2025,Abril,22222222,20503,CREMOSA                            ,BULTO          ,107,65000.0,0,6955000,9,22222222,205,205,205,GANADERIA                               ,Boyaca,Sogamoso,2025-Abril,>$1M,4
2025,Abril,22222222,20505,ITAL LECHE PELLET                  ,BULTO          ,54,60000.0,0,3240000,17,22222222,205,205,205,GANADERIA                               ,Boyaca,Sogamoso,2025-Abril,>$1M,4
2025,Abril,22222222,20600,EQUINOS                            ,BULTO          ,43,74000.0,0,3182000,6,22222222,206,206,206,EQUINOS                                 ,Boyaca,Sogamoso,2025-Abril,>$1M,4
2025,Abril,22222222,20603,BRIO YEGUAS                        ,BULTO          ,2,85000.0,0,170000,1,22222222,206,206,206,EQUINOS                                 ,Boyaca,Sogamoso,2025-Abril,$100K-$250K,4
2025,Abril,22222222,20604,BRIO POTROS                        ,BULTO          ,2,90000.0,0,180000,2,22222222,206,206,206,EQUINOS                                 ,Boyaca,Sogamoso,2025-Abril,$100K-$250K,4
2025,Abril,22222222,20606,FURIA TOTAL                        ,BULTO          ,17,64117.65,0,1090000,10,22222222,206,206,206,EQUINOS                                 ,Boyaca,Sogamoso,2025-Abril,>$1M,4
2025,Abril,22222222,20607,MULTIFORRAJE EQUINO                ,BULTO          ,1,67000.0,0,67000,1,22222222,206,206,206,EQUINOS                                 ,Boyaca,Sogamoso,2025-Abril,$50K-$100K,4
2025,Abril,22222222,20608,PODIUM                             ,BULTO          ,50,84000.0,0,4200000,3,22222222,206,206,206,EQUINOS                                 ,Boyaca,Sogamoso,2025-Abril,>$1M,4
2025,Abril,22222222,20705,TRUCHA INICIACION 50               ,BULTO          ,30,268933.33,0,8068000,6,22222222,207,207,207,ACUACULTURA                             ,Boyaca,Sogamoso,2025-Abril,>$1M,4
2025,Abril,22222222,20706,TRUCHA LEVANTE 40                  ,BULTO          ,71,201323.94,0,14294000,10,22222222,207,207,207,ACUACULTURA                             ,Boyaca,Sogamoso,2025-Abril,>$1M,4
2025,Abril,22222222,20707,TRUCHA FINALIZACION 40             ,BULTO          ,250,212536.0,0,53134000,24,22222222,207,207,207,ACUACULTURA                             ,Boyaca,Sogamoso,2025-Abril,>$1M,4
2025,Abril,22222222,30104,NUTRECAN ADULTOS RAZAS PEQUE 2K*8  ,BOLSA          ,1,23500.0,0,23500,1,22222222,301,301,108,MASCOTAS                                ,Boyaca,Sogamoso,2025-Abril,<$50K,4
2025,Abril,22222222,30110,NUTRECAN ADULTOS RM Y RG 8KG       ,BULTO          ,1,74000.0,0,74000,1,22222222,301,301,108,MASCOTAS                                ,Boyaca,Sogamoso,2025-Abril,$50K-$100K,4
2025,Abril,22222222,30114,NUTRECAN LIGHT 2K*8                ,BOLSA          ,2,29000.0,0,58000,2,22222222,301,301,108,MASCOTAS                                ,Boyaca,Sogamoso,2025-Abril,$50K-$100K,4
2025,Abril,22222222,30126,NUTRECAN CROQUETAS ADULTOS 15KG    ,BULTO          ,3,96666.67,0,290000,3,22222222,301,301,108,MASCOTAS                                ,Boyaca,Sogamoso,2025-Abril,$250K-$500K,4
2025,Abril,22222222,30202,SMART 1K*15                        ,BOLSA          ,1,10000.0,0,10000,1,22222222,302,302,108,MASCOTAS                                ,Boyaca,Sogamoso,2025-Abril,<$50K,4
2025,Abril,22222222,30205,Q-IDA CAT 8KG                      ,BULTO          ,1,70000.0,0,70000,1,22222222,302,302,108,MASCOTAS                                ,Boyaca,Sogamoso,2025-Abril,$50K-$100K,4
2025,Abril,22222222,30207,NUTRECAT HOME 1.5K*10              ,BOLSA          ,1,25000.0,0,25000,1,22222222,302,302,108,MASCOTAS                                ,Boyaca,Sogamoso,2025-Abril,<$50K,4
2025,Abril,22222222,30210,NUTRECAT LIBERTY 1.5K*10           ,BOLSA          ,1,25000.0,0,25000,1,22222222,302,302,108,MASCOTAS                                ,Boyaca,Sogamoso,2025-Abril,<$50K,4
2025,Abril,22222222,30211,NUTRECAT LIBERTY 8KG               ,BULTO          ,1,90000.0,0,90000,1,22222222,302,302,108,MASCOTAS                                ,Boyaca,Sogamoso,2025-Abril,$50K-$100K,4
2025,Abril,22222222,30502,CHANCHITOS GP                      ,BULTO          ,2,103000.0,0,206000,2,22222222,305,305,305,PORCICULTURA                            ,Boyaca,Sogamoso,2025-Abril,$100K-$250K,4
2025,Abril,22222222,30503,CHANCHITOS I.C                     ,BULTO          ,89,97955.06,0,8718000,3,22222222,305,305,305,PORCICULTURA                            ,Boyaca,Sogamoso,2025-Abril,>$1M,4
2025,Abril,22222222,30506,CHANCHITOS PET                     ,BULTO          ,2,97000.0,0,194000,1,22222222,305,305,305,PORCICULTURA                            ,Boyaca,Sogamoso,2025-Abril,$100K-$250K,4
2025,Abril,22222222,30600,MANNA EXT                          ,BULTO          ,4,109500.0,0,438000,4,22222222,306,306,306,GANADERIA                               ,Boyaca,Sogamoso,2025-Abril,$250K-$500K,4
2025,Abril,22222222,30601,MANNA P                            ,BULTO          ,3,92000.0,0,276000,3,22222222,306,306,306,GANADERIA                               ,Boyaca,Sogamoso,2025-Abril,$250K-$500K,4
2025,Abril,22222222,30603,PREPARTO                           ,BULTO          ,1,82000.0,0,82000,1,22222222,306,306,306,GANADERIA                               ,Boyaca,Sogamoso,2025-Abril,$50K-$100K,4
2025,Abril,22222222,30701,CAMPEON DORADO TEXT                ,BULTO          ,2,105000.0,0,210000,1,22222222,307,307,307,EQUINOS                                 ,Boyaca,Sogamoso,2025-Abril,$100K-$250K,4
2025,Abril,22222222,30702,CAMPEON ADULTOS                    ,BULTO          ,1,83000.0,0,83000,1,22222222,307,307,307,EQUINOS                                 ,Boyaca,Sogamoso,2025-Abril,$50K-$100K,4
2025,Abril,22222222,40202,POLLO INICIACION C                 ,BULTO          ,7,87285.71,0,611000,4,22222222,402,402,402,AVICULTURA                              ,Boyaca,Sogamoso,2025-Abril,$500K-$1M,4
2025,Abril,22222222,40204,Q-IDA SUPLEPOLLO C 1K*20           ,BOLSA          ,8,23875.0,0,191000,2,22222222,402,402,402,AVICULTURA                              ,Boyaca,Sogamoso,2025-Abril,$100K-$250K,4
2025,Abril,22222222,50117,FIBRAMIX PELETIZADO                ,BULTO          ,165,74727.27,0,12330000,7,22222222,501,501,105,GANADERIA                               ,Boyaca,Sogamoso,2025-Abril,>$1M,4
2025,Abril,22222222,50200,RAZA PERROS 10KG                   ,BULTO          ,3,39666.67,0,119000,3,22222222,502,502,502,MASCOTAS                                ,Boyaca,Sogamoso,2025-Abril,$100K-$250K,4
2025,Abril,22222222,50201,RAZA PERROS 30KG                   ,BULTO          ,10,101500.0,0,1015000,9,22222222,502,502,502,MASCOTAS                                ,Boyaca,Sogamoso,2025-Abril,>$1M,4
2025,Abril,22222222,50206,SUPERCAN CROQUETAS 30KG            ,BULTO          ,1,128000.0,0,128000,1,22222222,502,502,502,MASCOTAS                                ,Boyaca,Sogamoso,2025-Abril,$100K-$250K,4
2025,Abril,22222222,50207,SUPERCAN CROQUETAS 4K*5            ,BOLSA          ,4,20750.0,0,83000,3,22222222,502,502,502,MASCOTAS                                ,Boyaca,Sogamoso,2025-Abril,$50K-$100K,4
2025,Abril,22222222,50218,SUPERCAT DELI CARNE 8KG            ,BULTO          ,1,70000.0,0,70000,1,22222222,502,502,502,MASCOTAS                                ,Boyaca,Sogamoso,2025-Abril,$50K-$100K,4
2025,Abril,22222222,60108,CANBEST TOTAL JERINGA X 5ML        ,JERINGA        ,2,12000.0,0,24000,1,22222222,601,601,610,DROGA VETERINARIA                       ,Boyaca,Sogamoso,2025-Abril,<$50K,4
2025,Abril,22222222,60126,POMADA BETA-BEST POTE X 220G       ,POTE           ,10,34000.0,0,340000,1,22222222,601,601,610,DROGA VETERINARIA                       ,Boyaca,Sogamoso,2025-Abril,$250K-$500K,4
2025,Abril,22222222,60134,TONI-CALL B12 INYEC FRASCO X 100ML ,FRASCO         ,1,45000.0,0,45000,1,22222222,601,601,610,DROGA VETERINARIA                       ,Boyaca,Sogamoso,2025-Abril,<$50K,4
2025,Abril,22222222,60200,CEFEXIN 20% SOBRE X 30G            ,SOBRE          ,4,5500.0,0,22000,1,22222222,602,602,610,DROGA VETERINARIA                       ,Boyaca,Sogamoso,2025-Abril,<$50K,4
2025,Abril,22222222,60210,PAREDON 15% X 120ML                ,FRASCO         ,1,54000.0,0,54000,1,22222222,602,602,610,DROGA VETERINARIA                       ,Boyaca,Sogamoso,2025-Abril,$50K-$100K,4
2025,Abril,22222222,60504,SAL 11% X 40KG                     ,BOLSA          ,1,76000.0,0,76000,1,22222222,605,605,605,SALES                                   ,Boyaca,Sogamoso,2025-Abril,$50K-$100K,4
2025,Abril,22222222,60507,SAL 6% X 40KG                      ,BOLSA          ,3,66000.0,0,198000,3,22222222,605,605,605,SALES                                   ,Boyaca,Sogamoso,2025-Abril,$100K-$250K,4
2025,Abril,22222222,60700,MAIZ NACIONAL X50KG                ,BULTO          ,13,80769.23,0,1050000,11,22222222,607,607,607,MAIZ                                    ,Boyaca,Sogamoso,2025-Abril,>$1M,4
2025,Abril,22222222,60701,MAIZ NACIONAL @                    ,BOLSA          ,3,26666.67,0,80000,3,22222222,607,607,607,MAIZ                                    ,Boyaca,Sogamoso,2025-Abril,$50K-$100K,4
2025,Abril,22222222,60702,MAIZ PARTIDO NACIONAL @            ,BOLSA          ,1,25000.0,0,25000,1,22222222,607,607,607,MAIZ                                    ,Boyaca,Sogamoso,2025-Abril,<$50K,4
2025,Abril,22222222,60703,MAIZ PARTIDO NACIONAL X 40KG       ,BULTO          ,2,73000.0,0,146000,2,22222222,607,607,607,MAIZ                                    ,Boyaca,Sogamoso,2025-Abril,$100K-$250K,4
2025,Abril,22222222,60810,DONKAT GATOS ADULTOS X 7KG         ,BULTO          ,6,56833.33,0,341000,6,22222222,608,608,608,MASCOTAS                                ,Boyaca,Sogamoso,2025-Abril,$250K-$500K,4
2025,Abril,22222222,60822,"MONELLO CAT SALMON, ATUN, POLLO X 7",BULTO          ,1,125000.0,0,125000,1,22222222,608,608,608,MASCOTAS                                ,Boyaca,Sogamoso,2025-Abril,$100K-$250K,4
2025,Abril,22222222,60825,MONELLO CACHORRO X1KG              ,BOLSA          ,1,17000.0,0,17000,1,22222222,608,608,608,MASCOTAS                                ,Boyaca,Sogamoso,2025-Abril,<$50K,4
2025,Abril,22222222,60828,MONELLO RAZA PEQUEÑA X 7KG         ,BULTO          ,3,98000.0,0,294000,3,22222222,608,608,608,MASCOTAS                                ,Boyaca,Sogamoso,2025-Abril,$250K-$500K,4
2025,Abril,22222222,60881,CHUNKY ADULTO X 9KG                ,BULTO          ,2,69500.0,0,139000,2,22222222,608,608,608,MASCOTAS                                ,Boyaca,Sogamoso,2025-Abril,$100K-$250K,4
2025,Abril,22222222,60884,CHUNKY CACHORRO X 18KG             ,BULTO          ,2,154000.0,0,308000,2,22222222,608,608,608,MASCOTAS                                ,Boyaca,Sogamoso,2025-Abril,$250K-$500K,4
2025,Abril,22222222,61012,RATION SOBRE                       ,SOBRE          ,6,5000.0,0,30000,1,22222222,610,610,610,DROGA VETERINARIA                       ,Boyaca,Sogamoso,2025-Abril,<$50K,4
2025,Abril,22222222,61085,MELAZA X 30KG                      ,BULTO          ,3,44000.0,0,132000,3,22222222,610,610,610,DROGA VETERINARIA                       ,Boyaca,Sogamoso,2025-Abril,$100K-$250K,4
2025,Abril,22222222,61095,PALMERA GEL                        ,JERINGA        ,6,17000.0,0,102000,2,22222222,610,610,610,DROGA VETERINARIA                       ,Boyaca,Sogamoso,2025-Abril,$100K-$250K,4
2025,Abril,22222222,61096,CABANOS PERROS                     ,UNIDAD         ,2,14000.0,0,28000,1,22222222,610,610,610,DROGA VETERINARIA                       ,Boyaca,Sogamoso,2025-Abril,<$50K,4
2025,Abril,22222222,61098,VERMICERDOS SOBRE                  ,SOBRE          ,3,3000.0,0,9000,1,22222222,610,610,610,DROGA VETERINARIA                       ,Boyaca,Sogamoso,2025-Abril,<$50K,4
2025,Abril,22222222,61126,OXITETRACICLINA 50mg x100ML        ,FRASCO         ,1,13000.0,0,13000,1,22222222,611,611,611,DROGA VETERINARIA                       ,Boyaca,Sogamoso,2025-Abril,<$50K,4
2025,Abril,22222222,61167,CURAGAN AEROSOL X375ML             ,FRASCO         ,1,40000.0,0,40000,1,22222222,611,611,611,DROGA VETERINARIA                       ,Boyaca,Sogamoso,2025-Abril,<$50K,4
2025,Abril,22222222,61200,CHUNKY ADULTOS 25KG                ,BULTO          ,2,165000.0,0,330000,2,22222222,612,612,612,MASCOTAS                                ,Boyaca,Sogamoso,2025-Abril,$250K-$500K,4
2025,Abril,22222222,61201,ITALCAN CARNE Y VERD 25KG          ,BULTO          ,5,119600.0,0,598000,4,22222222,612,612,612,MASCOTAS                                ,Boyaca,Sogamoso,2025-Abril,$500K-$1M,4
2025,Abril,22222222,61203,ITALCAN PLUS POLLO Y ARROZ 25KG    ,BULTO          ,1,120000.0,0,120000,1,22222222,612,612,612,MASCOTAS                                ,Boyaca,Sogamoso,2025-Abril,$100K-$250K,4
2025,Abril,22222222,61205,AGILITY GOLD GRAN CACHORROS 15KG   ,BULTO          ,2,163000.0,0,326000,2,22222222,612,612,612,MASCOTAS                                ,Boyaca,Sogamoso,2025-Abril,$250K-$500K,4
2025,Abril,22222222,61206,CHUNKY ADULTO RAZAS PEQUEÑAS 8KG   ,BULTO          ,1,68000.0,0,68000,1,22222222,612,612,612,MASCOTAS                                ,Boyaca,Sogamoso,2025-Abril,$50K-$100K,4
2025,Abril,22222222,61208,CHUNKY ADULTO CORDERO 1.5KG        ,BOLSA          ,1,17000.0,0,17000,1,22222222,612,612,612,MASCOTAS                                ,Boyaca,Sogamoso,2025-Abril,<$50K,4
2025,Abril,22222222,61212,CHUNKY CACHORRO X500G              ,BOLSA          ,1,5500.0,0,5500,1,22222222,612,612,612,MASCOTAS                                ,Boyaca,Sogamoso,2025-Abril,<$50K,4
2025,Abril,22222222,61214,CHUNKY GATOS POLLO 8KG             ,BULTO          ,1,98000.0,0,98000,1,22222222,612,612,612,MASCOTAS                                ,Boyaca,Sogamoso,2025-Abril,$50K-$100K,4
2025,Abril,22222222,61218,MONELLO TRADICIONAL 25KG           ,BULTO          ,5,266000.0,0,1330000,2,22222222,612,612,612,MASCOTAS                                ,Boyaca,Sogamoso,2025-Abril,>$1M,4
2025,Abril,22222222,61221,NUTRION ADULTO 30KG                ,BULTO          ,3,147000.0,0,441000,3,22222222,612,612,612,MASCOTAS                                ,Boyaca,Sogamoso,2025-Abril,$250K-$500K,4
2025,Abril,22222222,61229,DONKAT ADULTO X1KG                 ,BOLSA          ,7,12000.0,0,84000,7,22222222,612,612,612,MASCOTAS                                ,Boyaca,Sogamoso,2025-Abril,$50K-$100K,4
2025,Abril,22222222,61258,NETECAN JERINGA X5ML               ,JERINGA        ,1,12000.0,0,12000,1,22222222,612,612,612,MASCOTAS                                ,Boyaca,Sogamoso,2025-Abril,<$50K,4
2025,Abril,22222222,61280,AGILITY GOLD GRAN ADULT 15 KG      ,BULTO          ,1,255000.0,0,255000,1,22222222,612,612,612,MASCOTAS                                ,Boyaca,Sogamoso,2025-Abril,$250K-$500K,4
2025,Abril,22222222,61282,CHUNKY CORDERO 12 KG               ,UNIDAD         ,1,35000.0,0,35000,1,22222222,612,612,612,MASCOTAS                                ,Boyaca,Sogamoso,2025-Abril,<$50K,4
2025,Abril,22222222,61288,AGILITY GOLD GRAN ADULTOS 1.5KG    ,0              ,2,57000.0,0,114000,2,22222222,612,612,612,MASCOTAS                                ,Boyaca,Sogamoso,2025-Abril,$100K-$250K,4
2025,Abril,22222222,61302,CREDELIO                           ,PASTA          ,3,28000.0,0,84000,1,22222222,613,613,613,MASCOTAS                                ,Boyaca,Sogamoso,2025-Abril,$50K-$100K,4
2025,Abril,24113253,30118,NUTRECAN SENIOR 8KG                ,BULTO          ,1,88000.0,0,88000,1,24113253,301,301,108,MASCOTAS                                ,Boyaca,Sogamoso,2025-Abril,$50K-$100K,4
2025,Abril,33448889,10506,CONTELAC 18%                       ,BULTO          ,1,75000.0,0,75000,1,33448889,105,105,105,GANADERIA                               ,Boyaca,Sogamoso,2025-Abril,$50K-$100K,4
2025,Abril,33448889,10833,FILPO ADULTO 30KG                  ,BULTO          ,1,100000.0,0,100000,1,33448889,108,108,108,MASCOTAS                                ,Boyaca,Sogamoso,2025-Abril,$50K-$100K,4
2025,Abril,33448889,20203,SUPER HUEVO PREPICO 100            ,BULTO          ,4,88000.0,0,352000,1,33448889,202,202,101,AVICULTURA                              ,Boyaca,Sogamoso,2025-Abril,$250K-$500K,4
2025,Abril,33448889,60701,MAIZ NACIONAL @                    ,BOLSA          ,1,74000.0,0,74000,1,33448889,607,607,607,MAIZ                                    ,Boyaca,Sogamoso,2025-Abril,$50K-$100K,4
2025,Abril,40024449,10833,FILPO ADULTO 30KG                  ,BULTO          ,1,100000.0,0,100000,1,40024449,108,108,108,MASCOTAS                                ,Boyaca,Sogamoso,2025-Abril,$50K-$100K,4
2025,Abril,46360295,10829,RINGO CROQUETAS 30KG               ,BULTO          ,1,89000.0,0,89000,1,46360295,108,108,108,MASCOTAS                                ,Boyaca,Sogamoso,2025-Abril,$50K-$100K,4
2025,Abril,46376488,10123,PONEDORA EXTRA I C                 ,BULTO          ,2,84000.0,0,168000,2,46376488,101,101,101,AVICULTURA                              ,Boyaca,Sogamoso,2025-Abril,$100K-$250K,4
2025,Abril,46383319,10123,PONEDORA EXTRA I C                 ,BULTO          ,1,84000.0,0,84000,1,46383319,101,101,101,AVICULTURA                              ,Boyaca,Sogamoso,2025-Abril,$50K-$100K,4
2025,Abril,74080111,10824,RINGO PREMIUM 30KG                 ,BULTO          ,1,190000.0,0,190000,1,74080111,108,108,108,MASCOTAS                                ,Boyaca,Sogamoso,2025-Abril,$100K-$250K,4
2025,Abril,74081683,10829,RINGO CROQUETAS 30KG               ,BULTO          ,1,125000.0,0,125000,1,74081683,108,108,108,MASCOTAS                                ,Boyaca,Nobsa,2025-Abril,$100K-$250K,4
2025,Abril,74081683,30115,NUTRECAN LIGHT 8KG                 ,BULTO          ,1,109000.0,0,109000,1,74081683,301,301,108,MASCOTAS                                ,Boyaca,Nobsa,2025-Abril,$100K-$250K,4
2025,Abril,74083883,10304,"MAXI TRUCHAS 45 SP 1,8 E           ",BULTO          ,4,217500.0,0,870000,2,74083883,103,103,103,ACUACULTURA                             ,Boyaca,Corrales,2025-Abril,$500K-$1M,4
2025,Abril,74083883,10505,CONTELAC 16%                       ,BULTO          ,2,70000.0,0,140000,1,74083883,105,105,105,GANADERIA                               ,Boyaca,Corrales,2025-Abril,$100K-$250K,4
2025,Abril,74083883,10833,FILPO ADULTO 30KG                  ,BULTO          ,3,103333.33,0,310000,2,74083883,108,108,108,MASCOTAS                                ,Boyaca,Corrales,2025-Abril,$250K-$500K,4
2025,Abril,74083883,20707,TRUCHA FINALIZACION 40             ,BULTO          ,30,212266.67,0,6368000,4,74083883,207,207,207,ACUACULTURA                             ,Boyaca,Corrales,2025-Abril,>$1M,4
2025,Abril,74083883,60510,SAL 2% X 1KG*50                    ,BOLSA          ,2,18000.0,0,36000,1,74083883,605,605,605,SALES                                   ,Boyaca,Corrales,2025-Abril,<$50K,4
2025,Abril,74181266,10203,MAXI LECHONES   R                  ,BULTO          ,1,98000.0,0,98000,1,74181266,102,102,102,PORCICULTURA                            ,Boyaca,Sogamoso,2025-Abril,$50K-$100K,4
2025,Abril,74181266,10204,MAXI LECHONES                      ,BULTO          ,3,100000.0,0,300000,3,74181266,102,102,102,PORCICULTURA                            ,Boyaca,Sogamoso,2025-Abril,$250K-$500K,4
2025,Abril,74186654,10108,MAXI BROILER P                     ,BULTO          ,1,112000.0,0,112000,1,74186654,101,101,101,AVICULTURA                              ,Boyaca,Nobsa,2025-Abril,$100K-$250K,4
2025,Abril,74186966,61020,OXITETRAXICICLINA MK  200mg X 100ML,FRASCO         ,1,93000.0,0,93000,1,74186966,610,610,610,DROGA VETERINARIA                       ,Boyaca,Sogamoso,2025-Abril,$50K-$100K,4
2025,Abril,74188527,10123,PONEDORA EXTRA I C                 ,BULTO          ,4,84000.0,0,336000,2,74188527,101,101,101,AVICULTURA                              ,Boyaca,Sogamoso,2025-Abril,$250K-$500K,4
2025,Abril,74188527,30411,PONEDORAS I H                      ,BULTO          ,3,84000.0,0,252000,1,74188527,304,304,304,AVICULTURA                              ,Boyaca,Sogamoso,2025-Abril,$250K-$500K,4
2025,Abril,74188527,60506,SAL 6% X 1KG*50                    ,BOLSA          ,2,12000.0,0,24000,1,74188527,605,605,605,SALES                                   ,Boyaca,Sogamoso,2025-Abril,<$50K,4
2025,Abril,74389624,10829,RINGO CROQUETAS 30KG               ,BULTO          ,1,125000.0,0,125000,1,74389624,108,108,108,MASCOTAS                                ,Boyaca,Socota,2025-Abril,$100K-$250K,4
2025,Abril,800112602,20606,FURIA TOTAL                        ,BULTO          ,1,65000.0,0,65000,1,800112602,206,206,206,EQUINOS                                 ,Boyaca,Sogamoso,2025-Abril,$50K-$100K,4
2025,Abril,826002633,10833,FILPO ADULTO 30KG                  ,BULTO          ,1,100000.0,0,100000,1,826002633,108,108,108,MASCOTAS                                ,Boyaca,Sogamoso,2025-Abril,$50K-$100K,4
2025,Abril,826002633,10844,MIRRINGO 1KG*20                    ,BOLSA          ,1,9500.0,0,9500,1,826002633,108,108,108,MASCOTAS                                ,Boyaca,Sogamoso,2025-Abril,<$50K,4
2025,Abril,826002633,30108,NUTRECAN ADULTOS RM Y RG 2K*8      ,BOLSA          ,1,23000.0,0,23000,1,826002633,301,301,108,MASCOTAS                                ,Boyaca,Sogamoso,2025-Abril,<$50K,4
2025,Abril,860006745,30127,NUTRECAN CROQUETAS ADULTOS 25KG    ,BULTO          ,5,166000.0,0,830000,1,860006745,301,301,108,MASCOTAS                                ,Bogota DC,Bogota,2025-Abril,$500K-$1M,4
2025,Abril,860006745,61201,ITALCAN CARNE Y VERD 25KG          ,BULTO          ,5,123000.0,0,615000,1,860006745,612,612,612,MASCOTAS                                ,Bogota DC,Bogota,2025-Abril,$500K-$1M,4
2025,Abril,900147227,10501,NOVILLONAS                         ,BULTO          ,2,74000.0,0,148000,1,900147227,105,105,105,GANADERIA                               ,Boyaca,Sogamoso,2025-Abril,$100K-$250K,4
2025,Abril,900540120,10829,RINGO CROQUETAS 30KG               ,BULTO          ,1,125000.0,0,125000,1,900540120,108,108,108,MASCOTAS                                ,Boyaca,Sogamoso,2025-Abril,$100K-$250K,4
2025,Abril,900540120,60702,MAIZ PARTIDO NACIONAL @            ,BOLSA          ,1,83000.0,0,83000,1,900540120,607,607,607,MAIZ                                    ,Boyaca,Sogamoso,2025-Abril,$50K-$100K,4
2025,Abril,901001654,10120,MAXI HUEVO H                       ,BULTO          ,1,87000.0,0,87000,1,901001654,101,101,101,AVICULTURA                              ,Boyaca,Sogamoso,2025-Abril,$50K-$100K,4
2025,Abril,901001654,10121,MAXI HUEVO C                       ,BULTO          ,4,87000.0,0,348000,2,901001654,101,101,101,AVICULTURA                              ,Boyaca,Sogamoso,2025-Abril,$250K-$500K,4
2025,Abril,901206877,10402,CINTA AZUL  ADULTOS                ,BULTO          ,1,87000.0,0,87000,1,901206877,104,104,104,EQUINOS                                 ,Boyaca,Sogamoso,2025-Abril,$50K-$100K,4
2025,Abril,901206877,10829,RINGO CROQUETAS 30KG               ,BULTO          ,2,125000.0,0,250000,1,901206877,108,108,108,MASCOTAS                                ,Boyaca,Sogamoso,2025-Abril,$100K-$250K,4
2025,Abril,901206877,61280,AGILITY GOLD GRAN ADULT 15 KG      ,BULTO          ,1,36000.0,0,36000,1,901206877,612,612,612,MASCOTAS                                ,Boyaca,Sogamoso,2025-Abril,<$50K,4
2025,Abril,901283723,10819,RINGO CACHORROS 30KG               ,BULTO          ,1,125000.0,0,125000,1,901283723,108,108,108,MASCOTAS                                ,Boyaca,Sogamoso,2025-Abril,$100K-$250K,4
2025,Abril,901591495,10701,CONEJOS                            ,BULTO          ,5,90000.0,0,450000,2,901591495,107,107,107,CONEJOS                                 ,Boyaca,Sogamoso,2025-Abril,$250K-$500K,4
2025,Abril,901624523,20305,CERDA GESTACION NARANJA            ,BULTO          ,15,88000.0,0,1320000,1,901624523,203,203,203,PORCICULTURA                            ,Boyaca,Tunja,2025-Abril,>$1M,4
2025,Abril,901728676,10821,RINGO PREMIUM 20KG                 ,BULTO          ,2,107000.0,0,214000,2,901728676,108,108,108,MASCOTAS                                ,Boyaca,Sogamoso,2025-Abril,$100K-$250K,4
2025,Abril,901728676,10826,RINGO CROQUETAS 20KG               ,BULTO          ,2,164000.0,0,328000,1,901728676,108,108,108,MASCOTAS                                ,Boyaca,Sogamoso,2025-Abril,$250K-$500K,4
2025,Abril,901728676,30127,NUTRECAN CROQUETAS ADULTOS 25KG    ,BULTO          ,2,164000.0,0,328000,1,901728676,301,301,108,MASCOTAS                                ,Boyaca,Sogamoso,2025-Abril,$250K-$500K,4
2025,Abril,901728676,61282,CHUNKY CORDERO 12 KG               ,UNIDAD         ,4,149000.0,0,596000,2,901728676,612,612,612,MASCOTAS                                ,Boyaca,Sogamoso,2025-Abril,$500K-$1M,4
2025,Abril,901807634,10116,POLLO CAMPESINO P                  ,BULTO          ,1,88000.0,0,88000,1,901807634,101,101,101,AVICULTURA                              ,Boyaca,Sogamoso,2025-Abril,$50K-$100K,4
2025,Abril,901858234,10400,POTROS  CINTA AZUL                 ,BULTO          ,2,74000.0,0,148000,1,901858234,104,104,104,EQUINOS                                 ,Boyaca,Sogamoso,2025-Abril,$100K-$250K,4
2025,Abril,901858234,20600,EQUINOS                            ,BULTO          ,1,74000.0,0,74000,1,901858234,206,206,206,EQUINOS                                 ,Boyaca,Sogamoso,2025-Abril,$50K-$100K,4
2025,Abril,901858234,20607,MULTIFORRAJE EQUINO                ,BULTO          ,3,67000.0,0,201000,2,901858234,206,206,206,EQUINOS                                 ,Boyaca,Sogamoso,2025-Abril,$100K-$250K,4
2025,Abril,1007382853,10824,RINGO PREMIUM 30KG                 ,BULTO          ,1,160000.0,0,160000,1,1007382853,108,108,108,MASCOTAS                                ,Boyaca,Sogamoso,2025-Abril,$100K-$250K,4
2025,Abril,1052383026,10824,RINGO PREMIUM 30KG                 ,BULTO          ,1,152000.0,0,152000,1,1052383026,108,108,108,MASCOTAS                                ,Boyaca,Sogamoso,2025-Abril,$100K-$250K,4
2025,Abril,1057578112,10824,RINGO PREMIUM 30KG                 ,BULTO          ,1,152000.0,0,152000,1,1057578112,108,108,108,MASCOTAS                                ,Boyaca,Sogamoso,2025-Abril,$100K-$250K,4
2025,Abril,1057578112,10833,FILPO ADULTO 30KG                  ,BULTO          ,1,100000.0,0,100000,1,1057578112,108,108,108,MASCOTAS                                ,Boyaca,Sogamoso,2025-Abril,$50K-$100K,4
2025,Abril,1057578112,60305,CEPILLO DOBLE PLASTICO             ,UNIDAD         ,1,12000.0,0,12000,1,1057578112,603,603,108,MASCOTAS                                ,Boyaca,Sogamoso,2025-Abril,<$50K,4
2025,Abril,1057578112,61281,CHUNKY CORDERO 4 KG                ,UNIDAD         ,1,35000.0,0,35000,1,1057578112,612,612,612,MASCOTAS                                ,Boyaca,Sogamoso,2025-Abril,<$50K,4
2025,Abril,1057579440,10100,PREINICIACION POLLITOS             ,BULTO          ,5,2800.0,0,14000,1,1057579440,101,101,101,AVICULTURA                              ,Boyaca,Sogamoso,2025-Abril,<$50K,4
2025,Abril,1057579440,10107,MAXI BROILER C.                    ,BULTO          ,1,112000.0,0,112000,1,1057579440,101,101,101,AVICULTURA                              ,Boyaca,Sogamoso,2025-Abril,$100K-$250K,4
2025,Abril,1057579440,10306,TRUCHAS 40 CP E                    ,BULTO          ,1,213000.0,0,213000,1,1057579440,103,103,103,ACUACULTURA                             ,Boyaca,Sogamoso,2025-Abril,$100K-$250K,4
2025,Abril,1057579440,10516,MAXI SAL 11% H                     ,BULTO          ,1,70000.0,0,70000,1,1057579440,105,105,105,GANADERIA                               ,Boyaca,Sogamoso,2025-Abril,$50K-$100K,4
2025,Abril,1057579440,20105,SUPER POLLO ENGORDE 5K*4           ,BOLSA          ,1,36000.0,0,36000,1,1057579440,201,201,101,AVICULTURA                              ,Boyaca,Sogamoso,2025-Abril,<$50K,4
2025,Abril,1057579440,20203,SUPER HUEVO PREPICO 100            ,BULTO          ,6,87833.33,0,527000,4,1057579440,202,202,101,AVICULTURA                              ,Boyaca,Sogamoso,2025-Abril,$500K-$1M,4
2025,Abril,1057579440,20303,CERDO ENGORDE NARANJA              ,BULTO          ,1,94000.0,0,94000,1,1057579440,203,203,203,PORCICULTURA                            ,Boyaca,Sogamoso,2025-Abril,$50K-$100K,4
2025,Abril,1057579440,20308,CERDO ENGORDE                      ,BULTO          ,1,94000.0,0,94000,1,1057579440,203,203,203,PORCICULTURA                            ,Boyaca,Sogamoso,2025-Abril,$50K-$100K,4
2025,Abril,1057579440,20503,CREMOSA                            ,BULTO          ,1,65000.0,0,65000,1,1057579440,205,205,205,GANADERIA                               ,Boyaca,Sogamoso,2025-Abril,$50K-$100K,4
2025,Abril,1057579440,20505,ITAL LECHE PELLET                  ,BULTO          ,7,60000.0,0,420000,4,1057579440,205,205,205,GANADERIA                               ,Boyaca,Sogamoso,2025-Abril,$250K-$500K,4
2025,Abril,1057579440,20706,TRUCHA LEVANTE 40                  ,BULTO          ,1,199000.0,0,199000,1,1057579440,207,207,207,ACUACULTURA                             ,Boyaca,Sogamoso,2025-Abril,$100K-$250K,4
2025,Abril,1057579440,30612,CREMALECHE                         ,BULTO          ,3,73000.0,0,219000,2,1057579440,306,306,306,GANADERIA                               ,Boyaca,Sogamoso,2025-Abril,$100K-$250K,4
2025,Abril,1057579440,60204,FULMINADO 20.8% X 100ML            ,FRASCO         ,1,40000.0,0,40000,1,1057579440,602,602,610,DROGA VETERINARIA                       ,Boyaca,Sogamoso,2025-Abril,<$50K,4
2025,Abril,1057579440,60701,MAIZ NACIONAL @                    ,BOLSA          ,1,25000.0,0,25000,1,1057579440,607,607,607,MAIZ                                    ,Boyaca,Sogamoso,2025-Abril,<$50K,4
2025,Abril,1057579440,61084,MELAZA GARRAFA X 6KG               ,GARRAFA        ,1,15000.0,0,15000,1,1057579440,610,610,610,DROGA VETERINARIA                       ,Boyaca,Sogamoso,2025-Abril,<$50K,4
2025,Abril,1057596377,10602,FORRAJE GANADERIA H TULIPAN        ,BULTO          ,1,62000.0,0,62000,1,1057596377,106,106,105,GANADERIA                               ,Boyaca,Sogamoso,2025-Abril,$50K-$100K,4
2025,Abril,1057596377,10701,CONEJOS                            ,BULTO          ,3,93333.33,0,280000,3,1057596377,107,107,107,CONEJOS                                 ,Boyaca,Sogamoso,2025-Abril,$250K-$500K,4
2025,Abril,1057596377,20308,CERDO ENGORDE                      ,BULTO          ,1,75000.0,0,75000,1,1057596377,203,203,203,PORCICULTURA                            ,Boyaca,Sogamoso,2025-Abril,$50K-$100K,4
2025,Abril,1057596377,50201,RAZA PERROS 30KG                   ,BULTO          ,1,111000.0,0,111000,1,1057596377,502,502,502,MASCOTAS                                ,Boyaca,Sogamoso,2025-Abril,$100K-$250K,4
2025,Abril,1057596377,60701,MAIZ NACIONAL @                    ,BOLSA          ,1,73000.0,0,73000,1,1057596377,607,607,607,MAIZ                                    ,Boyaca,Sogamoso,2025-Abril,$50K-$100K,4
2025,Abril,1057603666,60828,MONELLO RAZA PEQUEÑA X 7KG         ,BULTO          ,1,98000.0,0,98000,1,1057603666,608,608,608,MASCOTAS                                ,Boyaca,Iza,2025-Abril,$50K-$100K,4
2025,Abril,8260002612,10506,CONTELAC 18%                       ,BULTO          ,1,75000.0,0,75000,1,8260002612,105,105,105,GANADERIA                               ,Boyaca,Sogamoso,2025-Abril,$50K-$100K,4
2025,Abril,8260002612,10829,RINGO CROQUETAS 30KG               ,BULTO          ,1,125000.0,0,125000,1,8260002612,108,108,108,MASCOTAS                                ,Boyaca,Sogamoso,2025-Abril,$100K-$250K,4
2025,Abril,9127218,10204,MAXI LECHONES                      ,BULTO          ,2,98000.0,0,196000,1,9127218,102,102,102,PORCICULTURA                            ,Boyaca,Sogamoso,2025-Abril,$100K-$250K,4
2025,Abril,9127218,10214,MAXI CERDAS LACTANCIA              ,BULTO          ,2,85000.0,0,170000,1,9127218,102,102,102,PORCICULTURA                            ,Boyaca,Sogamoso,2025-Abril,$100K-$250K,4
2025,Abril,9127218,10504,CONTELAC 14%                       ,BULTO          ,1,70000.0,0,70000,1,9127218,105,105,105,GANADERIA                               ,Boyaca,Sogamoso,2025-Abril,$50K-$100K,4
2025,Abril,9127218,10829,RINGO CROQUETAS 30KG               ,BULTO          ,1,125000.0,0,125000,1,9127218,108,108,108,MASCOTAS                                ,Boyaca,Sogamoso,2025-Abril,$100K-$250K,4
2025,Abril,9127218,10833,FILPO ADULTO 30KG                  ,BULTO          ,1,100000.0,0,100000,1,9127218,108,108,108,MASCOTAS                                ,Boyaca,Sogamoso,2025-Abril,$50K-$100K,4
2025,Abril,9127218,20308,CERDO ENGORDE                      ,BULTO          ,2,75000.0,0,150000,1,9127218,203,203,203,PORCICULTURA                            ,Boyaca,Sogamoso,2025-Abril,$100K-$250K,4
2025,Abril,9127218,20505,ITAL LECHE PELLET                  ,BULTO          ,2,60000.0,0,120000,1,9127218,205,205,205,GANADERIA                               ,Boyaca,Sogamoso,2025-Abril,$100K-$250K,4
2025,Abril,9127218,20707,TRUCHA FINALIZACION 40             ,BULTO          ,15,212000.0,0,3180000,1,9127218,207,207,207,ACUACULTURA                             ,Boyaca,Sogamoso,2025-Abril,>$1M,4
2025,Abril,9127218,60700,MAIZ NACIONAL X50KG                ,BULTO          ,2,83000.0,0,166000,1,9127218,607,607,607,MAIZ                                    ,Boyaca,Sogamoso,2025-Abril,$100K-$250K,4
2025,Abril,9127218,61221,NUTRION ADULTO 30KG                ,BULTO          ,1,157000.0,0,157000,1,9127218,612,612,612,MASCOTAS                                ,Boyaca,Sogamoso,2025-Abril,$100K-$250K,4
2024,Noviembre,2881484,30114,NUTRECAN LIGHT 2K*8                ,BOLSA          ,1,28000.0,0,28000,1,2881484,301,301,108,MASCOTAS                                ,Boyaca,Sogamoso,2024-Noviembre,<$50K,11
2024,Noviembre,2881484,60883,CHUNKY CACHORRO X 9KG              ,BULTO          ,1,78000.0,0,78000,1,2881484,608,608,608,MASCOTAS                                ,Boyaca,Sogamoso,2024-Noviembre,$50K-$100K,11
2024,Noviembre,4117002,10200,PREINICIACION CERDOS FASE I        ,BULTO          ,1,162000.0,0,162000,1,4117002,102,102,102,PORCICULTURA                            ,Boyaca,Firavitoba,2024-Noviembre,$100K-$250K,11
2024,Noviembre,4117002,10202,INICIACION CERDOS                  ,BULTO          ,5,115000.0,0,575000,1,4117002,102,102,102,PORCICULTURA                            ,Boyaca,Firavitoba,2024-Noviembre,$500K-$1M,11
2024,Noviembre,4117002,10203,MAXI LECHONES   R                  ,BULTO          ,17,95000.0,0,1615000,1,4117002,102,102,102,PORCICULTURA                            ,Boyaca,Firavitoba,2024-Noviembre,>$1M,11
2024,Noviembre,4117002,10207,MAXI CERDOS FINALIZADOR            ,BULTO          ,7,93000.0,0,651000,1,4117002,102,102,102,PORCICULTURA                            ,Boyaca,Firavitoba,2024-Noviembre,$500K-$1M,11
2024,Noviembre,4117002,10212,MAXI CERDAS GESTACION              ,BULTO          ,13,84000.0,0,1092000,1,4117002,102,102,102,PORCICULTURA                            ,Boyaca,Firavitoba,2024-Noviembre,>$1M,11
2024,Noviembre,4117002,10214,MAXI CERDAS LACTANCIA              ,BULTO          ,10,97000.0,0,970000,1,4117002,102,102,102,PORCICULTURA                            ,Boyaca,Firavitoba,2024-Noviembre,$500K-$1M,11
2024,Noviembre,4119727,20302,CERDO LEVANTE 1 NARANJA            ,BULTO          ,6,90000.0,0,540000,1,4119727,203,203,203,PORCICULTURA                            ,Boyaca,Firavitoba,2024-Noviembre,$500K-$1M,11
2024,Noviembre,4210992,10402,CINTA AZUL  ADULTOS                ,BULTO          ,2,85000.0,0,170000,1,4210992,104,104,104,EQUINOS                                 ,Boyaca,Sogamoso,2024-Noviembre,$100K-$250K,11
2024,Noviembre,4272458,50117,FIBRAMIX PELETIZADO                ,BULTO          ,5,59000.0,0,295000,1,4272458,501,501,105,GANADERIA                               ,Boyaca,Sogamoso,2024-Noviembre,$250K-$500K,11
2024,Noviembre,9127218,10818,RINGO CACHORROS 2K*5               ,BOLSA          ,1,6500.0,0,6500,1,9127218,108,108,108,MASCOTAS                                ,Boyaca,Sogamoso,2024-Noviembre,<$50K,11
2024,Noviembre,9127218,20606,FURIA TOTAL                        ,BULTO          ,1,64000.0,0,64000,1,9127218,206,206,206,EQUINOS                                 ,Boyaca,Sogamoso,2024-Noviembre,$50K-$100K,11
2024,Noviembre,9127218,61201,ITALCAN CARNE Y VERD 25KG          ,BULTO          ,1,95000.0,0,95000,1,9127218,612,612,612,MASCOTAS                                ,Boyaca,Sogamoso,2024-Noviembre,$50K-$100K,11
2024,Noviembre,9395832,10816,RINGO CACHORROS 15KG               ,BULTO          ,1,80000.0,0,80000,1,9395832,108,108,108,MASCOTAS                                ,Boyaca,Sogamoso,2024-Noviembre,$50K-$100K,11
2024,Noviembre,9395832,50201,RAZA PERROS 30KG                   ,BULTO          ,1,105000.0,0,105000,1,9395832,502,502,502,MASCOTAS                                ,Boyaca,Sogamoso,2024-Noviembre,$100K-$250K,11
2024,Noviembre,9396543,10400,POTROS  CINTA AZUL                 ,BULTO          ,1,82000.0,0,82000,1,9396543,104,104,104,EQUINOS                                 ,Boyaca,Sogamoso,2024-Noviembre,$50K-$100K,11
2024,Noviembre,9396543,10403,CORCEL                             ,BULTO          ,1,70000.0,0,70000,1,9396543,104,104,104,EQUINOS                                 ,Boyaca,Sogamoso,2024-Noviembre,$50K-$100K,11
2024,Noviembre,9397589,10212,MAXI CERDAS GESTACION              ,BULTO          ,1,78000.0,0,78000,1,9397589,102,102,102,PORCICULTURA                            ,Boyaca,Sogamoso,2024-Noviembre,$50K-$100K,11
2024,Noviembre,9397589,20302,CERDO LEVANTE 1 NARANJA            ,BULTO          ,14,90571.43,0,1268000,2,9397589,203,203,203,PORCICULTURA                            ,Boyaca,Sogamoso,2024-Noviembre,>$1M,11
2024,Noviembre,9397589,20303,CERDO ENGORDE NARANJA              ,BULTO          ,10,88000.0,0,880000,1,9397589,203,203,203,PORCICULTURA                            ,Boyaca,Sogamoso,2024-Noviembre,$500K-$1M,11
2024,Noviembre,9397589,20304,CERDO FINALIZADOR NARANJA          ,BULTO          ,5,90000.0,0,450000,1,9397589,203,203,203,PORCICULTURA                            ,Boyaca,Sogamoso,2024-Noviembre,$250K-$500K,11
2024,Noviembre,9519166,61203,ITALCAN PLUS POLLO Y ARROZ 25KG    ,BULTO          ,1,95000.0,0,95000,1,9519166,612,612,612,MASCOTAS                                ,Boyaca,Sogamoso,2024-Noviembre,$50K-$100K,11
2024,Noviembre,9524221,10207,MAXI CERDOS FINALIZADOR            ,BULTO          ,1,89000.0,0,89000,1,9524221,102,102,102,PORCICULTURA                            ,Boyaca,Sogamoso,2024-Noviembre,$50K-$100K,11
2024,Noviembre,9524221,10213,CERDAS LACTANCIA PRIMERIZAS        ,BULTO          ,3,87666.67,0,263000,2,9524221,102,102,102,PORCICULTURA                            ,Boyaca,Sogamoso,2024-Noviembre,$250K-$500K,11
2024,Noviembre,9524221,10833,FILPO ADULTO 30KG                  ,BULTO          ,1,105000.0,0,105000,1,9524221,108,108,108,MASCOTAS                                ,Boyaca,Sogamoso,2024-Noviembre,$100K-$250K,11
2024,Noviembre,9524221,10842,MIRRINGO 8KG                       ,BULTO          ,2,67000.0,0,134000,2,9524221,108,108,108,MASCOTAS                                ,Boyaca,Sogamoso,2024-Noviembre,$100K-$250K,11
2024,Noviembre,9524221,20307,CERDO LEVANTE                      ,BULTO          ,2,84000.0,0,168000,1,9524221,203,203,203,PORCICULTURA                            ,Boyaca,Sogamoso,2024-Noviembre,$100K-$250K,11
2024,Noviembre,9524221,20704,MOJARRA 20 EXTR                    ,BULTO          ,1,113000.0,0,113000,1,9524221,207,207,207,ACUACULTURA                             ,Boyaca,Sogamoso,2024-Noviembre,$100K-$250K,11
2024,Noviembre,9527933,30101,NUTRECAN BABIES 2K*8               ,BOLSA          ,1,22000.0,0,22000,1,9527933,301,301,108,MASCOTAS                                ,Boyaca,Sogamoso,2024-Noviembre,<$50K,11
2024,Noviembre,9527933,30122,NUTRECAN CROQUETAS CACHORROS 4K*4  ,BOLSA          ,1,32000.0,0,32000,1,9527933,301,301,108,MASCOTAS                                ,Boyaca,Sogamoso,2024-Noviembre,<$50K,11
2024,Noviembre,9527933,50201,RAZA PERROS 30KG                   ,BULTO          ,3,105000.0,0,315000,3,9527933,502,502,502,MASCOTAS                                ,Boyaca,Sogamoso,2024-Noviembre,$250K-$500K,11
2024,Noviembre,9527933,60810,DONKAT GATOS ADULTOS X 7KG         ,BULTO          ,1,12000.0,0,12000,1,9527933,608,608,608,MASCOTAS                                ,Boyaca,Sogamoso,2024-Noviembre,<$50K,11
2024,Noviembre,9529885,60823,MONELLO DOG RAZAS PEQUEÑAS X 1KG   ,BOLSA          ,1,16000.0,0,16000,1,9529885,608,608,608,MASCOTAS                                ,Boyaca,Sogamoso,2024-Noviembre,<$50K,11
2024,Noviembre,9531884,10829,RINGO CROQUETAS 30KG               ,BULTO          ,1,125000.0,0,125000,1,9531884,108,108,108,MASCOTAS                                ,Boyaca,Sogamoso,2024-Noviembre,$100K-$250K,11
2024,Noviembre,9534538,10202,INICIACION CERDOS                  ,BULTO          ,4,116000.0,0,464000,1,9534538,102,102,102,PORCICULTURA                            ,Boyaca,Sogamoso,2024-Noviembre,$250K-$500K,11
2024,Noviembre,9534538,10203,MAXI LECHONES   R                  ,BULTO          ,20,93750.0,0,1875000,2,9534538,102,102,102,PORCICULTURA                            ,Boyaca,Sogamoso,2024-Noviembre,>$1M,11
2024,Noviembre,9534538,20302,CERDO LEVANTE 1 NARANJA            ,BULTO          ,1,90000.0,0,90000,1,9534538,203,203,203,PORCICULTURA                            ,Boyaca,Sogamoso,2024-Noviembre,$50K-$100K,11
2024,Noviembre,9534538,20304,CERDO FINALIZADOR NARANJA          ,BULTO          ,1,90000.0,0,90000,1,9534538,203,203,203,PORCICULTURA                            ,Boyaca,Sogamoso,2024-Noviembre,$50K-$100K,11
2024,Noviembre,9534538,30507,FINALIZADOR                        ,BULTO          ,2,90000.0,0,180000,1,9534538,305,305,305,PORCICULTURA                            ,Boyaca,Sogamoso,2024-Noviembre,$100K-$250K,11
2024,Noviembre,9534538,61219,MONELLO TRADICIONAL 1KG            ,BOLSA          ,1,25000.0,0,25000,1,9534538,612,612,612,MASCOTAS                                ,Boyaca,Sogamoso,2024-Noviembre,<$50K,11
2024,Noviembre,17037305,10500,TERNERAS LEVANTE                   ,BULTO          ,3,92000.0,0,276000,1,17037305,105,105,105,GANADERIA                               ,Boyaca,Sogamoso,2024-Noviembre,$250K-$500K,11
2024,Noviembre,17037305,10516,MAXI SAL 11% H                     ,BULTO          ,3,77000.0,0,231000,1,17037305,105,105,105,GANADERIA                               ,Boyaca,Sogamoso,2024-Noviembre,$100K-$250K,11
2024,Noviembre,17037305,10833,FILPO ADULTO 30KG                  ,BULTO          ,2,112000.0,0,224000,1,17037305,108,108,108,MASCOTAS                                ,Boyaca,Sogamoso,2024-Noviembre,$100K-$250K,11
2024,Noviembre,17037305,20503,CREMOSA                            ,BULTO          ,14,65000.0,0,910000,1,17037305,205,205,205,GANADERIA                               ,Boyaca,Sogamoso,2024-Noviembre,$500K-$1M,11
2024,Noviembre,22222222,10100,PREINICIACION POLLITOS             ,BULTO          ,1,125000.0,0,125000,1,22222222,101,101,101,AVICULTURA                              ,Boyaca,Sogamoso,2024-Noviembre,$100K-$250K,11
2024,Noviembre,22222222,10101,MAXI POLLITOS H.                   ,BULTO          ,2,88000.0,0,176000,2,22222222,101,101,101,AVICULTURA                              ,Boyaca,Sogamoso,2024-Noviembre,$100K-$250K,11
2024,Noviembre,22222222,10102,MAXI POLLITOS 1K*20                ,BOLSA          ,2,2500.0,0,5000,2,22222222,101,101,101,AVICULTURA                              ,Boyaca,Sogamoso,2024-Noviembre,<$50K,11
2024,Noviembre,22222222,10103,MAXI POLLITOS C.                   ,BULTO          ,61,98491.8,0,6008000,11,22222222,101,101,101,AVICULTURA                              ,Boyaca,Sogamoso,2024-Noviembre,>$1M,11
2024,Noviembre,22222222,10104,POLLITOS INICIACION 1K*20          ,BOLSA          ,2,2500.0,0,5000,1,22222222,101,101,101,AVICULTURA                              ,Boyaca,Sogamoso,2024-Noviembre,<$50K,11
2024,Noviembre,22222222,10105,POLLITOS INICIACION                ,BULTO          ,15,87000.0,0,1305000,1,22222222,101,101,101,AVICULTURA                              ,Boyaca,Sogamoso,2024-Noviembre,>$1M,11
2024,Noviembre,22222222,10106,MAXI BROILER C. 1K*20              ,BOLSA          ,3,41000.0,0,123000,3,22222222,101,101,101,AVICULTURA                              ,Boyaca,Sogamoso,2024-Noviembre,$100K-$250K,11
2024,Noviembre,22222222,10108,MAXI BROILER P                     ,BULTO          ,79,108455.7,0,8568000,25,22222222,101,101,101,AVICULTURA                              ,Boyaca,Sogamoso,2024-Noviembre,>$1M,11
2024,Noviembre,22222222,10109,MAXI BROILER PIGMENTO C            ,BULTO          ,63,109539.68,0,6901000,14,22222222,101,101,101,AVICULTURA                              ,Boyaca,Sogamoso,2024-Noviembre,>$1M,11
2024,Noviembre,22222222,10110,MAXI BROILER PIGMENTO P            ,BULTO          ,1,108000.0,0,108000,1,22222222,101,101,101,AVICULTURA                              ,Boyaca,Sogamoso,2024-Noviembre,$100K-$250K,11
2024,Noviembre,22222222,10112,BROILER P                          ,BULTO          ,23,96956.52,0,2230000,12,22222222,101,101,101,AVICULTURA                              ,Boyaca,Sogamoso,2024-Noviembre,>$1M,11
2024,Noviembre,22222222,10113,POLLO CAMPESINO C 1K*20            ,BOLSA          ,1,42000.0,0,42000,1,22222222,101,101,101,AVICULTURA                              ,Boyaca,Sogamoso,2024-Noviembre,<$50K,11
2024,Noviembre,22222222,10118,POLLAS                             ,BULTO          ,26,89423.08,0,2325000,3,22222222,101,101,101,AVICULTURA                              ,Boyaca,Sogamoso,2024-Noviembre,>$1M,11
2024,Noviembre,22222222,10120,MAXI HUEVO H                       ,BULTO          ,85,84764.71,0,7205000,15,22222222,101,101,101,AVICULTURA                              ,Boyaca,Sogamoso,2024-Noviembre,>$1M,11
2024,Noviembre,22222222,10121,MAXI HUEVO C                       ,BULTO          ,386,88095.85,0,34005000,47,22222222,101,101,101,AVICULTURA                              ,Boyaca,Sogamoso,2024-Noviembre,>$1M,11
2024,Noviembre,22222222,10122,PONEDORA EXTRA I C 1K*20           ,BOLSA          ,1,45000.0,0,45000,1,22222222,101,101,101,AVICULTURA                              ,Boyaca,Sogamoso,2024-Noviembre,<$50K,11
2024,Noviembre,22222222,10123,PONEDORA EXTRA I C                 ,BULTO          ,135,84355.56,0,11388000,20,22222222,101,101,101,AVICULTURA                              ,Boyaca,Sogamoso,2024-Noviembre,>$1M,11
2024,Noviembre,22222222,10127,PONEDORA SUELTA                    ,BULTO          ,1,68000.0,0,68000,1,22222222,101,101,101,AVICULTURA                              ,Boyaca,Sogamoso,2024-Noviembre,$50K-$100K,11
2024,Noviembre,22222222,10133,CODORNICES CONTEGRAL               ,BULTO          ,25,94120.0,0,2353000,9,22222222,101,101,101,AVICULTURA                              ,Boyaca,Sogamoso,2024-Noviembre,>$1M,11
2024,Noviembre,22222222,10201,PREINICIACION CERDOS               ,BULTO          ,18,118833.33,0,2139000,2,22222222,102,102,102,PORCICULTURA                            ,Boyaca,Sogamoso,2024-Noviembre,>$1M,11
2024,Noviembre,22222222,10202,INICIACION CERDOS                  ,BULTO          ,14,103585.71,0,1450200,6,22222222,102,102,102,PORCICULTURA                            ,Boyaca,Sogamoso,2024-Noviembre,>$1M,11
2024,Noviembre,22222222,10204,MAXI LECHONES                      ,BULTO          ,7,94142.86,0,659000,3,22222222,102,102,102,PORCICULTURA                            ,Boyaca,Sogamoso,2024-Noviembre,$500K-$1M,11
2024,Noviembre,22222222,10205,CERDOS LEVANTE                     ,BULTO          ,1,85000.0,0,85000,1,22222222,102,102,102,PORCICULTURA                            ,Boyaca,Sogamoso,2024-Noviembre,$50K-$100K,11
2024,Noviembre,22222222,10207,MAXI CERDOS FINALIZADOR            ,BULTO          ,8,91750.0,0,734000,6,22222222,102,102,102,PORCICULTURA                            ,Boyaca,Sogamoso,2024-Noviembre,$500K-$1M,11
2024,Noviembre,22222222,10209,CERDOS ENGORDE                     ,BULTO          ,5,74000.0,0,370000,4,22222222,102,102,102,PORCICULTURA                            ,Boyaca,Sogamoso,2024-Noviembre,$250K-$500K,11
2024,Noviembre,22222222,10212,MAXI CERDAS GESTACION              ,BULTO          ,41,88073.17,0,3611000,7,22222222,102,102,102,PORCICULTURA                            ,Boyaca,Sogamoso,2024-Noviembre,>$1M,11
2024,Noviembre,22222222,10213,CERDAS LACTANCIA PRIMERIZAS        ,BULTO          ,10,94000.0,0,940000,1,22222222,102,102,102,PORCICULTURA                            ,Boyaca,Sogamoso,2024-Noviembre,$500K-$1M,11
2024,Noviembre,22222222,10214,MAXI CERDAS LACTANCIA              ,BULTO          ,19,94000.0,0,1786000,5,22222222,102,102,102,PORCICULTURA                            ,Boyaca,Sogamoso,2024-Noviembre,>$1M,11
2024,Noviembre,22222222,10301,"MAXI PECES 32 2,5 E                ",BULTO          ,7,135571.43,0,949000,5,22222222,103,103,103,ACUACULTURA                             ,Boyaca,Sogamoso,2024-Noviembre,$500K-$1M,11
2024,Noviembre,22222222,10304,"MAXI TRUCHAS 45 SP 1,8 E           ",BULTO          ,11,211454.55,0,2326000,2,22222222,103,103,103,ACUACULTURA                             ,Boyaca,Sogamoso,2024-Noviembre,>$1M,11
2024,Noviembre,22222222,10305,"MAXI TRUCHAS 45 SP 3,5 E           ",BULTO          ,68,215426.47,0,14649000,8,22222222,103,103,103,ACUACULTURA                             ,Boyaca,Sogamoso,2024-Noviembre,>$1M,11
2024,Noviembre,22222222,10306,TRUCHAS 40 CP E                    ,BULTO          ,62,226387.1,0,14036000,5,22222222,103,103,103,ACUACULTURA                             ,Boyaca,Sogamoso,2024-Noviembre,>$1M,11
2024,Noviembre,22222222,10400,POTROS  CINTA AZUL                 ,BULTO          ,4,87000.0,0,348000,4,22222222,104,104,104,EQUINOS                                 ,Boyaca,Sogamoso,2024-Noviembre,$250K-$500K,11
2024,Noviembre,22222222,10401,YEGUAS                             ,BULTO          ,2,82000.0,0,164000,2,22222222,104,104,104,EQUINOS                                 ,Boyaca,Sogamoso,2024-Noviembre,$100K-$250K,11
2024,Noviembre,22222222,10403,CORCEL                             ,BULTO          ,1,71000.0,0,71000,1,22222222,104,104,104,EQUINOS                                 ,Boyaca,Sogamoso,2024-Noviembre,$50K-$100K,11
2024,Noviembre,22222222,10500,TERNERAS LEVANTE                   ,BULTO          ,35,88742.86,0,3106000,8,22222222,105,105,105,GANADERIA                               ,Boyaca,Sogamoso,2024-Noviembre,>$1M,11
2024,Noviembre,22222222,10501,NOVILLONAS                         ,BULTO          ,65,81476.92,0,5296000,17,22222222,105,105,105,GANADERIA                               ,Boyaca,Sogamoso,2024-Noviembre,>$1M,11
2024,Noviembre,22222222,10504,CONTELAC 14%                       ,BULTO          ,214,73827.1,0,15799000,13,22222222,105,105,105,GANADERIA                               ,Boyaca,Sogamoso,2024-Noviembre,>$1M,11
2024,Noviembre,22222222,10506,CONTELAC 18%                       ,BULTO          ,42,79904.76,0,3356000,9,22222222,105,105,105,GANADERIA                               ,Boyaca,Sogamoso,2024-Noviembre,>$1M,11
2024,Noviembre,22222222,10507,PRELACTANCIA                       ,BULTO          ,7,75428.57,0,528000,6,22222222,105,105,105,GANADERIA                               ,Boyaca,Sogamoso,2024-Noviembre,$500K-$1M,11
2024,Noviembre,22222222,10515,NOVILLOS CEBA P                    ,BULTO          ,21,78428.57,0,1647000,19,22222222,105,105,105,GANADERIA                               ,Boyaca,Sogamoso,2024-Noviembre,>$1M,11
2024,Noviembre,22222222,10518,MAXI SAL 6%  H                     ,BULTO          ,1,66000.0,0,66000,1,22222222,105,105,105,GANADERIA                               ,Boyaca,Sogamoso,2024-Noviembre,$50K-$100K,11
2024,Noviembre,22222222,10602,FORRAJE GANADERIA H TULIPAN        ,BULTO          ,1,58000.0,0,58000,1,22222222,106,106,105,GANADERIA                               ,Boyaca,Sogamoso,2024-Noviembre,$50K-$100K,11
2024,Noviembre,22222222,10603,FORRAJE GANADERIA P TULIPAN        ,BULTO          ,121,64561.98,0,7812000,8,22222222,106,106,105,GANADERIA                               ,Boyaca,Sogamoso,2024-Noviembre,>$1M,11
2024,Noviembre,22222222,10701,CONEJOS                            ,BULTO          ,73,86164.38,0,6290000,37,22222222,107,107,107,CONEJOS                                 ,Boyaca,Sogamoso,2024-Noviembre,>$1M,11
2024,Noviembre,22222222,10806,NUTRISS ADULTOS CARNE Y VEG 20KG   ,BULTO          ,2,116000.0,0,232000,2,22222222,108,108,108,MASCOTAS                                ,Boyaca,Sogamoso,2024-Noviembre,$100K-$250K,11
2024,Noviembre,22222222,10809,NUTRISS ADULTOS CARNE Y VEG  30KG  ,BULTO          ,2,159000.0,0,318000,2,22222222,108,108,108,MASCOTAS                                ,Boyaca,Sogamoso,2024-Noviembre,$250K-$500K,11
2024,Noviembre,22222222,10819,RINGO CACHORROS 30KG               ,BULTO          ,10,150000.0,0,1500000,1,22222222,108,108,108,MASCOTAS                                ,Boyaca,Sogamoso,2024-Noviembre,>$1M,11
2024,Noviembre,22222222,10821,RINGO PREMIUM 20KG                 ,BULTO          ,2,106000.0,0,212000,2,22222222,108,108,108,MASCOTAS                                ,Boyaca,Sogamoso,2024-Noviembre,$100K-$250K,11
2024,Noviembre,22222222,10823,RINGO PREMIUM 2K*5                 ,BOLSA          ,3,12000.0,0,36000,1,22222222,108,108,108,MASCOTAS                                ,Boyaca,Sogamoso,2024-Noviembre,<$50K,11
2024,Noviembre,22222222,10824,RINGO PREMIUM 30KG                 ,BULTO          ,56,154071.43,0,8628000,28,22222222,108,108,108,MASCOTAS                                ,Boyaca,Sogamoso,2024-Noviembre,>$1M,11
2024,Noviembre,22222222,10826,RINGO CROQUETAS 20KG               ,BULTO          ,4,89000.0,0,356000,3,22222222,108,108,108,MASCOTAS                                ,Boyaca,Sogamoso,2024-Noviembre,$250K-$500K,11
2024,Noviembre,22222222,10829,RINGO CROQUETAS 30KG               ,BULTO          ,69,125942.03,0,8690000,38,22222222,108,108,108,MASCOTAS                                ,Boyaca,Sogamoso,2024-Noviembre,>$1M,11
2024,Noviembre,22222222,10830,FILPO CACHORROS 10KG               ,BULTO          ,3,53000.0,0,159000,3,22222222,108,108,108,MASCOTAS                                ,Boyaca,Sogamoso,2024-Noviembre,$100K-$250K,11
2024,Noviembre,22222222,10831,FILPO ADULTO 10KG                  ,BULTO          ,9,42555.56,0,383000,9,22222222,108,108,108,MASCOTAS                                ,Boyaca,Sogamoso,2024-Noviembre,$250K-$500K,11
2024,Noviembre,22222222,10833,FILPO ADULTO 30KG                  ,BULTO          ,70,105028.57,0,7352000,52,22222222,108,108,108,MASCOTAS                                ,Boyaca,Sogamoso,2024-Noviembre,>$1M,11
2024,Noviembre,22222222,10842,MIRRINGO 8KG                       ,BULTO          ,14,66642.86,0,933000,14,22222222,108,108,108,MASCOTAS                                ,Boyaca,Sogamoso,2024-Noviembre,$500K-$1M,11
2024,Noviembre,22222222,10843,MIRRINGO 0.5K*20                   ,BOLSA          ,1,5000.0,0,5000,1,22222222,108,108,108,MASCOTAS                                ,Boyaca,Sogamoso,2024-Noviembre,<$50K,11
2024,Noviembre,22222222,10854,MIRRINGO ARENA 10 KG               ,BOLSA          ,1,52000.0,0,52000,1,22222222,108,108,108,MASCOTAS                                ,Boyaca,Sogamoso,2024-Noviembre,$50K-$100K,11
2024,Noviembre,22222222,20104,SUPER POLLO ENGORDE GRANJA         ,BULTO          ,1,84000.0,0,84000,1,22222222,201,201,101,AVICULTURA                              ,Boyaca,Sogamoso,2024-Noviembre,$50K-$100K,11
2024,Noviembre,22222222,20106,SUPER POLLO ENGORDE DORADO         ,BULTO          ,9,107111.11,0,964000,7,22222222,201,201,101,AVICULTURA                              ,Boyaca,Sogamoso,2024-Noviembre,$500K-$1M,11
2024,Noviembre,22222222,20107,SUPER POLLO ENGORDE DIS            ,BULTO          ,44,94045.45,0,4138000,5,22222222,201,201,101,AVICULTURA                              ,Boyaca,Sogamoso,2024-Noviembre,>$1M,11
2024,Noviembre,22222222,20108,POLLO CRIOLLO P                    ,BULTO          ,8,74250.0,0,594000,7,22222222,201,201,101,AVICULTURA                              ,Boyaca,Sogamoso,2024-Noviembre,$500K-$1M,11
2024,Noviembre,22222222,20109,POLLO CRIOLLO Q                    ,BULTO          ,3,76000.0,0,228000,3,22222222,201,201,101,AVICULTURA                              ,Boyaca,Sogamoso,2024-Noviembre,$100K-$250K,11
2024,Noviembre,22222222,20202,SUPER HUEVO PREPICO                ,BULTO          ,92,85728.26,0,7887000,12,22222222,202,202,101,AVICULTURA                              ,Boyaca,Sogamoso,2024-Noviembre,>$1M,11
2024,Noviembre,22222222,20203,SUPER HUEVO PREPICO 100            ,BULTO          ,521,85359.88,0,44472500,45,22222222,202,202,101,AVICULTURA                              ,Boyaca,Sogamoso,2024-Noviembre,>$1M,11
2024,Noviembre,22222222,20205,PONEDORA CAMPESINA                 ,BULTO          ,4,68500.0,0,274000,4,22222222,202,202,101,AVICULTURA                              ,Boyaca,Sogamoso,2024-Noviembre,$250K-$500K,11
2024,Noviembre,22222222,20301,CERDITOS INICIACION NARANJA        ,BULTO          ,6,115333.33,0,692000,5,22222222,203,203,203,PORCICULTURA                            ,Boyaca,Sogamoso,2024-Noviembre,$500K-$1M,11
2024,Noviembre,22222222,20302,CERDO LEVANTE 1 NARANJA            ,BULTO          ,134,97156.72,0,13019000,31,22222222,203,203,203,PORCICULTURA                            ,Boyaca,Sogamoso,2024-Noviembre,>$1M,11
2024,Noviembre,22222222,20303,CERDO ENGORDE NARANJA              ,BULTO          ,57,88052.63,0,5019000,6,22222222,203,203,203,PORCICULTURA                            ,Boyaca,Sogamoso,2024-Noviembre,>$1M,11
2024,Noviembre,22222222,20304,CERDO FINALIZADOR NARANJA          ,BULTO          ,18,89833.33,0,1617000,4,22222222,203,203,203,PORCICULTURA                            ,Boyaca,Sogamoso,2024-Noviembre,>$1M,11
2024,Noviembre,22222222,20305,CERDA GESTACION NARANJA            ,BULTO          ,28,82107.14,0,2299000,5,22222222,203,203,203,PORCICULTURA                            ,Boyaca,Sogamoso,2024-Noviembre,>$1M,11
2024,Noviembre,22222222,20306,CERDA LACTANCIA NARANJA            ,BULTO          ,8,92375.0,0,739000,4,22222222,203,203,203,PORCICULTURA                            ,Boyaca,Sogamoso,2024-Noviembre,$500K-$1M,11
2024,Noviembre,22222222,20307,CERDO LEVANTE                      ,BULTO          ,184,92679.35,0,17053000,30,22222222,203,203,203,PORCICULTURA                            ,Boyaca,Sogamoso,2024-Noviembre,>$1M,11
2024,Noviembre,22222222,20308,CERDO ENGORDE                      ,BULTO          ,164,81091.46,0,13299000,24,22222222,203,203,203,PORCICULTURA                            ,Boyaca,Sogamoso,2024-Noviembre,>$1M,11
2024,Noviembre,22222222,20503,CREMOSA                            ,BULTO          ,67,63029.85,0,4223000,8,22222222,205,205,205,GANADERIA                               ,Boyaca,Sogamoso,2024-Noviembre,>$1M,11
2024,Noviembre,22222222,20505,ITAL LECHE PELLET                  ,BULTO          ,42,64976.19,0,2729000,12,22222222,205,205,205,GANADERIA                               ,Boyaca,Sogamoso,2024-Noviembre,>$1M,11
2024,Noviembre,22222222,20600,EQUINOS                            ,BULTO          ,35,70000.0,0,2450000,7,22222222,206,206,206,EQUINOS                                 ,Boyaca,Sogamoso,2024-Noviembre,>$1M,11
2024,Noviembre,22222222,20603,BRIO YEGUAS                        ,BULTO          ,2,82000.0,0,164000,2,22222222,206,206,206,EQUINOS                                 ,Boyaca,Sogamoso,2024-Noviembre,$100K-$250K,11
2024,Noviembre,22222222,20604,BRIO POTROS                        ,BULTO          ,1,84000.0,0,84000,1,22222222,206,206,206,EQUINOS                                 ,Boyaca,Sogamoso,2024-Noviembre,$50K-$100K,11
2024,Noviembre,22222222,20606,FURIA TOTAL                        ,BULTO          ,30,63800.0,0,1914000,9,22222222,206,206,206,EQUINOS                                 ,Boyaca,Sogamoso,2024-Noviembre,>$1M,11
2024,Noviembre,22222222,20607,MULTIFORRAJE EQUINO                ,BULTO          ,13,63923.08,0,831000,4,22222222,206,206,206,EQUINOS                                 ,Boyaca,Sogamoso,2024-Noviembre,$500K-$1M,11
2024,Noviembre,22222222,20608,PODIUM                             ,BULTO          ,42,79547.62,0,3341000,10,22222222,206,206,206,EQUINOS                                 ,Boyaca,Sogamoso,2024-Noviembre,>$1M,11
2024,Noviembre,22222222,20700,MOJARRA 34 EXTR                    ,BULTO          ,5,142600.0,0,713000,5,22222222,207,207,207,ACUACULTURA                             ,Boyaca,Sogamoso,2024-Noviembre,$500K-$1M,11
2024,Noviembre,22222222,20704,MOJARRA 20 EXTR                    ,BULTO          ,2,111000.0,0,222000,2,22222222,207,207,207,ACUACULTURA                             ,Boyaca,Sogamoso,2024-Noviembre,$100K-$250K,11
2024,Noviembre,22222222,20705,TRUCHA INICIACION 50               ,BULTO          ,5,240800.0,0,1204000,3,22222222,207,207,207,ACUACULTURA                             ,Boyaca,Sogamoso,2024-Noviembre,>$1M,11
2024,Noviembre,22222222,20706,TRUCHA LEVANTE 40                  ,BULTO          ,19,193421.05,0,3675000,6,22222222,207,207,207,ACUACULTURA                             ,Boyaca,Sogamoso,2024-Noviembre,>$1M,11
2024,Noviembre,22222222,20707,TRUCHA FINALIZACION 40             ,BULTO          ,148,209135.14,0,30952000,20,22222222,207,207,207,ACUACULTURA                             ,Boyaca,Sogamoso,2024-Noviembre,>$1M,11
2024,Noviembre,22222222,30101,NUTRECAN BABIES 2K*8               ,BOLSA          ,1,23500.0,0,23500,1,22222222,301,301,108,MASCOTAS                                ,Boyaca,Sogamoso,2024-Noviembre,<$50K,11
2024,Noviembre,22222222,30102,NUTRECAN BABIES 8KG                ,BULTO          ,1,95000.0,0,95000,1,22222222,301,301,108,MASCOTAS                                ,Boyaca,Sogamoso,2024-Noviembre,$50K-$100K,11
2024,Noviembre,22222222,30106,NUTRECAN ADULTOS RAZAS PEQUE 8KG   ,BULTO          ,1,92000.0,0,92000,1,22222222,301,301,108,MASCOTAS                                ,Boyaca,Sogamoso,2024-Noviembre,$50K-$100K,11
2024,Noviembre,22222222,30109,NUTRECAN ADULTOS RM Y RG 4K*4      ,BOLSA          ,1,33000.0,0,33000,1,22222222,301,301,108,MASCOTAS                                ,Boyaca,Sogamoso,2024-Noviembre,<$50K,11
2024,Noviembre,22222222,30110,NUTRECAN ADULTOS RM Y RG 8KG       ,BULTO          ,2,74000.0,0,148000,2,22222222,301,301,108,MASCOTAS                                ,Boyaca,Sogamoso,2024-Noviembre,$100K-$250K,11
2024,Noviembre,22222222,30112,NUTRECAN ADULTOS RM Y RG 25KG      ,BULTO          ,2,221500.0,0,443000,2,22222222,301,301,108,MASCOTAS                                ,Boyaca,Sogamoso,2024-Noviembre,$250K-$500K,11
2024,Noviembre,22222222,30115,NUTRECAN LIGHT 8KG                 ,BULTO          ,1,110000.0,0,110000,1,22222222,301,301,108,MASCOTAS                                ,Boyaca,Sogamoso,2024-Noviembre,$100K-$250K,11
2024,Noviembre,22222222,30118,NUTRECAN SENIOR 8KG                ,BULTO          ,1,88000.0,0,88000,1,22222222,301,301,108,MASCOTAS                                ,Boyaca,Sogamoso,2024-Noviembre,$50K-$100K,11
2024,Noviembre,22222222,30123,NUTRECAN CROQUETAS CACHORROS 15KG  ,BULTO          ,3,106000.0,0,318000,3,22222222,301,301,108,MASCOTAS                                ,Boyaca,Sogamoso,2024-Noviembre,$250K-$500K,11
2024,Noviembre,22222222,30126,NUTRECAN CROQUETAS ADULTOS 15KG    ,BULTO          ,2,96000.0,0,192000,2,22222222,301,301,108,MASCOTAS                                ,Boyaca,Sogamoso,2024-Noviembre,$100K-$250K,11
2024,Noviembre,22222222,30127,NUTRECAN CROQUETAS ADULTOS 25KG    ,BULTO          ,3,161333.33,0,484000,3,22222222,301,301,108,MASCOTAS                                ,Boyaca,Sogamoso,2024-Noviembre,$250K-$500K,11
2024,Noviembre,22222222,30135,NUTRECAN CAMPO 25KG                ,BULTO          ,1,165000.0,0,165000,1,22222222,301,301,108,MASCOTAS                                ,Boyaca,Sogamoso,2024-Noviembre,$100K-$250K,11
2024,Noviembre,22222222,30205,Q-IDA CAT 8KG                      ,BULTO          ,3,70000.0,0,210000,3,22222222,302,302,108,MASCOTAS                                ,Boyaca,Sogamoso,2024-Noviembre,$100K-$250K,11
2024,Noviembre,22222222,30502,CHANCHITOS GP                      ,BULTO          ,1,97000.0,0,97000,1,22222222,305,305,305,PORCICULTURA                            ,Boyaca,Sogamoso,2024-Noviembre,$50K-$100K,11
2024,Noviembre,22222222,30503,CHANCHITOS I.C                     ,BULTO          ,3,94000.0,0,282000,1,22222222,305,305,305,PORCICULTURA                            ,Boyaca,Sogamoso,2024-Noviembre,$250K-$500K,11
2024,Noviembre,22222222,30506,CHANCHITOS PET                     ,BULTO          ,4,90000.0,0,360000,3,22222222,305,305,305,PORCICULTURA                            ,Boyaca,Sogamoso,2024-Noviembre,$250K-$500K,11
2024,Noviembre,22222222,30508,FINALIZADOR 70                     ,BULTO          ,5,79000.0,0,395000,4,22222222,305,305,305,PORCICULTURA                            ,Boyaca,Sogamoso,2024-Noviembre,$250K-$500K,11
2024,Noviembre,22222222,30601,MANNA P                            ,BULTO          ,1,87000.0,0,87000,1,22222222,306,306,306,GANADERIA                               ,Boyaca,Sogamoso,2024-Noviembre,$50K-$100K,11
2024,Noviembre,22222222,30603,PREPARTO                           ,BULTO          ,1,76000.0,0,76000,1,22222222,306,306,306,GANADERIA                               ,Boyaca,Sogamoso,2024-Noviembre,$50K-$100K,11
2024,Noviembre,22222222,30612,CREMALECHE                         ,BULTO          ,3,70000.0,0,210000,1,22222222,306,306,306,GANADERIA                               ,Boyaca,Sogamoso,2024-Noviembre,$100K-$250K,11
2024,Noviembre,22222222,30701,CAMPEON DORADO TEXT                ,BULTO          ,3,97333.33,0,292000,3,22222222,307,307,307,EQUINOS                                 ,Boyaca,Sogamoso,2024-Noviembre,$250K-$500K,11
2024,Noviembre,22222222,40202,POLLO INICIACION C                 ,BULTO          ,30,88966.67,0,2669000,10,22222222,402,402,402,AVICULTURA                              ,Boyaca,Sogamoso,2024-Noviembre,>$1M,11
2024,Noviembre,22222222,40204,Q-IDA SUPLEPOLLO C 1K*20           ,BOLSA          ,1,50000.0,0,50000,1,22222222,402,402,402,AVICULTURA                              ,Boyaca,Sogamoso,2024-Noviembre,<$50K,11
2024,Noviembre,22222222,50109,SUPER POLLITOS EXTRA DISTRIBUIDOR 1,BULTO          ,1,25000.0,0,25000,1,22222222,501,501,101,AVICULTURA                              ,Boyaca,Sogamoso,2024-Noviembre,<$50K,11
2024,Noviembre,22222222,50117,FIBRAMIX PELETIZADO                ,BULTO          ,6,59000.0,0,354000,4,22222222,501,501,105,GANADERIA                               ,Boyaca,Sogamoso,2024-Noviembre,$250K-$500K,11
2024,Noviembre,22222222,50118,FIBRAMIX PELETIZADO X 10KG         ,BULTO          ,1,19000.0,0,19000,1,22222222,501,501,105,GANADERIA                               ,Boyaca,Sogamoso,2024-Noviembre,<$50K,11
2024,Noviembre,22222222,50200,RAZA PERROS 10KG                   ,BULTO          ,5,39800.0,0,199000,5,22222222,502,502,502,MASCOTAS                                ,Boyaca,Sogamoso,2024-Noviembre,$100K-$250K,11
2024,Noviembre,22222222,50201,RAZA PERROS 30KG                   ,BULTO          ,13,104846.15,0,1363000,13,22222222,502,502,502,MASCOTAS                                ,Boyaca,Sogamoso,2024-Noviembre,>$1M,11
2024,Noviembre,22222222,50214,SUPERCAN DELI CACHORROS 15KG       ,BULTO          ,1,83000.0,0,83000,1,22222222,502,502,502,MASCOTAS                                ,Boyaca,Sogamoso,2024-Noviembre,$50K-$100K,11
2024,Noviembre,22222222,60130,RATAQUILL SOBRE 50G*20             ,SOBRE          ,7,6428.57,0,45000,2,22222222,601,601,610,DROGA VETERINARIA                       ,Boyaca,Sogamoso,2024-Noviembre,<$50K,11
2024,Noviembre,22222222,60210,PAREDON 15% X 120ML                ,FRASCO         ,1,25000.0,0,25000,1,22222222,602,602,610,DROGA VETERINARIA                       ,Boyaca,Sogamoso,2024-Noviembre,<$50K,11
2024,Noviembre,22222222,60223,MINAVIAR SOBRE                     ,SOBRE          ,1,10000.0,0,10000,1,22222222,602,602,610,DROGA VETERINARIA                       ,Boyaca,Sogamoso,2024-Noviembre,<$50K,11
2024,Noviembre,22222222,60330,NUTRIPEZ                           ,SOBRE          ,1,4500.0,0,4500,1,22222222,603,603,108,MASCOTAS                                ,Boyaca,Sogamoso,2024-Noviembre,<$50K,11
2024,Noviembre,22222222,60332,SEMILLA GIRASOL X 200G             ,BOLSA          ,2,3000.0,0,6000,1,22222222,603,603,606,SEMILLAS                                ,Boyaca,Sogamoso,2024-Noviembre,<$50K,11
2024,Noviembre,22222222,60500,MOCHILA SAL 11%                    ,MOCHILA        ,1,24000.0,0,24000,1,22222222,605,605,605,SALES                                   ,Boyaca,Sogamoso,2024-Noviembre,<$50K,11
2024,Noviembre,22222222,60502,SAL 11% X 5KG*10                   ,BOLSA          ,1,12000.0,0,12000,1,22222222,605,605,605,SALES                                   ,Boyaca,Sogamoso,2024-Noviembre,<$50K,11
2024,Noviembre,22222222,60504,SAL 11% X 40KG                     ,BOLSA          ,2,75500.0,0,151000,2,22222222,605,605,605,SALES                                   ,Boyaca,Sogamoso,2024-Noviembre,$100K-$250K,11
2024,Noviembre,22222222,60507,SAL 6% X 40KG                      ,BOLSA          ,4,65750.0,0,263000,4,22222222,605,605,605,SALES                                   ,Boyaca,Sogamoso,2024-Noviembre,$250K-$500K,11
2024,Noviembre,22222222,60700,MAIZ NACIONAL X50KG                ,BULTO          ,10,81300.0,0,813000,9,22222222,607,607,607,MAIZ                                    ,Boyaca,Sogamoso,2024-Noviembre,$500K-$1M,11
2024,Noviembre,22222222,60701,MAIZ NACIONAL @                    ,BOLSA          ,4,25500.0,0,102000,3,22222222,607,607,607,MAIZ                                    ,Boyaca,Sogamoso,2024-Noviembre,$100K-$250K,11
2024,Noviembre,22222222,60702,MAIZ PARTIDO NACIONAL @            ,BOLSA          ,1,75000.0,0,75000,1,22222222,607,607,607,MAIZ                                    ,Boyaca,Sogamoso,2024-Noviembre,$50K-$100K,11
2024,Noviembre,22222222,60703,MAIZ PARTIDO NACIONAL X 40KG       ,BULTO          ,1,78000.0,0,78000,1,22222222,607,607,607,MAIZ                                    ,Boyaca,Sogamoso,2024-Noviembre,$50K-$100K,11
2024,Noviembre,22222222,60806,DOGOURMET CACHORRO LECHE DESLAC X1K,BOLSA          ,1,14000.0,0,14000,1,22222222,608,608,608,MASCOTAS                                ,Boyaca,Sogamoso,2024-Noviembre,<$50K,11
2024,Noviembre,22222222,60807,DOGOURMET CARNE PARRILLA ADULTO X 1,BOLSA          ,3,13000.0,0,39000,1,22222222,608,608,608,MASCOTAS                                ,Boyaca,Sogamoso,2024-Noviembre,<$50K,11
2024,Noviembre,22222222,60810,DONKAT GATOS ADULTOS X 7KG         ,BULTO          ,5,66600.0,0,333000,5,22222222,608,608,608,MASCOTAS                                ,Boyaca,Sogamoso,2024-Noviembre,$250K-$500K,11
2024,Noviembre,22222222,60820,MONELLO CAT GATITOS X 1KG          ,BOLSA          ,1,25000.0,0,25000,1,22222222,608,608,608,MASCOTAS                                ,Boyaca,Sogamoso,2024-Noviembre,<$50K,11
2024,Noviembre,22222222,60821,"MONELLO CAT SALMON, ATUN, POLLO X 1",BOLSA          ,1,25000.0,0,25000,1,22222222,608,608,608,MASCOTAS                                ,Boyaca,Sogamoso,2024-Noviembre,<$50K,11
2024,Noviembre,22222222,60822,"MONELLO CAT SALMON, ATUN, POLLO X 7",BULTO          ,24,141625.0,0,3399000,3,22222222,608,608,608,MASCOTAS                                ,Boyaca,Sogamoso,2024-Noviembre,>$1M,11
2024,Noviembre,22222222,60826,MONELLO CACHORRO X7KG              ,BULTO          ,4,98000.0,0,392000,4,22222222,608,608,608,MASCOTAS                                ,Boyaca,Sogamoso,2024-Noviembre,$250K-$500K,11
2024,Noviembre,22222222,60828,MONELLO RAZA PEQUEÑA X 7KG         ,BULTO          ,1,98000.0,0,98000,1,22222222,608,608,608,MASCOTAS                                ,Boyaca,Sogamoso,2024-Noviembre,$50K-$100K,11
2024,Noviembre,22222222,60845,DONKAT GATOS ADULTOS X 500G        ,BOLSA          ,1,12000.0,0,12000,1,22222222,608,608,608,MASCOTAS                                ,Boyaca,Sogamoso,2024-Noviembre,<$50K,11
2024,Noviembre,22222222,60848,MONELLO TRADICIONAL X 7KG          ,BULTO          ,1,88000.0,0,88000,1,22222222,608,608,608,MASCOTAS                                ,Boyaca,Sogamoso,2024-Noviembre,$50K-$100K,11
2024,Noviembre,22222222,60850,JABON ASUNTOL                      ,BARRA          ,1,13000.0,0,13000,1,22222222,608,608,608,MASCOTAS                                ,Boyaca,Sogamoso,2024-Noviembre,<$50K,11
2024,Noviembre,22222222,60858,SHAMPOO CANAMOR FRASCO             ,FRASCO         ,1,22000.0,0,22000,1,22222222,608,608,608,MASCOTAS                                ,Boyaca,Sogamoso,2024-Noviembre,<$50K,11
2024,Noviembre,22222222,60881,CHUNKY ADULTO X 9KG                ,BULTO          ,21,68714.29,0,1443000,7,22222222,608,608,608,MASCOTAS                                ,Boyaca,Sogamoso,2024-Noviembre,>$1M,11
2024,Noviembre,22222222,60883,CHUNKY CACHORRO X 9KG              ,BULTO          ,2,78000.0,0,156000,2,22222222,608,608,608,MASCOTAS                                ,Boyaca,Sogamoso,2024-Noviembre,$100K-$250K,11
2024,Noviembre,22222222,60884,CHUNKY CACHORRO X 18KG             ,BULTO          ,1,147000.0,0,147000,1,22222222,608,608,608,MASCOTAS                                ,Boyaca,Sogamoso,2024-Noviembre,$100K-$250K,11
2024,Noviembre,22222222,61000,CREOLINA GOLD COOPERS X 120ML      ,FRASCO         ,2,9000.0,0,18000,1,22222222,610,610,610,DROGA VETERINARIA                       ,Boyaca,Sogamoso,2024-Noviembre,<$50K,11
2024,Noviembre,22222222,61016,PORCIFER B-12 X 50ML               ,FRASCO         ,1,23000.0,0,23000,1,22222222,610,610,610,DROGA VETERINARIA                       ,Boyaca,Sogamoso,2024-Noviembre,<$50K,11
2024,Noviembre,22222222,61018,OXITETRAXICICLINA MK 50mg X 50ML   ,FRASCO         ,1,27000.0,0,27000,1,22222222,610,610,610,DROGA VETERINARIA                       ,Boyaca,Sogamoso,2024-Noviembre,<$50K,11
2024,Noviembre,22222222,61042,SOROL X 120ML                      ,FRASCO         ,1,42000.0,0,42000,1,22222222,610,610,610,DROGA VETERINARIA                       ,Boyaca,Sogamoso,2024-Noviembre,<$50K,11
2024,Noviembre,22222222,61063,BOLDENONA 50 X 50ML                ,FRASCO         ,1,42000.0,0,42000,1,22222222,610,610,610,DROGA VETERINARIA                       ,Boyaca,Sogamoso,2024-Noviembre,<$50K,11
2024,Noviembre,22222222,61084,MELAZA GARRAFA X 6KG               ,GARRAFA        ,1,15000.0,0,15000,1,22222222,610,610,610,DROGA VETERINARIA                       ,Boyaca,Sogamoso,2024-Noviembre,<$50K,11
2024,Noviembre,22222222,61085,MELAZA X 30KG                      ,BULTO          ,1,45000.0,0,45000,1,22222222,610,610,610,DROGA VETERINARIA                       ,Boyaca,Sogamoso,2024-Noviembre,<$50K,11
2024,Noviembre,22222222,61096,CABANOS PERROS                     ,UNIDAD         ,3,14000.0,0,42000,2,22222222,610,610,610,DROGA VETERINARIA                       ,Boyaca,Sogamoso,2024-Noviembre,<$50K,11
2024,Noviembre,22222222,61200,CHUNKY ADULTOS 25KG                ,BULTO          ,23,163000.0,0,3749000,16,22222222,612,612,612,MASCOTAS                                ,Boyaca,Sogamoso,2024-Noviembre,>$1M,11
2024,Noviembre,22222222,61201,ITALCAN CARNE Y VERD 25KG          ,BULTO          ,13,95615.38,0,1243000,12,22222222,612,612,612,MASCOTAS                                ,Boyaca,Sogamoso,2024-Noviembre,>$1M,11
2024,Noviembre,22222222,61203,ITALCAN PLUS POLLO Y ARROZ 25KG    ,BULTO          ,4,95500.0,0,382000,4,22222222,612,612,612,MASCOTAS                                ,Boyaca,Sogamoso,2024-Noviembre,$250K-$500K,11
2024,Noviembre,22222222,61205,AGILITY GOLD GRAN CACHORROS 15KG   ,BULTO          ,1,256000.0,0,256000,1,22222222,612,612,612,MASCOTAS                                ,Boyaca,Sogamoso,2024-Noviembre,$250K-$500K,11
2024,Noviembre,22222222,61206,CHUNKY ADULTO RAZAS PEQUEÑAS 8KG   ,BULTO          ,2,64000.0,0,128000,2,22222222,612,612,612,MASCOTAS                                ,Boyaca,Sogamoso,2024-Noviembre,$100K-$250K,11
2024,Noviembre,22222222,61208,CHUNKY ADULTO CORDERO 1.5KG        ,BOLSA          ,1,16000.0,0,16000,1,22222222,612,612,612,MASCOTAS                                ,Boyaca,Sogamoso,2024-Noviembre,<$50K,11
2024,Noviembre,22222222,61213,CHUNKY CACHORRO CORDERO X1.5K      ,BOLSA          ,1,147000.0,0,147000,1,22222222,612,612,612,MASCOTAS                                ,Boyaca,Sogamoso,2024-Noviembre,$100K-$250K,11
2024,Noviembre,22222222,61214,CHUNKY GATOS POLLO 8KG             ,BULTO          ,1,98000.0,0,98000,1,22222222,612,612,612,MASCOTAS                                ,Boyaca,Sogamoso,2024-Noviembre,$50K-$100K,11
2024,Noviembre,22222222,61218,MONELLO TRADICIONAL 25KG           ,BULTO          ,8,266375.0,0,2131000,5,22222222,612,612,612,MASCOTAS                                ,Boyaca,Sogamoso,2024-Noviembre,>$1M,11
2024,Noviembre,22222222,61221,NUTRION ADULTO 30KG                ,BULTO          ,10,158000.0,0,1580000,1,22222222,612,612,612,MASCOTAS                                ,Boyaca,Sogamoso,2024-Noviembre,>$1M,11
2024,Noviembre,22222222,61225,MAXI CAT ARENA 10KG                ,BOLSA          ,1,86000.0,0,86000,1,22222222,612,612,612,MASCOTAS                                ,Boyaca,Sogamoso,2024-Noviembre,$50K-$100K,11
2024,Noviembre,22222222,61228,DONKAT GATOS CACHORROS 7KG         ,BULTO          ,1,78000.0,0,78000,1,22222222,612,612,612,MASCOTAS                                ,Boyaca,Sogamoso,2024-Noviembre,$50K-$100K,11
2024,Noviembre,22222222,61229,DONKAT ADULTO X1KG                 ,BOLSA          ,2,12000.0,0,24000,1,22222222,612,612,612,MASCOTAS                                ,Boyaca,Sogamoso,2024-Noviembre,<$50K,11
2024,Noviembre,22222222,61258,NETECAN JERINGA X5ML               ,JERINGA        ,1,7000.0,0,7000,1,22222222,612,612,612,MASCOTAS                                ,Boyaca,Sogamoso,2024-Noviembre,<$50K,11
2024,Noviembre,22222222,61280,AGILITY GOLD GRAN ADULT 15 KG      ,BULTO          ,1,247000.0,0,247000,1,22222222,612,612,612,MASCOTAS                                ,Boyaca,Sogamoso,2024-Noviembre,$100K-$250K,11
2024,Noviembre,22222222,61282,CHUNKY CORDERO 12 KG               ,UNIDAD         ,1,146000.0,0,146000,1,22222222,612,612,612,MASCOTAS                                ,Boyaca,Sogamoso,2024-Noviembre,$100K-$250K,11
2024,Noviembre,22222222,61289,AGILITY GOLD PEQ CACHORRO 1.5 KG   ,BOL            ,1,36000.0,0,36000,1,22222222,612,612,612,MASCOTAS                                ,Boyaca,Sogamoso,2024-Noviembre,<$50K,11
2024,Noviembre,22222222,61299,ARENA SEPI CAT                     ,BOLSA          ,1,85000.0,0,85000,1,22222222,612,612,612,MASCOTAS                                ,Boyaca,Sogamoso,2024-Noviembre,$50K-$100K,11
2024,Noviembre,22222222,61301,NEXGARD                            ,PASTA          ,4,81250.0,0,325000,2,22222222,613,613,613,MASCOTAS                                ,Boyaca,Sogamoso,2024-Noviembre,$250K-$500K,11
2024,Noviembre,22222222,61302,CREDELIO                           ,PASTA          ,1,50000.0,0,50000,1,22222222,613,613,613,MASCOTAS                                ,Boyaca,Sogamoso,2024-Noviembre,<$50K,11
2024,Noviembre,24113253,30118,NUTRECAN SENIOR 8KG                ,BULTO          ,2,102000.0,0,204000,2,24113253,301,301,108,MASCOTAS                                ,Boyaca,Sogamoso,2024-Noviembre,$100K-$250K,11
2024,Noviembre,33448889,10506,CONTELAC 18%                       ,BULTO          ,2,74000.0,0,148000,1,33448889,105,105,105,GANADERIA                               ,Boyaca,Sogamoso,2024-Noviembre,$100K-$250K,11
2024,Noviembre,33448889,10824,RINGO PREMIUM 30KG                 ,BULTO          ,1,152000.0,0,152000,1,33448889,108,108,108,MASCOTAS                                ,Boyaca,Sogamoso,2024-Noviembre,$100K-$250K,11
2024,Noviembre,33448889,10833,FILPO ADULTO 30KG                  ,BULTO          ,2,106000.0,0,212000,2,33448889,108,108,108,MASCOTAS                                ,Boyaca,Sogamoso,2024-Noviembre,$100K-$250K,11
2024,Noviembre,33448889,20203,SUPER HUEVO PREPICO 100            ,BULTO          ,5,83600.0,0,418000,2,33448889,202,202,101,AVICULTURA                              ,Boyaca,Sogamoso,2024-Noviembre,$250K-$500K,11
2024,Noviembre,33448889,60702,MAIZ PARTIDO NACIONAL @            ,BOLSA          ,1,75000.0,0,75000,1,33448889,607,607,607,MAIZ                                    ,Boyaca,Sogamoso,2024-Noviembre,$50K-$100K,11
2024,Noviembre,40022620,10824,RINGO PREMIUM 30KG                 ,BULTO          ,4,152000.0,0,608000,1,40022620,108,108,108,MASCOTAS                                ,Boyaca,Tunja,2024-Noviembre,$500K-$1M,11
2024,Noviembre,46379189,20203,SUPER HUEVO PREPICO 100            ,BULTO          ,1,78000.0,0,78000,1,46379189,202,202,101,AVICULTURA                              ,Boyaca,Nobsa,2024-Noviembre,$50K-$100K,11
2024,Noviembre,46385688,61200,CHUNKY ADULTOS 25KG                ,BULTO          ,1,160000.0,0,160000,1,46385688,612,612,612,MASCOTAS                                ,Boyaca,Sogamoso,2024-Noviembre,$100K-$250K,11
2024,Noviembre,46385688,61218,MONELLO TRADICIONAL 25KG           ,BULTO          ,1,266000.0,0,266000,1,46385688,612,612,612,MASCOTAS                                ,Boyaca,Sogamoso,2024-Noviembre,$250K-$500K,11
2024,Noviembre,47428820,10114,POLLO CAMPESINO C                  ,BULTO          ,8,85000.0,0,680000,1,47428820,101,101,101,AVICULTURA                              ,Boyaca,Sogamoso,2024-Noviembre,$500K-$1M,11
2024,Noviembre,74083883,10306,TRUCHAS 40 CP E                    ,BULTO          ,2,200000.0,0,400000,2,74083883,103,103,103,ACUACULTURA                             ,Boyaca,Corrales,2024-Noviembre,$250K-$500K,11
2024,Noviembre,74083883,10833,FILPO ADULTO 30KG                  ,BULTO          ,5,105400.0,0,527000,3,74083883,108,108,108,MASCOTAS                                ,Boyaca,Corrales,2024-Noviembre,$500K-$1M,11
2024,Noviembre,74083883,10842,MIRRINGO 8KG                       ,BULTO          ,1,67000.0,0,67000,1,74083883,108,108,108,MASCOTAS                                ,Boyaca,Corrales,2024-Noviembre,$50K-$100K,11
2024,Noviembre,74083883,20706,TRUCHA LEVANTE 40                  ,BULTO          ,3,193333.33,0,580000,2,74083883,207,207,207,ACUACULTURA                             ,Boyaca,Corrales,2024-Noviembre,$500K-$1M,11
2024,Noviembre,74083883,20707,TRUCHA FINALIZACION 40             ,BULTO          ,2,208000.0,0,416000,2,74083883,207,207,207,ACUACULTURA                             ,Boyaca,Corrales,2024-Noviembre,$250K-$500K,11
2024,Noviembre,74083883,50210,SUPERCAN DELI ADULTOS 15KG         ,BULTO          ,1,70000.0,0,70000,1,74083883,502,502,502,MASCOTAS                                ,Boyaca,Corrales,2024-Noviembre,$50K-$100K,11
2024,Noviembre,74084607,61282,CHUNKY CORDERO 12 KG               ,UNIDAD         ,1,149000.0,0,149000,1,74084607,612,612,612,MASCOTAS                                ,Boyaca,Sogamoso,2024-Noviembre,$100K-$250K,11
2024,Noviembre,74181266,10203,MAXI LECHONES   R                  ,BULTO          ,6,95000.0,0,570000,1,74181266,102,102,102,PORCICULTURA                            ,Boyaca,Sogamoso,2024-Noviembre,$500K-$1M,11
2024,Noviembre,74183747,30110,NUTRECAN ADULTOS RM Y RG 8KG       ,BULTO          ,1,75000.0,0,75000,1,74183747,301,301,108,MASCOTAS                                ,Casanare,Pore,2024-Noviembre,$50K-$100K,11
2024,Noviembre,74381736,20303,CERDO ENGORDE NARANJA              ,BULTO          ,3,89000.0,0,267000,1,74381736,203,203,203,PORCICULTURA                            ,Boyaca,Sogamoso,2024-Noviembre,$250K-$500K,11
2024,Noviembre,79434226,20302,CERDO LEVANTE 1 NARANJA            ,BULTO          ,48,90000.0,0,4320000,1,79434226,203,203,203,PORCICULTURA                            ,Boyaca,Sogamoso,2024-Noviembre,>$1M,11
2024,Noviembre,900092905,10102,MAXI POLLITOS 1K*20                ,BOLSA          ,4,1425.0,0,5700,4,900092905,101,101,101,AVICULTURA                              ,Boyaca,Sogamoso,2024-Noviembre,<$50K,11
2024,Noviembre,900092905,10109,MAXI BROILER PIGMENTO C            ,BULTO          ,1,108000.0,0,108000,1,900092905,101,101,101,AVICULTURA                              ,Boyaca,Sogamoso,2024-Noviembre,$100K-$250K,11
2024,Noviembre,900092905,10824,RINGO PREMIUM 30KG                 ,BULTO          ,1,152000.0,0,152000,1,900092905,108,108,108,MASCOTAS                                ,Boyaca,Sogamoso,2024-Noviembre,$100K-$250K,11
2024,Noviembre,900092905,60700,MAIZ NACIONAL X50KG                ,BULTO          ,1,78000.0,0,78000,1,900092905,607,607,607,MAIZ                                    ,Boyaca,Sogamoso,2024-Noviembre,$50K-$100K,11
2024,Noviembre,900147227,10515,NOVILLOS CEBA P                    ,BULTO          ,2,78000.0,0,156000,1,900147227,105,105,105,GANADERIA                               ,Boyaca,Sogamoso,2024-Noviembre,$100K-$250K,11
2024,Noviembre,900199719,20503,CREMOSA                            ,BULTO          ,6,64000.0,0,384000,1,900199719,205,205,205,GANADERIA                               ,Boyaca,Sogamoso,2024-Noviembre,$250K-$500K,11
2024,Noviembre,900199719,60126,POMADA BETA-BEST POTE X 220G       ,POTE           ,1,22000.0,0,22000,1,900199719,601,601,610,DROGA VETERINARIA                       ,Boyaca,Sogamoso,2024-Noviembre,<$50K,11
2024,Noviembre,900199719,60134,TONI-CALL B12 INYEC FRASCO X 100ML ,FRASCO         ,1,75000.0,0,75000,1,900199719,601,601,610,DROGA VETERINARIA                       ,Boyaca,Sogamoso,2024-Noviembre,$50K-$100K,11
2024,Noviembre,900199719,60504,SAL 11% X 40KG                     ,BOLSA          ,1,75000.0,0,75000,1,900199719,605,605,605,SALES                                   ,Boyaca,Sogamoso,2024-Noviembre,$50K-$100K,11
2024,Noviembre,900199719,61085,MELAZA X 30KG                      ,BULTO          ,1,36000.0,0,36000,1,900199719,610,610,610,DROGA VETERINARIA                       ,Boyaca,Sogamoso,2024-Noviembre,<$50K,11
2024,Noviembre,900199719,61183,STREPTOLAND ORAL SOBRE             ,SOBRE          ,2,9000.0,0,18000,1,900199719,611,611,611,DROGA VETERINARIA                       ,Boyaca,Sogamoso,2024-Noviembre,<$50K,11
2024,Noviembre,901040704,10819,RINGO CACHORROS 30KG               ,BULTO          ,1,149000.0,0,149000,1,901040704,108,108,108,MASCOTAS                                ,Boyaca,Sogamoso,2024-Noviembre,$100K-$250K,11
2024,Noviembre,901206877,10400,POTROS  CINTA AZUL                 ,BULTO          ,2,82000.0,0,164000,1,901206877,104,104,104,EQUINOS                                 ,Boyaca,Sogamoso,2024-Noviembre,$100K-$250K,11
2024,Noviembre,901206877,10401,YEGUAS                             ,BULTO          ,2,84000.0,0,168000,1,901206877,104,104,104,EQUINOS                                 ,Boyaca,Sogamoso,2024-Noviembre,$100K-$250K,11
2024,Noviembre,901206877,10829,RINGO CROQUETAS 30KG               ,BULTO          ,2,125000.0,0,250000,1,901206877,108,108,108,MASCOTAS                                ,Boyaca,Sogamoso,2024-Noviembre,$100K-$250K,11
2024,Noviembre,901206877,61205,AGILITY GOLD GRAN CACHORROS 15KG   ,BULTO          ,1,36000.0,0,36000,1,901206877,612,612,612,MASCOTAS                                ,Boyaca,Sogamoso,2024-Noviembre,<$50K,11
2024,Noviembre,901283723,10829,RINGO CROQUETAS 30KG               ,BULTO          ,1,125000.0,0,125000,1,901283723,108,108,108,MASCOTAS                                ,Boyaca,Sogamoso,2024-Noviembre,$100K-$250K,11
2024,Noviembre,901591495,10120,MAXI HUEVO H                       ,BULTO          ,1,85000.0,0,85000,1,901591495,101,101,101,AVICULTURA                              ,Boyaca,Sogamoso,2024-Noviembre,$50K-$100K,11
2024,Noviembre,901591495,10701,CONEJOS                            ,BULTO          ,4,88000.0,0,352000,2,901591495,107,107,107,CONEJOS                                 ,Boyaca,Sogamoso,2024-Noviembre,$250K-$500K,11
2024,Noviembre,901624523,20301,CERDITOS INICIACION NARANJA        ,BULTO          ,8,115000.0,0,920000,1,901624523,203,203,203,PORCICULTURA                            ,Boyaca,Tunja,2024-Noviembre,$500K-$1M,11
2024,Noviembre,901624523,20302,CERDO LEVANTE 1 NARANJA            ,BULTO          ,25,91000.0,0,2275000,1,901624523,203,203,203,PORCICULTURA                            ,Boyaca,Tunja,2024-Noviembre,>$1M,11
2024,Noviembre,901624523,20305,CERDA GESTACION NARANJA            ,BULTO          ,40,83000.0,0,3320000,1,901624523,203,203,203,PORCICULTURA                            ,Boyaca,Tunja,2024-Noviembre,>$1M,11
2024,Noviembre,901624523,20306,CERDA LACTANCIA NARANJA            ,BULTO          ,30,93000.0,0,2790000,1,901624523,203,203,203,PORCICULTURA                            ,Boyaca,Tunja,2024-Noviembre,>$1M,11
2024,Noviembre,901786502,20202,SUPER HUEVO PREPICO                ,BULTO          ,100,77000.0,0,7700000,1,901786502,202,202,101,AVICULTURA                              ,Boyaca,Nobsa,2024-Noviembre,>$1M,11
2024,Noviembre,901786502,20203,SUPER HUEVO PREPICO 100            ,BULTO          ,200,76000.0,0,15200000,1,901786502,202,202,101,AVICULTURA                              ,Boyaca,Nobsa,2024-Noviembre,>$1M,11
2024,Noviembre,901795156,10202,INICIACION CERDOS                  ,BULTO          ,2,116000.0,0,232000,2,901795156,102,102,102,PORCICULTURA                            ,Boyaca,Sogamoso,2024-Noviembre,$100K-$250K,11
2024,Noviembre,901795156,10204,MAXI LECHONES                      ,BULTO          ,1,94000.0,0,94000,1,901795156,102,102,102,PORCICULTURA                            ,Boyaca,Sogamoso,2024-Noviembre,$50K-$100K,11
2024,Noviembre,901795156,10207,MAXI CERDOS FINALIZADOR            ,BULTO          ,2,92000.0,0,184000,1,901795156,102,102,102,PORCICULTURA                            ,Boyaca,Sogamoso,2024-Noviembre,$100K-$250K,11
2024,Noviembre,901795156,20303,CERDO ENGORDE NARANJA              ,BULTO          ,2,88000.0,0,176000,1,901795156,203,203,203,PORCICULTURA                            ,Boyaca,Sogamoso,2024-Noviembre,$100K-$250K,11
2024,Noviembre,1007382853,10824,RINGO PREMIUM 30KG                 ,BULTO          ,3,152000.0,0,456000,1,1007382853,108,108,108,MASCOTAS                                ,Boyaca,Sogamoso,2024-Noviembre,$250K-$500K,11
2024,Noviembre,1007382853,10829,RINGO CROQUETAS 30KG               ,BULTO          ,2,125000.0,0,250000,1,1007382853,108,108,108,MASCOTAS                                ,Boyaca,Sogamoso,2024-Noviembre,$100K-$250K,11
2024,Noviembre,1051588968,10402,CINTA AZUL  ADULTOS                ,BULTO          ,1,80000.0,0,80000,1,1051588968,104,104,104,EQUINOS                                 ,Boyaca,Firavitoba,2024-Noviembre,$50K-$100K,11
2024,Noviembre,1051588968,60701,MAIZ NACIONAL @                    ,BOLSA          ,1,85000.0,0,85000,1,1051588968,607,607,607,MAIZ                                    ,Boyaca,Firavitoba,2024-Noviembre,$50K-$100K,11
2024,Noviembre,1051590093,10121,MAXI HUEVO C                       ,BULTO          ,1,84000.0,0,84000,1,1051590093,101,101,101,AVICULTURA                              ,Boyaca,Sogamoso,2024-Noviembre,$50K-$100K,11
2024,Noviembre,1057579440,10122,PONEDORA EXTRA I C 1K*20           ,BOLSA          ,3,2500.0,0,7500,1,1057579440,101,101,101,AVICULTURA                              ,Boyaca,Sogamoso,2024-Noviembre,<$50K,11
2024,Noviembre,1057579440,20203,SUPER HUEVO PREPICO 100            ,BULTO          ,1,93000.0,0,93000,1,1057579440,202,202,101,AVICULTURA                              ,Boyaca,Sogamoso,2024-Noviembre,$50K-$100K,11
2024,Noviembre,1057579440,20302,CERDO LEVANTE 1 NARANJA            ,BULTO          ,1,92000.0,0,92000,1,1057579440,203,203,203,PORCICULTURA                            ,Boyaca,Sogamoso,2024-Noviembre,$50K-$100K,11
2024,Noviembre,1057579440,20303,CERDO ENGORDE NARANJA              ,BULTO          ,2,88000.0,0,176000,1,1057579440,203,203,203,PORCICULTURA                            ,Boyaca,Sogamoso,2024-Noviembre,$100K-$250K,11
2024,Noviembre,1057579440,20307,CERDO LEVANTE                      ,BULTO          ,1,84000.0,0,84000,1,1057579440,203,203,203,PORCICULTURA                            ,Boyaca,Sogamoso,2024-Noviembre,$50K-$100K,11
2024,Noviembre,1057579440,20505,ITAL LECHE PELLET                  ,BULTO          ,8,57750.0,0,462000,2,1057579440,205,205,205,GANADERIA                               ,Boyaca,Sogamoso,2024-Noviembre,$250K-$500K,11
2024,Noviembre,1057579440,20706,TRUCHA LEVANTE 40                  ,BULTO          ,3,191666.67,0,575000,2,1057579440,207,207,207,ACUACULTURA                             ,Boyaca,Sogamoso,2024-Noviembre,$500K-$1M,11
2024,Noviembre,1057579440,20707,TRUCHA FINALIZACION 40             ,BULTO          ,1,210000.0,0,210000,1,1057579440,207,207,207,ACUACULTURA                             ,Boyaca,Sogamoso,2024-Noviembre,$100K-$250K,11
2024,Noviembre,1057579440,30612,CREMALECHE                         ,BULTO          ,3,69000.0,0,207000,2,1057579440,306,306,306,GANADERIA                               ,Boyaca,Sogamoso,2024-Noviembre,$100K-$250K,11
2024,Noviembre,1057579440,61210,CHUNKY ADULTO X2KG                 ,BOLSA          ,1,36000.0,0,36000,1,1057579440,612,612,612,MASCOTAS                                ,Boyaca,Sogamoso,2024-Noviembre,<$50K,11
2024,Noviembre,1057596377,10602,FORRAJE GANADERIA H TULIPAN        ,BULTO          ,2,56500.0,0,113000,2,1057596377,106,106,105,GANADERIA                               ,Boyaca,Sogamoso,2024-Noviembre,$100K-$250K,11
2024,Noviembre,1057596377,10701,CONEJOS                            ,BULTO          ,7,87571.43,0,613000,4,1057596377,107,107,107,CONEJOS                                 ,Boyaca,Sogamoso,2024-Noviembre,$500K-$1M,11
2024,Noviembre,1057596377,20205,PONEDORA CAMPESINA                 ,BULTO          ,2,70000.0,0,140000,1,1057596377,202,202,101,AVICULTURA                              ,Boyaca,Sogamoso,2024-Noviembre,$100K-$250K,11
2024,Noviembre,1057596377,50201,RAZA PERROS 30KG                   ,BULTO          ,1,105000.0,0,105000,1,1057596377,502,502,502,MASCOTAS                                ,Boyaca,Sogamoso,2024-Noviembre,$100K-$250K,11
2024,Noviembre,1057596377,60701,MAIZ NACIONAL @                    ,BOLSA          ,1,35000.0,0,35000,1,1057596377,607,607,607,MAIZ                                    ,Boyaca,Sogamoso,2024-Noviembre,<$50K,11
2024,Noviembre,8260002612,10500,TERNERAS LEVANTE                   ,BULTO          ,1,86000.0,0,86000,1,8260002612,105,105,105,GANADERIA                               ,Boyaca,Sogamoso,2024-Noviembre,$50K-$100K,11
2024,Noviembre,8260002612,10504,CONTELAC 14%                       ,BULTO          ,1,68000.0,0,68000,1,8260002612,105,105,105,GANADERIA                               ,Boyaca,Sogamoso,2024-Noviembre,$50K-$100K,11
2024,Noviembre,8260002612,10831,FILPO ADULTO 10KG                  ,BULTO          ,1,40000.0,0,40000,1,8260002612,108,108,108,MASCOTAS                                ,Boyaca,Sogamoso,2024-Noviembre,<$50K,11
2024,Noviembre,8260002612,20304,CERDO FINALIZADOR NARANJA          ,BULTO          ,1,89000.0,0,89000,1,8260002612,203,203,203,PORCICULTURA                            ,Boyaca,Sogamoso,2024-Noviembre,$50K-$100K,11
2024,Diciembre,4117002,10200,PREINICIACION CERDOS FASE I        ,BULTO          ,6,118000.0,0,708000,1,4117002,102,102,102,PORCICULTURA                            ,Boyaca,Firavitoba,2024-Diciembre,$500K-$1M,12
2024,Diciembre,4117002,10203,MAXI LECHONES   R                  ,BULTO          ,17,95000.0,0,1615000,1,4117002,102,102,102,PORCICULTURA                            ,Boyaca,Firavitoba,2024-Diciembre,>$1M,12
2024,Diciembre,4117002,10206,MAXI CERDOS P                      ,BULTO          ,12,84000.0,0,1008000,1,4117002,102,102,102,PORCICULTURA                            ,Boyaca,Firavitoba,2024-Diciembre,>$1M,12
2024,Diciembre,4117002,10207,MAXI CERDOS FINALIZADOR            ,BULTO          ,11,93000.0,0,1023000,1,4117002,102,102,102,PORCICULTURA                            ,Boyaca,Firavitoba,2024-Diciembre,>$1M,12
2024,Diciembre,4117002,10213,CERDAS LACTANCIA PRIMERIZAS        ,BULTO          ,9,99000.0,0,891000,1,4117002,102,102,102,PORCICULTURA                            ,Boyaca,Firavitoba,2024-Diciembre,$500K-$1M,12
2024,Diciembre,4272458,50118,FIBRAMIX PELETIZADO X 10KG         ,BULTO          ,1,59000.0,0,59000,1,4272458,501,501,105,GANADERIA                               ,Boyaca,Sogamoso,2024-Diciembre,$50K-$100K,12
2024,Diciembre,7125529,10833,FILPO ADULTO 30KG                  ,BULTO          ,2,105000.0,0,210000,2,7125529,108,108,108,MASCOTAS                                ,Boyaca,Sogamoso,2024-Diciembre,$100K-$250K,12
2024,Diciembre,7125529,20706,TRUCHA LEVANTE 40                  ,BULTO          ,1,195000.0,0,195000,1,7125529,207,207,207,ACUACULTURA                             ,Boyaca,Sogamoso,2024-Diciembre,$100K-$250K,12
2024,Diciembre,9127218,10121,MAXI HUEVO C                       ,BULTO          ,10,85000.0,0,850000,2,9127218,101,101,101,AVICULTURA                              ,Boyaca,Sogamoso,2024-Diciembre,$500K-$1M,12
2024,Diciembre,9127218,10123,PONEDORA EXTRA I C                 ,BULTO          ,2,83000.0,0,166000,1,9127218,101,101,101,AVICULTURA                              ,Boyaca,Sogamoso,2024-Diciembre,$100K-$250K,12
2024,Diciembre,9127218,10303,PECES 25                           ,BULTO          ,1,120000.0,0,120000,1,9127218,103,103,103,ACUACULTURA                             ,Boyaca,Sogamoso,2024-Diciembre,$100K-$250K,12
2024,Diciembre,9127218,20308,CERDO ENGORDE                      ,BULTO          ,4,74500.0,0,298000,2,9127218,203,203,203,PORCICULTURA                            ,Boyaca,Sogamoso,2024-Diciembre,$250K-$500K,12
2024,Diciembre,9127218,20707,TRUCHA FINALIZACION 40             ,BULTO          ,1,209000.0,0,209000,1,9127218,207,207,207,ACUACULTURA                             ,Boyaca,Sogamoso,2024-Diciembre,$100K-$250K,12
2024,Diciembre,9395832,10830,FILPO CACHORROS 10KG               ,BULTO          ,2,48000.0,0,96000,1,9395832,108,108,108,MASCOTAS                                ,Boyaca,Sogamoso,2024-Diciembre,$50K-$100K,12
2024,Diciembre,9395832,20707,TRUCHA FINALIZACION 40             ,BULTO          ,6,209000.0,0,1254000,2,9395832,207,207,207,ACUACULTURA                             ,Boyaca,Sogamoso,2024-Diciembre,>$1M,12
2024,Diciembre,9397589,10211,MAXI CERDAS GESTACION   R          ,BULTO          ,1,78000.0,0,78000,1,9397589,102,102,102,PORCICULTURA                            ,Boyaca,Sogamoso,2024-Diciembre,$50K-$100K,12
2024,Diciembre,9397589,20302,CERDO LEVANTE 1 NARANJA            ,BULTO          ,10,94000.0,0,940000,2,9397589,203,203,203,PORCICULTURA                            ,Boyaca,Sogamoso,2024-Diciembre,$500K-$1M,12
2024,Diciembre,9397589,20505,ITAL LECHE PELLET                  ,BULTO          ,1,58000.0,0,58000,1,9397589,205,205,205,GANADERIA                               ,Boyaca,Sogamoso,2024-Diciembre,$50K-$100K,12
2024,Diciembre,9397589,61101,POMADA ALFA X 60G                  ,UNIDAD         ,1,30000.0,0,30000,1,9397589,611,611,611,DROGA VETERINARIA                       ,Boyaca,Sogamoso,2024-Diciembre,<$50K,12
2024,Diciembre,9524221,10101,MAXI POLLITOS H.                   ,BULTO          ,1,100000.0,0,100000,1,9524221,101,101,101,AVICULTURA                              ,Boyaca,Sogamoso,2024-Diciembre,$50K-$100K,12
2024,Diciembre,9524221,20304,CERDO FINALIZADOR NARANJA          ,BULTO          ,1,92000.0,0,92000,1,9524221,203,203,203,PORCICULTURA                            ,Boyaca,Sogamoso,2024-Diciembre,$50K-$100K,12
2024,Diciembre,9524221,60702,MAIZ PARTIDO NACIONAL @            ,BOLSA          ,2,73000.0,0,146000,1,9524221,607,607,607,MAIZ                                    ,Boyaca,Sogamoso,2024-Diciembre,$100K-$250K,12
2024,Diciembre,9527933,10602,FORRAJE GANADERIA H TULIPAN        ,BULTO          ,1,59000.0,0,59000,1,9527933,106,106,105,GANADERIA                               ,Boyaca,Sogamoso,2024-Diciembre,$50K-$100K,12
2024,Diciembre,9527933,10603,FORRAJE GANADERIA P TULIPAN        ,BULTO          ,1,60000.0,0,60000,1,9527933,106,106,105,GANADERIA                               ,Boyaca,Sogamoso,2024-Diciembre,$50K-$100K,12
2024,Diciembre,9527933,30110,NUTRECAN ADULTOS RM Y RG 8KG       ,BULTO          ,1,22000.0,0,22000,1,9527933,301,301,108,MASCOTAS                                ,Boyaca,Sogamoso,2024-Diciembre,<$50K,12
2024,Diciembre,9527933,30117,NUTRECAN SENIOR 2K*8               ,BOLSA          ,1,22000.0,0,22000,1,9527933,301,301,108,MASCOTAS                                ,Boyaca,Sogamoso,2024-Diciembre,<$50K,12
2024,Diciembre,9527933,50201,RAZA PERROS 30KG                   ,BULTO          ,3,105000.0,0,315000,3,9527933,502,502,502,MASCOTAS                                ,Boyaca,Sogamoso,2024-Diciembre,$250K-$500K,12
2024,Diciembre,9527933,60810,DONKAT GATOS ADULTOS X 7KG         ,BULTO          ,1,22000.0,0,22000,1,9527933,608,608,608,MASCOTAS                                ,Boyaca,Sogamoso,2024-Diciembre,<$50K,12
2024,Diciembre,9531884,10829,RINGO CROQUETAS 30KG               ,BULTO          ,1,125000.0,0,125000,1,9531884,108,108,108,MASCOTAS                                ,Boyaca,Sogamoso,2024-Diciembre,$100K-$250K,12
2024,Diciembre,9534538,10203,MAXI LECHONES   R                  ,BULTO          ,14,95000.0,0,1330000,1,9534538,102,102,102,PORCICULTURA                            ,Boyaca,Sogamoso,2024-Diciembre,>$1M,12
2024,Diciembre,9534538,10204,MAXI LECHONES                      ,BULTO          ,3,95000.0,0,285000,1,9534538,102,102,102,PORCICULTURA                            ,Boyaca,Sogamoso,2024-Diciembre,$250K-$500K,12
2024,Diciembre,9534538,10207,MAXI CERDOS FINALIZADOR            ,BULTO          ,12,93000.0,0,1116000,1,9534538,102,102,102,PORCICULTURA                            ,Boyaca,Sogamoso,2024-Diciembre,>$1M,12
2024,Diciembre,9534538,20203,SUPER HUEVO PREPICO 100            ,BULTO          ,50,85000.0,0,4250000,1,9534538,202,202,101,AVICULTURA                              ,Boyaca,Sogamoso,2024-Diciembre,>$1M,12
2024,Diciembre,9636255,10112,BROILER P                          ,BULTO          ,1,98000.0,0,98000,1,9636255,101,101,101,AVICULTURA                              ,Boyaca,Sogamoso,2024-Diciembre,$50K-$100K,12
2024,Diciembre,9636255,20302,CERDO LEVANTE 1 NARANJA            ,BULTO          ,2,94000.0,0,188000,1,9636255,203,203,203,PORCICULTURA                            ,Boyaca,Sogamoso,2024-Diciembre,$100K-$250K,12
2024,Diciembre,17037305,10500,TERNERAS LEVANTE                   ,BULTO          ,3,92000.0,0,276000,1,17037305,105,105,105,GANADERIA                               ,Boyaca,Sogamoso,2024-Diciembre,$250K-$500K,12
2024,Diciembre,17037305,10602,FORRAJE GANADERIA H TULIPAN        ,BULTO          ,1,62000.0,0,62000,1,17037305,106,106,105,GANADERIA                               ,Boyaca,Sogamoso,2024-Diciembre,$50K-$100K,12
2024,Diciembre,17037305,10833,FILPO ADULTO 30KG                  ,BULTO          ,1,110000.0,0,110000,1,17037305,108,108,108,MASCOTAS                                ,Boyaca,Sogamoso,2024-Diciembre,$100K-$250K,12
2024,Diciembre,17037305,20503,CREMOSA                            ,BULTO          ,15,66000.0,0,990000,1,17037305,205,205,205,GANADERIA                               ,Boyaca,Sogamoso,2024-Diciembre,$500K-$1M,12
2024,Diciembre,17037305,60504,SAL 11% X 40KG                     ,BOLSA          ,3,77000.0,0,231000,1,17037305,605,605,605,SALES                                   ,Boyaca,Sogamoso,2024-Diciembre,$100K-$250K,12
2024,Diciembre,18004655,10833,FILPO ADULTO 30KG                  ,BULTO          ,1,103000.0,0,103000,1,18004655,108,108,108,MASCOTAS                                ,Boyaca,Sogamoso,2024-Diciembre,$100K-$250K,12
2024,Diciembre,22222222,10103,MAXI POLLITOS C.                   ,BULTO          ,54,99814.81,0,5390000,8,22222222,101,101,101,AVICULTURA                              ,Boyaca,Sogamoso,2024-Diciembre,>$1M,12
2024,Diciembre,22222222,10104,POLLITOS INICIACION 1K*20          ,BOLSA          ,1,28000.0,0,28000,1,22222222,101,101,101,AVICULTURA                              ,Boyaca,Sogamoso,2024-Diciembre,<$50K,12
2024,Diciembre,22222222,10105,POLLITOS INICIACION                ,BULTO          ,1,86000.0,0,86000,1,22222222,101,101,101,AVICULTURA                              ,Boyaca,Sogamoso,2024-Diciembre,$50K-$100K,12
2024,Diciembre,22222222,10107,MAXI BROILER C.                    ,BULTO          ,12,98333.33,0,1180000,3,22222222,101,101,101,AVICULTURA                              ,Boyaca,Sogamoso,2024-Diciembre,>$1M,12
2024,Diciembre,22222222,10108,MAXI BROILER P                     ,BULTO          ,47,110000.0,0,5170000,6,22222222,101,101,101,AVICULTURA                              ,Boyaca,Sogamoso,2024-Diciembre,>$1M,12
2024,Diciembre,22222222,10109,MAXI BROILER PIGMENTO C            ,BULTO          ,61,109786.89,0,6697000,17,22222222,101,101,101,AVICULTURA                              ,Boyaca,Sogamoso,2024-Diciembre,>$1M,12
2024,Diciembre,22222222,10110,MAXI BROILER PIGMENTO P            ,BULTO          ,5,110000.0,0,550000,5,22222222,101,101,101,AVICULTURA                              ,Boyaca,Sogamoso,2024-Diciembre,$500K-$1M,12
2024,Diciembre,22222222,10112,BROILER P                          ,BULTO          ,16,97250.0,0,1556000,11,22222222,101,101,101,AVICULTURA                              ,Boyaca,Sogamoso,2024-Diciembre,>$1M,12
2024,Diciembre,22222222,10113,POLLO CAMPESINO C 1K*20            ,BOLSA          ,4,2500.0,0,10000,1,22222222,101,101,101,AVICULTURA                              ,Boyaca,Sogamoso,2024-Diciembre,<$50K,12
2024,Diciembre,22222222,10114,POLLO CAMPESINO C                  ,BULTO          ,12,77000.0,0,924000,1,22222222,101,101,101,AVICULTURA                              ,Boyaca,Sogamoso,2024-Diciembre,$500K-$1M,12
2024,Diciembre,22222222,10118,POLLAS                             ,BULTO          ,52,85615.38,0,4452000,5,22222222,101,101,101,AVICULTURA                              ,Boyaca,Sogamoso,2024-Diciembre,>$1M,12
2024,Diciembre,22222222,10120,MAXI HUEVO H                       ,BULTO          ,14,84892.86,0,1188500,11,22222222,101,101,101,AVICULTURA                              ,Boyaca,Sogamoso,2024-Diciembre,>$1M,12
2024,Diciembre,22222222,10121,MAXI HUEVO C                       ,BULTO          ,316,85164.56,0,26912000,56,22222222,101,101,101,AVICULTURA                              ,Boyaca,Sogamoso,2024-Diciembre,>$1M,12
2024,Diciembre,22222222,10123,PONEDORA EXTRA I C                 ,BULTO          ,293,84245.73,0,24684000,30,22222222,101,101,101,AVICULTURA                              ,Boyaca,Sogamoso,2024-Diciembre,>$1M,12
2024,Diciembre,22222222,10125,PONEDORA EXTRA I P                 ,BULTO          ,1,83000.0,0,83000,1,22222222,101,101,101,AVICULTURA                              ,Boyaca,Sogamoso,2024-Diciembre,$50K-$100K,12
2024,Diciembre,22222222,10133,CODORNICES CONTEGRAL               ,BULTO          ,45,92377.78,0,4157000,7,22222222,101,101,101,AVICULTURA                              ,Boyaca,Sogamoso,2024-Diciembre,>$1M,12
2024,Diciembre,22222222,10202,INICIACION CERDOS                  ,BULTO          ,8,116500.0,0,932000,4,22222222,102,102,102,PORCICULTURA                            ,Boyaca,Sogamoso,2024-Diciembre,$500K-$1M,12
2024,Diciembre,22222222,10204,MAXI LECHONES                      ,BULTO          ,96,94635.42,0,9085000,19,22222222,102,102,102,PORCICULTURA                            ,Boyaca,Sogamoso,2024-Diciembre,>$1M,12
2024,Diciembre,22222222,10205,CERDOS LEVANTE                     ,BULTO          ,6,85666.67,0,514000,5,22222222,102,102,102,PORCICULTURA                            ,Boyaca,Sogamoso,2024-Diciembre,$500K-$1M,12
2024,Diciembre,22222222,10207,MAXI CERDOS FINALIZADOR            ,BULTO          ,1,93000.0,0,93000,1,22222222,102,102,102,PORCICULTURA                            ,Boyaca,Sogamoso,2024-Diciembre,$50K-$100K,12
2024,Diciembre,22222222,10208,CERDOS SUPER ENGORDE               ,BULTO          ,50,95600.0,0,4780000,2,22222222,102,102,102,PORCICULTURA                            ,Boyaca,Sogamoso,2024-Diciembre,>$1M,12
2024,Diciembre,22222222,10209,CERDOS ENGORDE                     ,BULTO          ,53,74000.0,0,3922000,4,22222222,102,102,102,PORCICULTURA                            ,Boyaca,Sogamoso,2024-Diciembre,>$1M,12
2024,Diciembre,22222222,10211,MAXI CERDAS GESTACION   R          ,BULTO          ,1,78000.0,0,78000,1,22222222,102,102,102,PORCICULTURA                            ,Boyaca,Sogamoso,2024-Diciembre,$50K-$100K,12
2024,Diciembre,22222222,10212,MAXI CERDAS GESTACION              ,BULTO          ,58,82681.03,0,4795500,12,22222222,102,102,102,PORCICULTURA                            ,Boyaca,Sogamoso,2024-Diciembre,>$1M,12
2024,Diciembre,22222222,10213,CERDAS LACTANCIA PRIMERIZAS        ,BULTO          ,1,83000.0,0,83000,1,22222222,102,102,102,PORCICULTURA                            ,Boyaca,Sogamoso,2024-Diciembre,$50K-$100K,12
2024,Diciembre,22222222,10214,MAXI CERDAS LACTANCIA              ,BULTO          ,28,90071.43,0,2522000,9,22222222,102,102,102,PORCICULTURA                            ,Boyaca,Sogamoso,2024-Diciembre,>$1M,12
2024,Diciembre,22222222,10300,"MAXI PECES 38 1,8 E                ",BULTO          ,15,187000.0,0,2805000,2,22222222,103,103,103,ACUACULTURA                             ,Boyaca,Sogamoso,2024-Diciembre,>$1M,12
2024,Diciembre,22222222,10301,"MAXI PECES 32 2,5 E                ",BULTO          ,26,135769.23,0,3530000,7,22222222,103,103,103,ACUACULTURA                             ,Boyaca,Sogamoso,2024-Diciembre,>$1M,12
2024,Diciembre,22222222,10303,PECES 25                           ,BULTO          ,22,120000.0,0,2640000,2,22222222,103,103,103,ACUACULTURA                             ,Boyaca,Sogamoso,2024-Diciembre,>$1M,12
2024,Diciembre,22222222,10304,"MAXI TRUCHAS 45 SP 1,8 E           ",BULTO          ,47,211148.94,0,9924000,4,22222222,103,103,103,ACUACULTURA                             ,Boyaca,Sogamoso,2024-Diciembre,>$1M,12
2024,Diciembre,22222222,10305,"MAXI TRUCHAS 45 SP 3,5 E           ",BULTO          ,79,219063.29,0,17306000,9,22222222,103,103,103,ACUACULTURA                             ,Boyaca,Sogamoso,2024-Diciembre,>$1M,12
2024,Diciembre,22222222,10306,TRUCHAS 40 CP E                    ,BULTO          ,113,219982.3,0,24858000,7,22222222,103,103,103,ACUACULTURA                             ,Boyaca,Sogamoso,2024-Diciembre,>$1M,12
2024,Diciembre,22222222,10400,POTROS  CINTA AZUL                 ,BULTO          ,5,85000.0,0,425000,1,22222222,104,104,104,EQUINOS                                 ,Boyaca,Sogamoso,2024-Diciembre,$250K-$500K,12
2024,Diciembre,22222222,10401,YEGUAS                             ,BULTO          ,8,80500.0,0,644000,2,22222222,104,104,104,EQUINOS                                 ,Boyaca,Sogamoso,2024-Diciembre,$500K-$1M,12
2024,Diciembre,22222222,10402,CINTA AZUL  ADULTOS                ,BULTO          ,12,57000.0,0,684000,3,22222222,104,104,104,EQUINOS                                 ,Boyaca,Sogamoso,2024-Diciembre,$500K-$1M,12
2024,Diciembre,22222222,10403,CORCEL                             ,BULTO          ,1,70000.0,0,70000,1,22222222,104,104,104,EQUINOS                                 ,Boyaca,Sogamoso,2024-Diciembre,$50K-$100K,12
2024,Diciembre,22222222,10500,TERNERAS LEVANTE                   ,BULTO          ,46,89586.96,0,4121000,8,22222222,105,105,105,GANADERIA                               ,Boyaca,Sogamoso,2024-Diciembre,>$1M,12
2024,Diciembre,22222222,10501,NOVILLONAS                         ,BULTO          ,52,76865.38,0,3997000,13,22222222,105,105,105,GANADERIA                               ,Boyaca,Sogamoso,2024-Diciembre,>$1M,12
2024,Diciembre,22222222,10504,CONTELAC 14%                       ,BULTO          ,106,87537.74,0,9279000,13,22222222,105,105,105,GANADERIA                               ,Boyaca,Sogamoso,2024-Diciembre,>$1M,12
2024,Diciembre,22222222,10505,CONTELAC 16%                       ,BULTO          ,20,74000.0,0,1480000,1,22222222,105,105,105,GANADERIA                               ,Boyaca,Sogamoso,2024-Diciembre,>$1M,12
2024,Diciembre,22222222,10506,CONTELAC 18%                       ,BULTO          ,59,65796.61,0,3882000,10,22222222,105,105,105,GANADERIA                               ,Boyaca,Sogamoso,2024-Diciembre,>$1M,12
2024,Diciembre,22222222,10507,PRELACTANCIA                       ,BULTO          ,2,75000.0,0,150000,2,22222222,105,105,105,GANADERIA                               ,Boyaca,Sogamoso,2024-Diciembre,$100K-$250K,12
2024,Diciembre,22222222,10515,NOVILLOS CEBA P                    ,BULTO          ,40,79050.0,0,3162000,13,22222222,105,105,105,GANADERIA                               ,Boyaca,Sogamoso,2024-Diciembre,>$1M,12
2024,Diciembre,22222222,10516,MAXI SAL 11% H                     ,BULTO          ,1,24000.0,0,24000,1,22222222,105,105,105,GANADERIA                               ,Boyaca,Sogamoso,2024-Diciembre,<$50K,12
2024,Diciembre,22222222,10602,FORRAJE GANADERIA H TULIPAN        ,BULTO          ,2,60000.0,0,120000,1,22222222,106,106,105,GANADERIA                               ,Boyaca,Sogamoso,2024-Diciembre,$100K-$250K,12
2024,Diciembre,22222222,10603,FORRAJE GANADERIA P TULIPAN        ,BULTO          ,14,59357.14,0,831000,7,22222222,106,106,105,GANADERIA                               ,Boyaca,Sogamoso,2024-Diciembre,$500K-$1M,12
2024,Diciembre,22222222,10701,CONEJOS                            ,BULTO          ,107,98448.6,0,10534000,32,22222222,107,107,107,CONEJOS                                 ,Boyaca,Sogamoso,2024-Diciembre,>$1M,12
2024,Diciembre,22222222,10808,NUTRISS ADULTOS CARNE Y VEG 2K*5   ,BOLSA          ,2,34000.0,0,68000,1,22222222,108,108,108,MASCOTAS                                ,Boyaca,Sogamoso,2024-Diciembre,$50K-$100K,12
2024,Diciembre,22222222,10809,NUTRISS ADULTOS CARNE Y VEG  30KG  ,BULTO          ,3,160000.0,0,480000,3,22222222,108,108,108,MASCOTAS                                ,Boyaca,Sogamoso,2024-Diciembre,$250K-$500K,12
2024,Diciembre,22222222,10819,RINGO CACHORROS 30KG               ,BULTO          ,2,148500.0,0,297000,2,22222222,108,108,108,MASCOTAS                                ,Boyaca,Sogamoso,2024-Diciembre,$250K-$500K,12
2024,Diciembre,22222222,10821,RINGO PREMIUM 20KG                 ,BULTO          ,2,107000.0,0,214000,2,22222222,108,108,108,MASCOTAS                                ,Boyaca,Sogamoso,2024-Diciembre,$100K-$250K,12
2024,Diciembre,22222222,10824,RINGO PREMIUM 30KG                 ,BULTO          ,18,151944.44,0,2735000,18,22222222,108,108,108,MASCOTAS                                ,Boyaca,Sogamoso,2024-Diciembre,>$1M,12
2024,Diciembre,22222222,10826,RINGO CROQUETAS 20KG               ,BULTO          ,5,89600.0,0,448000,4,22222222,108,108,108,MASCOTAS                                ,Boyaca,Sogamoso,2024-Diciembre,$250K-$500K,12
2024,Diciembre,22222222,10829,RINGO CROQUETAS 30KG               ,BULTO          ,36,126416.67,0,4551000,33,22222222,108,108,108,MASCOTAS                                ,Boyaca,Sogamoso,2024-Diciembre,>$1M,12
2024,Diciembre,22222222,10831,FILPO ADULTO 10KG                  ,BULTO          ,12,39916.67,0,479000,11,22222222,108,108,108,MASCOTAS                                ,Boyaca,Sogamoso,2024-Diciembre,$250K-$500K,12
2024,Diciembre,22222222,10833,FILPO ADULTO 30KG                  ,BULTO          ,44,104454.55,0,4596000,43,22222222,108,108,108,MASCOTAS                                ,Boyaca,Sogamoso,2024-Diciembre,>$1M,12
2024,Diciembre,22222222,10842,MIRRINGO 8KG                       ,BULTO          ,23,67217.39,0,1546000,22,22222222,108,108,108,MASCOTAS                                ,Boyaca,Sogamoso,2024-Diciembre,>$1M,12
2024,Diciembre,22222222,10844,MIRRINGO 1KG*20                    ,BOLSA          ,1,9500.0,0,9500,1,22222222,108,108,108,MASCOTAS                                ,Boyaca,Sogamoso,2024-Diciembre,<$50K,12
2024,Diciembre,22222222,10854,MIRRINGO ARENA 10 KG               ,BOLSA          ,1,52000.0,0,52000,1,22222222,108,108,108,MASCOTAS                                ,Boyaca,Sogamoso,2024-Diciembre,$50K-$100K,12
2024,Diciembre,22222222,20102,SUPER POLLITO INICIACION 5K*4      ,BOLSA          ,1,30000.0,0,30000,1,22222222,201,201,101,AVICULTURA                              ,Boyaca,Sogamoso,2024-Diciembre,<$50K,12
2024,Diciembre,22222222,20103,SUPER POLLITO INICIACION DIS       ,BULTO          ,1,30000.0,0,30000,1,22222222,201,201,101,AVICULTURA                              ,Boyaca,Sogamoso,2024-Diciembre,<$50K,12
2024,Diciembre,22222222,20105,SUPER POLLO ENGORDE 5K*4           ,BOLSA          ,2,29000.0,0,58000,2,22222222,201,201,101,AVICULTURA                              ,Boyaca,Sogamoso,2024-Diciembre,$50K-$100K,12
2024,Diciembre,22222222,20106,SUPER POLLO ENGORDE DORADO         ,BULTO          ,14,108857.14,0,1524000,11,22222222,201,201,101,AVICULTURA                              ,Boyaca,Sogamoso,2024-Diciembre,>$1M,12
2024,Diciembre,22222222,20107,SUPER POLLO ENGORDE DIS            ,BULTO          ,3,89000.0,0,267000,3,22222222,201,201,101,AVICULTURA                              ,Boyaca,Sogamoso,2024-Diciembre,$250K-$500K,12
2024,Diciembre,22222222,20108,POLLO CRIOLLO P                    ,BULTO          ,28,75000.0,0,2100000,5,22222222,201,201,101,AVICULTURA                              ,Boyaca,Sogamoso,2024-Diciembre,>$1M,12
2024,Diciembre,22222222,20109,POLLO CRIOLLO Q                    ,BULTO          ,22,75000.0,0,1650000,3,22222222,201,201,101,AVICULTURA                              ,Boyaca,Sogamoso,2024-Diciembre,>$1M,12
2024,Diciembre,22222222,20201,POLLA LEVANTE                      ,BULTO          ,2,86000.0,0,172000,2,22222222,202,202,101,AVICULTURA                              ,Boyaca,Sogamoso,2024-Diciembre,$100K-$250K,12
2024,Diciembre,22222222,20202,SUPER HUEVO PREPICO                ,BULTO          ,111,80900.9,0,8980000,24,22222222,202,202,101,AVICULTURA                              ,Boyaca,Sogamoso,2024-Diciembre,>$1M,12
2024,Diciembre,22222222,20203,SUPER HUEVO PREPICO 100            ,BULTO          ,486,85394.03,0,41501500,59,22222222,202,202,101,AVICULTURA                              ,Boyaca,Sogamoso,2024-Diciembre,>$1M,12
2024,Diciembre,22222222,20205,PONEDORA CAMPESINA                 ,BULTO          ,2,69500.0,0,139000,2,22222222,202,202,101,AVICULTURA                              ,Boyaca,Sogamoso,2024-Diciembre,$100K-$250K,12
2024,Diciembre,22222222,20301,CERDITOS INICIACION NARANJA        ,BULTO          ,17,115823.53,0,1969000,9,22222222,203,203,203,PORCICULTURA                            ,Boyaca,Sogamoso,2024-Diciembre,>$1M,12
2024,Diciembre,22222222,20302,CERDO LEVANTE 1 NARANJA            ,BULTO          ,177,93124.29,0,16483000,39,22222222,203,203,203,PORCICULTURA                            ,Boyaca,Sogamoso,2024-Diciembre,>$1M,12
2024,Diciembre,22222222,20303,CERDO ENGORDE NARANJA              ,BULTO          ,32,89468.75,0,2863000,7,22222222,203,203,203,PORCICULTURA                            ,Boyaca,Sogamoso,2024-Diciembre,>$1M,12
2024,Diciembre,22222222,20304,CERDO FINALIZADOR NARANJA          ,BULTO          ,102,90470.59,0,9228000,10,22222222,203,203,203,PORCICULTURA                            ,Boyaca,Sogamoso,2024-Diciembre,>$1M,12
2024,Diciembre,22222222,20305,CERDA GESTACION NARANJA            ,BULTO          ,15,83600.0,0,1254000,7,22222222,203,203,203,PORCICULTURA                            ,Boyaca,Sogamoso,2024-Diciembre,>$1M,12
2024,Diciembre,22222222,20306,CERDA LACTANCIA NARANJA            ,BULTO          ,19,92684.21,0,1761000,6,22222222,203,203,203,PORCICULTURA                            ,Boyaca,Sogamoso,2024-Diciembre,>$1M,12
2024,Diciembre,22222222,20307,CERDO LEVANTE                      ,BULTO          ,105,84819.05,0,8906000,24,22222222,203,203,203,PORCICULTURA                            ,Boyaca,Sogamoso,2024-Diciembre,>$1M,12
2024,Diciembre,22222222,20308,CERDO ENGORDE                      ,BULTO          ,67,74283.58,0,4977000,20,22222222,203,203,203,PORCICULTURA                            ,Boyaca,Sogamoso,2024-Diciembre,>$1M,12
2024,Diciembre,22222222,20309,CERDO CEBA                         ,BULTO          ,1,74000.0,0,74000,1,22222222,203,203,203,PORCICULTURA                            ,Boyaca,Sogamoso,2024-Diciembre,$50K-$100K,12
2024,Diciembre,22222222,20503,CREMOSA                            ,BULTO          ,177,69593.22,0,12318000,10,22222222,205,205,205,GANADERIA                               ,Boyaca,Sogamoso,2024-Diciembre,>$1M,12
2024,Diciembre,22222222,20505,ITAL LECHE PELLET                  ,BULTO          ,143,59118.88,0,8454000,10,22222222,205,205,205,GANADERIA                               ,Boyaca,Sogamoso,2024-Diciembre,>$1M,12
2024,Diciembre,22222222,20600,EQUINOS                            ,BULTO          ,54,76629.63,0,4138000,6,22222222,206,206,206,EQUINOS                                 ,Boyaca,Sogamoso,2024-Diciembre,>$1M,12
2024,Diciembre,22222222,20603,BRIO YEGUAS                        ,BULTO          ,7,83000.0,0,581000,1,22222222,206,206,206,EQUINOS                                 ,Boyaca,Sogamoso,2024-Diciembre,$500K-$1M,12
2024,Diciembre,22222222,20604,BRIO POTROS                        ,BULTO          ,3,86000.0,0,258000,3,22222222,206,206,206,EQUINOS                                 ,Boyaca,Sogamoso,2024-Diciembre,$250K-$500K,12
2024,Diciembre,22222222,20606,FURIA TOTAL                        ,BULTO          ,51,78901.96,0,4024000,10,22222222,206,206,206,EQUINOS                                 ,Boyaca,Sogamoso,2024-Diciembre,>$1M,12
2024,Diciembre,22222222,20607,MULTIFORRAJE EQUINO                ,BULTO          ,18,63666.67,0,1146000,8,22222222,206,206,206,EQUINOS                                 ,Boyaca,Sogamoso,2024-Diciembre,>$1M,12
2024,Diciembre,22222222,20608,PODIUM                             ,BULTO          ,130,84946.15,0,11043000,9,22222222,206,206,206,EQUINOS                                 ,Boyaca,Sogamoso,2024-Diciembre,>$1M,12
2024,Diciembre,22222222,20700,MOJARRA 34 EXTR                    ,BULTO          ,1,145000.0,0,145000,1,22222222,207,207,207,ACUACULTURA                             ,Boyaca,Sogamoso,2024-Diciembre,$100K-$250K,12
2024,Diciembre,22222222,20704,MOJARRA 20 EXTR                    ,BULTO          ,5,114000.0,0,570000,4,22222222,207,207,207,ACUACULTURA                             ,Boyaca,Sogamoso,2024-Diciembre,$500K-$1M,12
2024,Diciembre,22222222,20705,TRUCHA INICIACION 50               ,BULTO          ,7,243142.86,0,1702000,7,22222222,207,207,207,ACUACULTURA                             ,Boyaca,Sogamoso,2024-Diciembre,>$1M,12
2024,Diciembre,22222222,20706,TRUCHA LEVANTE 40                  ,BULTO          ,72,192916.67,0,13890000,13,22222222,207,207,207,ACUACULTURA                             ,Boyaca,Sogamoso,2024-Diciembre,>$1M,12
2024,Diciembre,22222222,20707,TRUCHA FINALIZACION 40             ,BULTO          ,320,208903.13,0,66849000,31,22222222,207,207,207,ACUACULTURA                             ,Boyaca,Sogamoso,2024-Diciembre,>$1M,12
2024,Diciembre,22222222,30100,NUTRECAN BABIES 800G*20            ,BOLSA          ,1,5000.0,0,5000,1,22222222,301,301,108,MASCOTAS                                ,Boyaca,Sogamoso,2024-Diciembre,<$50K,12
2024,Diciembre,22222222,30104,NUTRECAN ADULTOS RAZAS PEQUE 2K*8  ,BOLSA          ,1,23000.0,0,23000,1,22222222,301,301,108,MASCOTAS                                ,Boyaca,Sogamoso,2024-Diciembre,<$50K,12
2024,Diciembre,22222222,30106,NUTRECAN ADULTOS RAZAS PEQUE 8KG   ,BULTO          ,1,90000.0,0,90000,1,22222222,301,301,108,MASCOTAS                                ,Boyaca,Sogamoso,2024-Diciembre,$50K-$100K,12
2024,Diciembre,22222222,30107,NUTRECAN ADULTOS RM Y RG 800G*20   ,BOLSA          ,1,8500.0,0,8500,1,22222222,301,301,108,MASCOTAS                                ,Boyaca,Sogamoso,2024-Diciembre,<$50K,12
2024,Diciembre,22222222,30110,NUTRECAN ADULTOS RM Y RG 8KG       ,BULTO          ,6,74500.0,0,447000,5,22222222,301,301,108,MASCOTAS                                ,Boyaca,Sogamoso,2024-Diciembre,$250K-$500K,12
2024,Diciembre,22222222,30112,NUTRECAN ADULTOS RM Y RG 25KG      ,BULTO          ,3,223000.0,0,669000,3,22222222,301,301,108,MASCOTAS                                ,Boyaca,Sogamoso,2024-Diciembre,$500K-$1M,12
2024,Diciembre,22222222,30113,NUTRECAN LIGHT 800G*20             ,BOLSA          ,1,9000.0,0,9000,1,22222222,301,301,108,MASCOTAS                                ,Boyaca,Sogamoso,2024-Diciembre,<$50K,12
2024,Diciembre,22222222,30115,NUTRECAN LIGHT 8KG                 ,BULTO          ,5,108800.0,0,544000,3,22222222,301,301,108,MASCOTAS                                ,Boyaca,Sogamoso,2024-Diciembre,$500K-$1M,12
2024,Diciembre,22222222,30118,NUTRECAN SENIOR 8KG                ,BULTO          ,1,88000.0,0,88000,1,22222222,301,301,108,MASCOTAS                                ,Boyaca,Sogamoso,2024-Diciembre,$50K-$100K,12
2024,Diciembre,22222222,30123,NUTRECAN CROQUETAS CACHORROS 15KG  ,BULTO          ,1,97000.0,0,97000,1,22222222,301,301,108,MASCOTAS                                ,Boyaca,Sogamoso,2024-Diciembre,$50K-$100K,12
2024,Diciembre,22222222,30126,NUTRECAN CROQUETAS ADULTOS 15KG    ,BULTO          ,3,96666.67,0,290000,3,22222222,301,301,108,MASCOTAS                                ,Boyaca,Sogamoso,2024-Diciembre,$250K-$500K,12
2024,Diciembre,22222222,30127,NUTRECAN CROQUETAS ADULTOS 25KG    ,BULTO          ,2,161000.0,0,322000,2,22222222,301,301,108,MASCOTAS                                ,Boyaca,Sogamoso,2024-Diciembre,$250K-$500K,12
2024,Diciembre,22222222,30200,NUTRECAT ARENA PARA GATOS 5K*4     ,BOLSA          ,1,19000.0,0,19000,1,22222222,302,302,108,MASCOTAS                                ,Boyaca,Sogamoso,2024-Diciembre,<$50K,12
2024,Diciembre,22222222,30205,Q-IDA CAT 8KG                      ,BULTO          ,1,70000.0,0,70000,1,22222222,302,302,108,MASCOTAS                                ,Boyaca,Sogamoso,2024-Diciembre,$50K-$100K,12
2024,Diciembre,22222222,30208,NUTRECAT HOME 8KG                  ,BULTO          ,2,90000.0,0,180000,2,22222222,302,302,108,MASCOTAS                                ,Boyaca,Sogamoso,2024-Diciembre,$100K-$250K,12
2024,Diciembre,22222222,30211,NUTRECAT LIBERTY 8KG               ,BULTO          ,1,90000.0,0,90000,1,22222222,302,302,108,MASCOTAS                                ,Boyaca,Sogamoso,2024-Diciembre,$50K-$100K,12
2024,Diciembre,22222222,30401,NUTREPOLLO C.                      ,BULTO          ,1,99000.0,0,99000,1,22222222,304,304,304,AVICULTURA                              ,Boyaca,Sogamoso,2024-Diciembre,$50K-$100K,12
2024,Diciembre,22222222,30503,CHANCHITOS I.C                     ,BULTO          ,5,94000.0,0,470000,3,22222222,305,305,305,PORCICULTURA                            ,Boyaca,Sogamoso,2024-Diciembre,$250K-$500K,12
2024,Diciembre,22222222,30504,FINALIZADOR GP                     ,BULTO          ,1,101000.0,0,101000,1,22222222,305,305,305,PORCICULTURA                            ,Boyaca,Sogamoso,2024-Diciembre,$100K-$250K,12
2024,Diciembre,22222222,30506,CHANCHITOS PET                     ,BULTO          ,9,94000.0,0,846000,6,22222222,305,305,305,PORCICULTURA                            ,Boyaca,Sogamoso,2024-Diciembre,$500K-$1M,12
2024,Diciembre,22222222,30508,FINALIZADOR 70                     ,BULTO          ,2,82000.0,0,164000,2,22222222,305,305,305,PORCICULTURA                            ,Boyaca,Sogamoso,2024-Diciembre,$100K-$250K,12
2024,Diciembre,22222222,30701,CAMPEON DORADO TEXT                ,BULTO          ,3,100000.0,0,300000,3,22222222,307,307,307,EQUINOS                                 ,Boyaca,Sogamoso,2024-Diciembre,$250K-$500K,12
2024,Diciembre,22222222,40202,POLLO INICIACION C                 ,BULTO          ,21,85333.33,0,1792000,9,22222222,402,402,402,AVICULTURA                              ,Boyaca,Sogamoso,2024-Diciembre,>$1M,12
2024,Diciembre,22222222,40204,Q-IDA SUPLEPOLLO C 1K*20           ,BOLSA          ,7,2714.29,0,19000,3,22222222,402,402,402,AVICULTURA                              ,Boyaca,Sogamoso,2024-Diciembre,<$50K,12
2024,Diciembre,22222222,40206,Q-IDA SUPLEPOLLO P 1K*20           ,BOLSA          ,6,2500.0,0,15000,1,22222222,402,402,402,AVICULTURA                              ,Boyaca,Sogamoso,2024-Diciembre,<$50K,12
2024,Diciembre,22222222,50112,PONEDORA 18                        ,BULTO          ,1,85000.0,0,85000,1,22222222,501,501,101,AVICULTURA                              ,Boyaca,Sogamoso,2024-Diciembre,$50K-$100K,12
2024,Diciembre,22222222,50117,FIBRAMIX PELETIZADO                ,BULTO          ,87,86379.31,0,7515000,3,22222222,501,501,105,GANADERIA                               ,Boyaca,Sogamoso,2024-Diciembre,>$1M,12
2024,Diciembre,22222222,50119,RAZA CUIDO                         ,BULTO          ,1,65000.0,0,65000,1,22222222,501,501,105,GANADERIA                               ,Boyaca,Sogamoso,2024-Diciembre,$50K-$100K,12
2024,Diciembre,22222222,50200,RAZA PERROS 10KG                   ,BULTO          ,37,44729.73,0,1655000,3,22222222,502,502,502,MASCOTAS                                ,Boyaca,Sogamoso,2024-Diciembre,>$1M,12
2024,Diciembre,22222222,50201,RAZA PERROS 30KG                   ,BULTO          ,64,114062.5,0,7300000,13,22222222,502,502,502,MASCOTAS                                ,Boyaca,Sogamoso,2024-Diciembre,>$1M,12
2024,Diciembre,22222222,50203,SUPERCAN CROQUETAS 15KG            ,BULTO          ,1,83000.0,0,83000,1,22222222,502,502,502,MASCOTAS                                ,Boyaca,Sogamoso,2024-Diciembre,$50K-$100K,12
2024,Diciembre,22222222,50206,SUPERCAN CROQUETAS 30KG            ,BULTO          ,1,128000.0,0,128000,1,22222222,502,502,502,MASCOTAS                                ,Boyaca,Sogamoso,2024-Diciembre,$100K-$250K,12
2024,Diciembre,22222222,50209,SUPERCAN DELI ADULTOS 1.5K*10      ,BOLSA          ,2,27000.0,0,54000,2,22222222,502,502,502,MASCOTAS                                ,Boyaca,Sogamoso,2024-Diciembre,$50K-$100K,12
2024,Diciembre,22222222,60131,RATAQUILL SOBRE 20G*25             ,SOBRE          ,1,5000.0,0,5000,1,22222222,601,601,610,DROGA VETERINARIA                       ,Boyaca,Sogamoso,2024-Diciembre,<$50K,12
2024,Diciembre,22222222,60145,TENIBEST JERINGA X 2ML             ,JERINGA        ,1,7000.0,0,7000,1,22222222,601,601,610,DROGA VETERINARIA                       ,Boyaca,Sogamoso,2024-Diciembre,<$50K,12
2024,Diciembre,22222222,60149,IVERBEST L.A FRASCO X 20ML         ,FRASCO         ,3,32000.0,0,96000,1,22222222,601,601,610,DROGA VETERINARIA                       ,Boyaca,Sogamoso,2024-Diciembre,$50K-$100K,12
2024,Diciembre,22222222,60220,MATARRAZ X250ML                    ,FRASCO         ,3,54000.0,0,162000,3,22222222,602,602,610,DROGA VETERINARIA                       ,Boyaca,Sogamoso,2024-Diciembre,$100K-$250K,12
2024,Diciembre,22222222,60332,SEMILLA GIRASOL X 200G             ,BOLSA          ,1,6000.0,0,6000,1,22222222,603,603,606,SEMILLAS                                ,Boyaca,Sogamoso,2024-Diciembre,<$50K,12
2024,Diciembre,22222222,60347,ARGOLLA NARIGUERA                  ,UNIDAD         ,1,15000.0,0,15000,1,22222222,603,603,603,OTROS,Boyaca,Sogamoso,2024-Diciembre,<$50K,12
2024,Diciembre,22222222,60502,SAL 11% X 5KG*10                   ,BOLSA          ,1,23000.0,0,23000,1,22222222,605,605,605,SALES                                   ,Boyaca,Sogamoso,2024-Diciembre,<$50K,12
2024,Diciembre,22222222,60504,SAL 11% X 40KG                     ,BOLSA          ,2,73000.0,0,146000,2,22222222,605,605,605,SALES                                   ,Boyaca,Sogamoso,2024-Diciembre,$100K-$250K,12
2024,Diciembre,22222222,60505,SAL 6% X 5KG*10                    ,BOLSA          ,1,22000.0,0,22000,1,22222222,605,605,605,SALES                                   ,Boyaca,Sogamoso,2024-Diciembre,<$50K,12
2024,Diciembre,22222222,60507,SAL 6% X 40KG                      ,BOLSA          ,15,95000.0,0,1425000,1,22222222,605,605,605,SALES                                   ,Boyaca,Sogamoso,2024-Diciembre,>$1M,12
2024,Diciembre,22222222,60700,MAIZ NACIONAL X50KG                ,BULTO          ,17,87058.82,0,1480000,12,22222222,607,607,607,MAIZ                                    ,Boyaca,Sogamoso,2024-Diciembre,>$1M,12
2024,Diciembre,22222222,60701,MAIZ NACIONAL @                    ,BOLSA          ,2,25500.0,0,51000,2,22222222,607,607,607,MAIZ                                    ,Boyaca,Sogamoso,2024-Diciembre,$50K-$100K,12
2024,Diciembre,22222222,60703,MAIZ PARTIDO NACIONAL X 40KG       ,BULTO          ,3,74333.33,0,223000,3,22222222,607,607,607,MAIZ                                    ,Boyaca,Sogamoso,2024-Diciembre,$100K-$250K,12
2024,Diciembre,22222222,60807,DOGOURMET CARNE PARRILLA ADULTO X 1,BOLSA          ,1,68000.0,0,68000,1,22222222,608,608,608,MASCOTAS                                ,Boyaca,Sogamoso,2024-Diciembre,$50K-$100K,12
2024,Diciembre,22222222,60810,DONKAT GATOS ADULTOS X 7KG         ,BULTO          ,7,65000.0,0,455000,7,22222222,608,608,608,MASCOTAS                                ,Boyaca,Sogamoso,2024-Diciembre,$250K-$500K,12
2024,Diciembre,22222222,60819,MAXI CAT ARENA SANITARIA PARA GATOS,BOLSA          ,2,53000.0,0,106000,2,22222222,608,608,608,MASCOTAS                                ,Boyaca,Sogamoso,2024-Diciembre,$100K-$250K,12
2024,Diciembre,22222222,60820,MONELLO CAT GATITOS X 1KG          ,BOLSA          ,1,26000.0,0,26000,1,22222222,608,608,608,MASCOTAS                                ,Boyaca,Sogamoso,2024-Diciembre,<$50K,12
2024,Diciembre,22222222,60821,"MONELLO CAT SALMON, ATUN, POLLO X 1",BOLSA          ,5,25000.0,0,125000,4,22222222,608,608,608,MASCOTAS                                ,Boyaca,Sogamoso,2024-Diciembre,$100K-$250K,12
2024,Diciembre,22222222,60822,"MONELLO CAT SALMON, ATUN, POLLO X 7",BULTO          ,2,125000.0,0,250000,2,22222222,608,608,608,MASCOTAS                                ,Boyaca,Sogamoso,2024-Diciembre,$100K-$250K,12
2024,Diciembre,22222222,60826,MONELLO CACHORRO X7KG              ,BULTO          ,2,98000.0,0,196000,2,22222222,608,608,608,MASCOTAS                                ,Boyaca,Sogamoso,2024-Diciembre,$100K-$250K,12
2024,Diciembre,22222222,60828,MONELLO RAZA PEQUEÑA X 7KG         ,BULTO          ,2,98000.0,0,196000,2,22222222,608,608,608,MASCOTAS                                ,Boyaca,Sogamoso,2024-Diciembre,$100K-$250K,12
2024,Diciembre,22222222,60842,DOGOURMET CARNE PARRILLA ADULTO X 2,BULTO          ,1,187000.0,0,187000,1,22222222,608,608,608,MASCOTAS                                ,Boyaca,Sogamoso,2024-Diciembre,$100K-$250K,12
2024,Diciembre,22222222,60843,DONKAN CARNE CEREALES X 12KG       ,BULTO          ,1,60000.0,0,60000,1,22222222,608,608,608,MASCOTAS                                ,Boyaca,Sogamoso,2024-Diciembre,$50K-$100K,12
2024,Diciembre,22222222,60848,MONELLO TRADICIONAL X 7KG          ,BULTO          ,1,88000.0,0,88000,1,22222222,608,608,608,MASCOTAS                                ,Boyaca,Sogamoso,2024-Diciembre,$50K-$100K,12
2024,Diciembre,22222222,60849,MONELLO TRADICIONAL X 15KG         ,BULTO          ,1,170000.0,0,170000,1,22222222,608,608,608,MASCOTAS                                ,Boyaca,Sogamoso,2024-Diciembre,$100K-$250K,12
2024,Diciembre,22222222,60881,CHUNKY ADULTO X 9KG                ,BULTO          ,1,68000.0,0,68000,1,22222222,608,608,608,MASCOTAS                                ,Boyaca,Sogamoso,2024-Diciembre,$50K-$100K,12
2024,Diciembre,22222222,60883,CHUNKY CACHORRO X 9KG              ,BULTO          ,2,78000.0,0,156000,2,22222222,608,608,608,MASCOTAS                                ,Boyaca,Sogamoso,2024-Diciembre,$100K-$250K,12
2024,Diciembre,22222222,60884,CHUNKY CACHORRO X 18KG             ,BULTO          ,2,147000.0,0,294000,2,22222222,608,608,608,MASCOTAS                                ,Boyaca,Sogamoso,2024-Diciembre,$250K-$500K,12
2024,Diciembre,22222222,61002,CREOLINA GOLD COOPERS X 470ML      ,FRASCO         ,1,24000.0,0,24000,1,22222222,610,610,610,DROGA VETERINARIA                       ,Boyaca,Sogamoso,2024-Diciembre,<$50K,12
2024,Diciembre,22222222,61020,OXITETRAXICICLINA MK  200mg X 100ML,FRASCO         ,1,45000.0,0,45000,1,22222222,610,610,610,DROGA VETERINARIA                       ,Boyaca,Sogamoso,2024-Diciembre,<$50K,12
2024,Diciembre,22222222,61049,CALFON ORAL                        ,FRASCO         ,2,42000.0,0,84000,1,22222222,610,610,610,DROGA VETERINARIA                       ,Boyaca,Sogamoso,2024-Diciembre,$50K-$100K,12
2024,Diciembre,22222222,61068,BELAMYL-R X 10ML                   ,FRASCO         ,1,120000.0,0,120000,1,22222222,610,610,610,DROGA VETERINARIA                       ,Boyaca,Sogamoso,2024-Diciembre,$100K-$250K,12
2024,Diciembre,22222222,61079,ALPISTE X LIBRA                    ,BOLSA          ,2,4500.0,0,9000,1,22222222,610,610,610,DROGA VETERINARIA                       ,Boyaca,Sogamoso,2024-Diciembre,<$50K,12
2024,Diciembre,22222222,61084,MELAZA GARRAFA X 6KG               ,GARRAFA        ,1,15000.0,0,15000,1,22222222,610,610,610,DROGA VETERINARIA                       ,Boyaca,Sogamoso,2024-Diciembre,<$50K,12
2024,Diciembre,22222222,61085,MELAZA X 30KG                      ,BULTO          ,1,35000.0,0,35000,1,22222222,610,610,610,DROGA VETERINARIA                       ,Boyaca,Sogamoso,2024-Diciembre,<$50K,12
2024,Diciembre,22222222,61100,POMADA ALFA X220G                  ,UNIDAD         ,1,30000.0,0,30000,1,22222222,611,611,611,DROGA VETERINARIA                       ,Boyaca,Sogamoso,2024-Diciembre,<$50K,12
2024,Diciembre,22222222,61126,OXITETRACICLINA 50mg x100ML        ,FRASCO         ,2,10000.0,0,20000,1,22222222,611,611,611,DROGA VETERINARIA                       ,Boyaca,Sogamoso,2024-Diciembre,<$50K,12
2024,Diciembre,22222222,61167,CURAGAN AEROSOL X375ML             ,FRASCO         ,3,28000.0,0,84000,3,22222222,611,611,611,DROGA VETERINARIA                       ,Boyaca,Sogamoso,2024-Diciembre,$50K-$100K,12
2024,Diciembre,22222222,61180,MANILA NAUT CALIBRE 8 X300 MTS     ,METRO          ,30,1600.0,0,48000,1,22222222,611,611,611,DROGA VETERINARIA                       ,Boyaca,Sogamoso,2024-Diciembre,<$50K,12
2024,Diciembre,22222222,61200,CHUNKY ADULTOS 25KG                ,BULTO          ,8,162625.0,0,1301000,8,22222222,612,612,612,MASCOTAS                                ,Boyaca,Sogamoso,2024-Diciembre,>$1M,12
2024,Diciembre,22222222,61201,ITALCAN CARNE Y VERD 25KG          ,BULTO          ,11,95000.0,0,1045000,10,22222222,612,612,612,MASCOTAS                                ,Boyaca,Sogamoso,2024-Diciembre,>$1M,12
2024,Diciembre,22222222,61202,ITALCAN CARNE Y VERD 10KG          ,BULTO          ,1,40000.0,0,40000,1,22222222,612,612,612,MASCOTAS                                ,Boyaca,Sogamoso,2024-Diciembre,<$50K,12
2024,Diciembre,22222222,61203,ITALCAN PLUS POLLO Y ARROZ 25KG    ,BULTO          ,6,95000.0,0,570000,6,22222222,612,612,612,MASCOTAS                                ,Boyaca,Sogamoso,2024-Diciembre,$500K-$1M,12
2024,Diciembre,22222222,61206,CHUNKY ADULTO RAZAS PEQUEÑAS 8KG   ,BULTO          ,2,64000.0,0,128000,1,22222222,612,612,612,MASCOTAS                                ,Boyaca,Sogamoso,2024-Diciembre,$100K-$250K,12
2024,Diciembre,22222222,61214,CHUNKY GATOS POLLO 8KG             ,BULTO          ,1,98000.0,0,98000,1,22222222,612,612,612,MASCOTAS                                ,Boyaca,Sogamoso,2024-Diciembre,$50K-$100K,12
2024,Diciembre,22222222,61218,MONELLO TRADICIONAL 25KG           ,BULTO          ,7,266857.14,0,1868000,3,22222222,612,612,612,MASCOTAS                                ,Boyaca,Sogamoso,2024-Diciembre,>$1M,12
2024,Diciembre,22222222,61225,MAXI CAT ARENA 10KG                ,BOLSA          ,1,48000.0,0,48000,1,22222222,612,612,612,MASCOTAS                                ,Boyaca,Sogamoso,2024-Diciembre,<$50K,12
2024,Diciembre,22222222,61229,DONKAT ADULTO X1KG                 ,BOLSA          ,1,12000.0,0,12000,1,22222222,612,612,612,MASCOTAS                                ,Boyaca,Sogamoso,2024-Diciembre,<$50K,12
2024,Diciembre,22222222,61280,AGILITY GOLD GRAN ADULT 15 KG      ,BULTO          ,3,247000.0,0,741000,2,22222222,612,612,612,MASCOTAS                                ,Boyaca,Sogamoso,2024-Diciembre,$500K-$1M,12
2024,Diciembre,22222222,61281,CHUNKY CORDERO 4 KG                ,UNIDAD         ,2,49000.0,0,98000,2,22222222,612,612,612,MASCOTAS                                ,Boyaca,Sogamoso,2024-Diciembre,$50K-$100K,12
2024,Diciembre,22222222,61288,AGILITY GOLD GRAN ADULTOS 1.5KG    ,0              ,3,35000.0,0,105000,3,22222222,612,612,612,MASCOTAS                                ,Boyaca,Sogamoso,2024-Diciembre,$100K-$250K,12
2024,Diciembre,22222222,61289,AGILITY GOLD PEQ CACHORRO 1.5 KG   ,BOL            ,1,41000.0,0,41000,1,22222222,612,612,612,MASCOTAS                                ,Boyaca,Sogamoso,2024-Diciembre,<$50K,12
2024,Diciembre,22222222,61291,AGILITY GOLD PEQ ADUL PIEL 1.5KG   ,BOL            ,1,65000.0,0,65000,1,22222222,612,612,612,MASCOTAS                                ,Boyaca,Sogamoso,2024-Diciembre,$50K-$100K,12
2024,Diciembre,22222222,61301,NEXGARD                            ,PASTA          ,1,130000.0,0,130000,1,22222222,613,613,613,MASCOTAS                                ,Boyaca,Sogamoso,2024-Diciembre,$100K-$250K,12
2024,Diciembre,24113253,30118,NUTRECAN SENIOR 8KG                ,BULTO          ,1,90000.0,0,90000,1,24113253,301,301,108,MASCOTAS                                ,Boyaca,Sogamoso,2024-Diciembre,$50K-$100K,12
2024,Diciembre,40022620,10824,RINGO PREMIUM 30KG                 ,BULTO          ,5,152000.0,0,760000,1,40022620,108,108,108,MASCOTAS                                ,Boyaca,Tunja,2024-Diciembre,$500K-$1M,12
2024,Diciembre,40022620,10833,FILPO ADULTO 30KG                  ,BULTO          ,1,152000.0,0,152000,1,40022620,108,108,108,MASCOTAS                                ,Boyaca,Tunja,2024-Diciembre,$100K-$250K,12
2024,Diciembre,46376087,50201,RAZA PERROS 30KG                   ,BULTO          ,1,105000.0,0,105000,1,46376087,502,502,502,MASCOTAS                                ,Boyaca,Sogamoso,2024-Diciembre,$100K-$250K,12
2024,Diciembre,46376087,61214,CHUNKY GATOS POLLO 8KG             ,BULTO          ,1,48000.0,0,48000,1,46376087,612,612,612,MASCOTAS                                ,Boyaca,Sogamoso,2024-Diciembre,<$50K,12
2024,Diciembre,46383319,10123,PONEDORA EXTRA I C                 ,BULTO          ,1,83000.0,0,83000,1,46383319,101,101,101,AVICULTURA                              ,Boyaca,Sogamoso,2024-Diciembre,$50K-$100K,12
2024,Diciembre,47428820,20104,SUPER POLLO ENGORDE GRANJA         ,BULTO          ,8,86000.0,0,688000,2,47428820,201,201,101,AVICULTURA                              ,Boyaca,Sogamoso,2024-Diciembre,$500K-$1M,12
2024,Diciembre,47428820,61200,CHUNKY ADULTOS 25KG                ,BULTO          ,1,163000.0,0,163000,1,47428820,612,612,612,MASCOTAS                                ,Boyaca,Sogamoso,2024-Diciembre,$100K-$250K,12
2024,Diciembre,74081683,10829,RINGO CROQUETAS 30KG               ,BULTO          ,2,125000.0,0,250000,2,74081683,108,108,108,MASCOTAS                                ,Boyaca,Nobsa,2024-Diciembre,$100K-$250K,12
2024,Diciembre,74083883,10515,NOVILLOS CEBA P                    ,BULTO          ,4,80000.0,0,320000,2,74083883,105,105,105,GANADERIA                               ,Boyaca,Corrales,2024-Diciembre,$250K-$500K,12
2024,Diciembre,74083883,10824,RINGO PREMIUM 30KG                 ,BULTO          ,1,125000.0,0,125000,1,74083883,108,108,108,MASCOTAS                                ,Boyaca,Corrales,2024-Diciembre,$100K-$250K,12
2024,Diciembre,74083883,10833,FILPO ADULTO 30KG                  ,BULTO          ,1,105000.0,0,105000,1,74083883,108,108,108,MASCOTAS                                ,Boyaca,Corrales,2024-Diciembre,$100K-$250K,12
2024,Diciembre,74083883,20706,TRUCHA LEVANTE 40                  ,BULTO          ,3,195000.0,0,585000,2,74083883,207,207,207,ACUACULTURA                             ,Boyaca,Corrales,2024-Diciembre,$500K-$1M,12
2024,Diciembre,74083883,20707,TRUCHA FINALIZACION 40             ,BULTO          ,2,209000.0,0,418000,2,74083883,207,207,207,ACUACULTURA                             ,Boyaca,Corrales,2024-Diciembre,$250K-$500K,12
2024,Diciembre,74084607,10833,FILPO ADULTO 30KG                  ,BULTO          ,1,103000.0,0,103000,1,74084607,108,108,108,MASCOTAS                                ,Boyaca,Sogamoso,2024-Diciembre,$100K-$250K,12
2024,Diciembre,74084607,61282,CHUNKY CORDERO 12 KG               ,UNIDAD         ,1,147000.0,0,147000,1,74084607,612,612,612,MASCOTAS                                ,Boyaca,Sogamoso,2024-Diciembre,$100K-$250K,12
2024,Diciembre,74181266,10203,MAXI LECHONES   R                  ,BULTO          ,6,95000.0,0,570000,1,74181266,102,102,102,PORCICULTURA                            ,Boyaca,Sogamoso,2024-Diciembre,$500K-$1M,12
2024,Diciembre,74181266,20302,CERDO LEVANTE 1 NARANJA            ,BULTO          ,1,94000.0,0,94000,1,74181266,203,203,203,PORCICULTURA                            ,Boyaca,Sogamoso,2024-Diciembre,$50K-$100K,12
2024,Diciembre,74181266,20304,CERDO FINALIZADOR NARANJA          ,BULTO          ,1,93000.0,0,93000,1,74181266,203,203,203,PORCICULTURA                            ,Boyaca,Sogamoso,2024-Diciembre,$50K-$100K,12
2024,Diciembre,74183098,10504,CONTELAC 14%                       ,BULTO          ,1,68000.0,0,68000,1,74183098,105,105,105,GANADERIA                               ,Boyaca,Sogamoso,2024-Diciembre,$50K-$100K,12
2024,Diciembre,74183098,60507,SAL 6% X 40KG                      ,BOLSA          ,1,40000.0,0,40000,1,74183098,605,605,605,SALES                                   ,Boyaca,Sogamoso,2024-Diciembre,<$50K,12
2024,Diciembre,74183961,10123,PONEDORA EXTRA I C                 ,BULTO          ,15,85000.0,0,1275000,1,74183961,101,101,101,AVICULTURA                              ,Bogota DC,Bogota,2024-Diciembre,>$1M,12
2024,Diciembre,74183961,30601,MANNA P                            ,BULTO          ,3,90000.0,0,270000,1,74183961,306,306,306,GANADERIA                               ,Bogota DC,Bogota,2024-Diciembre,$250K-$500K,12
2024,Diciembre,74183961,30610,ORDEÑO P                           ,BULTO          ,36,71000.0,0,2556000,1,74183961,306,306,306,GANADERIA                               ,Bogota DC,Bogota,2024-Diciembre,>$1M,12
2024,Diciembre,74185872,10204,MAXI LECHONES                      ,BULTO          ,1,94000.0,0,94000,1,74185872,102,102,102,PORCICULTURA                            ,Boyaca,Sogamoso,2024-Diciembre,$50K-$100K,12
2024,Diciembre,74185872,20302,CERDO LEVANTE 1 NARANJA            ,BULTO          ,1,94000.0,0,94000,1,74185872,203,203,203,PORCICULTURA                            ,Boyaca,Sogamoso,2024-Diciembre,$50K-$100K,12
2024,Diciembre,74186654,10701,CONEJOS                            ,BULTO          ,1,88000.0,0,88000,1,74186654,107,107,107,CONEJOS                                 ,Boyaca,Nobsa,2024-Diciembre,$50K-$100K,12
2024,Diciembre,74188527,10120,MAXI HUEVO H                       ,BULTO          ,4,85000.0,0,340000,2,74188527,101,101,101,AVICULTURA                              ,Boyaca,Sogamoso,2024-Diciembre,$250K-$500K,12
2024,Diciembre,74188527,10123,PONEDORA EXTRA I C                 ,BULTO          ,4,82500.0,0,330000,2,74188527,101,101,101,AVICULTURA                              ,Boyaca,Sogamoso,2024-Diciembre,$250K-$500K,12
2024,Diciembre,74188527,10701,CONEJOS                            ,BULTO          ,1,15000.0,0,15000,1,74188527,107,107,107,CONEJOS                                 ,Boyaca,Sogamoso,2024-Diciembre,<$50K,12
2024,Diciembre,74188527,10831,FILPO ADULTO 10KG                  ,BULTO          ,1,40000.0,0,40000,1,74188527,108,108,108,MASCOTAS                                ,Boyaca,Sogamoso,2024-Diciembre,<$50K,12
2024,Diciembre,826002633,10833,FILPO ADULTO 30KG                  ,BULTO          ,1,105000.0,0,105000,1,826002633,108,108,108,MASCOTAS                                ,Boyaca,Sogamoso,2024-Diciembre,$100K-$250K,12
2024,Diciembre,826002633,10844,MIRRINGO 1KG*20                    ,BOLSA          ,1,9500.0,0,9500,1,826002633,108,108,108,MASCOTAS                                ,Boyaca,Sogamoso,2024-Diciembre,<$50K,12
2024,Diciembre,826002633,30108,NUTRECAN ADULTOS RM Y RG 2K*8      ,BOLSA          ,1,23500.0,0,23500,1,826002633,301,301,108,MASCOTAS                                ,Boyaca,Sogamoso,2024-Diciembre,<$50K,12
2024,Diciembre,860006745,10829,RINGO CROQUETAS 30KG               ,BULTO          ,10,128000.0,0,1280000,1,860006745,108,108,108,MASCOTAS                                ,Bogota DC,Bogota,2024-Diciembre,>$1M,12
2024,Diciembre,900147227,10501,NOVILLONAS                         ,BULTO          ,4,74000.0,0,296000,2,900147227,105,105,105,GANADERIA                               ,Boyaca,Sogamoso,2024-Diciembre,$250K-$500K,12
2024,Diciembre,900199719,20503,CREMOSA                            ,BULTO          ,6,63500.0,0,381000,1,900199719,205,205,205,GANADERIA                               ,Boyaca,Sogamoso,2024-Diciembre,$250K-$500K,12
2024,Diciembre,900199719,60504,SAL 11% X 40KG                     ,BOLSA          ,1,75000.0,0,75000,1,900199719,605,605,605,SALES                                   ,Boyaca,Sogamoso,2024-Diciembre,$50K-$100K,12
2024,Diciembre,900199719,60507,SAL 6% X 40KG                      ,BOLSA          ,2,65000.0,0,130000,2,900199719,605,605,605,SALES                                   ,Boyaca,Sogamoso,2024-Diciembre,$100K-$250K,12
2024,Diciembre,900199719,61085,MELAZA X 30KG                      ,BULTO          ,1,35000.0,0,35000,1,900199719,610,610,610,DROGA VETERINARIA                       ,Boyaca,Sogamoso,2024-Diciembre,<$50K,12
2024,Diciembre,900199719,61105,PEZOSAN X 30G                      ,UNIDAD         ,1,42000.0,0,42000,1,900199719,611,611,611,DROGA VETERINARIA                       ,Boyaca,Sogamoso,2024-Diciembre,<$50K,12
2024,Diciembre,901206877,10402,CINTA AZUL  ADULTOS                ,BULTO          ,1,85000.0,0,85000,1,901206877,104,104,104,EQUINOS                                 ,Boyaca,Sogamoso,2024-Diciembre,$50K-$100K,12
2024,Diciembre,901206877,10826,RINGO CROQUETAS 20KG               ,BULTO          ,1,90000.0,0,90000,1,901206877,108,108,108,MASCOTAS                                ,Boyaca,Sogamoso,2024-Diciembre,$50K-$100K,12
2024,Diciembre,901206877,10829,RINGO CROQUETAS 30KG               ,BULTO          ,3,125000.0,0,375000,2,901206877,108,108,108,MASCOTAS                                ,Boyaca,Sogamoso,2024-Diciembre,$250K-$500K,12
2024,Diciembre,901206877,20605,BRIO SALES 20KG                    ,BULTO          ,1,50000.0,0,50000,1,901206877,206,206,206,EQUINOS                                 ,Boyaca,Sogamoso,2024-Diciembre,<$50K,12
2024,Diciembre,901206877,50200,RAZA PERROS 10KG                   ,BULTO          ,1,40000.0,0,40000,1,901206877,502,502,502,MASCOTAS                                ,Boyaca,Sogamoso,2024-Diciembre,<$50K,12
2024,Diciembre,901206877,60507,SAL 6% X 40KG                      ,BOLSA          ,1,96000.0,0,96000,1,901206877,605,605,605,SALES                                   ,Boyaca,Sogamoso,2024-Diciembre,$50K-$100K,12
2024,Diciembre,901206877,61205,AGILITY GOLD GRAN CACHORROS 15KG   ,BULTO          ,1,36000.0,0,36000,1,901206877,612,612,612,MASCOTAS                                ,Boyaca,Sogamoso,2024-Diciembre,<$50K,12
2024,Diciembre,901591495,10701,CONEJOS                            ,BULTO          ,1,88000.0,0,88000,1,901591495,107,107,107,CONEJOS                                 ,Boyaca,Sogamoso,2024-Diciembre,$50K-$100K,12
2024,Diciembre,901624523,20302,CERDO LEVANTE 1 NARANJA            ,BULTO          ,20,94000.0,0,1880000,1,901624523,203,203,203,PORCICULTURA                            ,Boyaca,Tunja,2024-Diciembre,>$1M,12
2024,Diciembre,901624523,20305,CERDA GESTACION NARANJA            ,BULTO          ,30,84000.0,0,2520000,1,901624523,203,203,203,PORCICULTURA                            ,Boyaca,Tunja,2024-Diciembre,>$1M,12
2024,Diciembre,901795156,10203,MAXI LECHONES   R                  ,BULTO          ,4,95000.0,0,380000,2,901795156,102,102,102,PORCICULTURA                            ,Boyaca,Sogamoso,2024-Diciembre,$250K-$500K,12
2024,Diciembre,901795156,10207,MAXI CERDOS FINALIZADOR            ,BULTO          ,1,95000.0,0,95000,1,901795156,102,102,102,PORCICULTURA                            ,Boyaca,Sogamoso,2024-Diciembre,$50K-$100K,12
2024,Diciembre,901795156,10821,RINGO PREMIUM 20KG                 ,BULTO          ,1,152000.0,0,152000,1,901795156,108,108,108,MASCOTAS                                ,Boyaca,Sogamoso,2024-Diciembre,$100K-$250K,12
2024,Diciembre,901807634,10123,PONEDORA EXTRA I C                 ,BULTO          ,1,83000.0,0,83000,1,901807634,101,101,101,AVICULTURA                              ,Boyaca,Sogamoso,2024-Diciembre,$50K-$100K,12
2024,Diciembre,1051588968,60700,MAIZ NACIONAL X50KG                ,BULTO          ,1,88000.0,0,88000,1,1051588968,607,607,607,MAIZ                                    ,Boyaca,Firavitoba,2024-Diciembre,$50K-$100K,12
2024,Diciembre,1051590093,10121,MAXI HUEVO C                       ,BULTO          ,1,85000.0,0,85000,1,1051590093,101,101,101,AVICULTURA                              ,Boyaca,Sogamoso,2024-Diciembre,$50K-$100K,12
2024,Diciembre,1051590093,10829,RINGO CROQUETAS 30KG               ,BULTO          ,1,125000.0,0,125000,1,1051590093,108,108,108,MASCOTAS                                ,Boyaca,Sogamoso,2024-Diciembre,$100K-$250K,12
2024,Diciembre,1051590093,10842,MIRRINGO 8KG                       ,BULTO          ,1,67000.0,0,67000,1,1051590093,108,108,108,MASCOTAS                                ,Boyaca,Sogamoso,2024-Diciembre,$50K-$100K,12
2024,Diciembre,1053585696,10500,TERNERAS LEVANTE                   ,BULTO          ,1,87000.0,0,87000,1,1053585696,105,105,105,GANADERIA                               ,Boyaca,Nobsa,2024-Diciembre,$50K-$100K,12
2024,Diciembre,1053585696,60504,SAL 11% X 40KG                     ,BOLSA          ,2,66000.0,0,132000,1,1053585696,605,605,605,SALES                                   ,Boyaca,Nobsa,2024-Diciembre,$100K-$250K,12
2024,Diciembre,1057579440,10205,CERDOS LEVANTE                     ,BULTO          ,1,94000.0,0,94000,1,1057579440,102,102,102,PORCICULTURA                            ,Boyaca,Sogamoso,2024-Diciembre,$50K-$100K,12
2024,Diciembre,1057579440,10515,NOVILLOS CEBA P                    ,BULTO          ,2,80000.0,0,160000,2,1057579440,105,105,105,GANADERIA                               ,Boyaca,Sogamoso,2024-Diciembre,$100K-$250K,12
2024,Diciembre,1057579440,20203,SUPER HUEVO PREPICO 100            ,BULTO          ,5,85000.0,0,425000,3,1057579440,202,202,101,AVICULTURA                              ,Boyaca,Sogamoso,2024-Diciembre,$250K-$500K,12
2024,Diciembre,1057579440,20503,CREMOSA                            ,BULTO          ,3,68666.67,0,206000,2,1057579440,205,205,205,GANADERIA                               ,Boyaca,Sogamoso,2024-Diciembre,$100K-$250K,12
2024,Diciembre,1057579440,20505,ITAL LECHE PELLET                  ,BULTO          ,7,58000.0,0,406000,4,1057579440,205,205,205,GANADERIA                               ,Boyaca,Sogamoso,2024-Diciembre,$250K-$500K,12
2024,Diciembre,1057579440,20706,TRUCHA LEVANTE 40                  ,BULTO          ,2,195000.0,0,390000,1,1057579440,207,207,207,ACUACULTURA                             ,Boyaca,Sogamoso,2024-Diciembre,$250K-$500K,12
2024,Diciembre,1057579440,20707,TRUCHA FINALIZACION 40             ,BULTO          ,1,209000.0,0,209000,1,1057579440,207,207,207,ACUACULTURA                             ,Boyaca,Sogamoso,2024-Diciembre,$100K-$250K,12
2024,Diciembre,1057579440,30508,FINALIZADOR 70                     ,BULTO          ,1,93000.0,0,93000,1,1057579440,305,305,305,PORCICULTURA                            ,Boyaca,Sogamoso,2024-Diciembre,$50K-$100K,12
2024,Diciembre,1057579440,30612,CREMALECHE                         ,BULTO          ,2,71000.0,0,142000,1,1057579440,306,306,306,GANADERIA                               ,Boyaca,Sogamoso,2024-Diciembre,$100K-$250K,12
2024,Diciembre,1057579440,60881,CHUNKY ADULTO X 9KG                ,BULTO          ,1,34000.0,0,34000,1,1057579440,608,608,608,MASCOTAS                                ,Boyaca,Sogamoso,2024-Diciembre,<$50K,12
2024,Diciembre,1057596377,10602,FORRAJE GANADERIA H TULIPAN        ,BULTO          ,1,60000.0,0,60000,1,1057596377,106,106,105,GANADERIA                               ,Boyaca,Sogamoso,2024-Diciembre,$50K-$100K,12
2024,Diciembre,1057596377,10701,CONEJOS                            ,BULTO          ,2,88000.0,0,176000,2,1057596377,107,107,107,CONEJOS                                 ,Boyaca,Sogamoso,2024-Diciembre,$100K-$250K,12
2024,Diciembre,1057596377,20308,CERDO ENGORDE                      ,BULTO          ,1,74000.0,0,74000,1,1057596377,203,203,203,PORCICULTURA                            ,Boyaca,Sogamoso,2024-Diciembre,$50K-$100K,12
2024,Diciembre,1057596377,50201,RAZA PERROS 30KG                   ,BULTO          ,1,105000.0,0,105000,1,1057596377,502,502,502,MASCOTAS                                ,Boyaca,Sogamoso,2024-Diciembre,$100K-$250K,12
2024,Diciembre,1057596377,60701,MAIZ NACIONAL @                    ,BOLSA          ,2,90000.0,0,180000,1,1057596377,607,607,607,MAIZ                                    ,Boyaca,Sogamoso,2024-Diciembre,$100K-$250K,12
2024,Diciembre,1057600244,10842,MIRRINGO 8KG                       ,BULTO          ,1,67000.0,0,67000,1,1057600244,108,108,108,MASCOTAS                                ,Boyaca,Sogamoso,2024-Diciembre,$50K-$100K,12
2025,Enero,4211190,10833,FILPO ADULTO 30KG                  ,BULTO          ,1,105000.0,0,105000,1,4211190,108,108,108,MASCOTAS                                ,Boyaca,Sogamoso,2025-Enero,$100K-$250K,1
2025,Enero,4211190,20203,SUPER HUEVO PREPICO 100            ,BULTO          ,1,88000.0,0,88000,1,4211190,202,202,101,AVICULTURA                              ,Boyaca,Sogamoso,2025-Enero,$50K-$100K,1
2025,Enero,4211190,20503,CREMOSA                            ,BULTO          ,1,65000.0,0,65000,1,4211190,205,205,205,GANADERIA                               ,Boyaca,Sogamoso,2025-Enero,$50K-$100K,1
2025,Enero,7125529,10833,FILPO ADULTO 30KG                  ,BULTO          ,1,105000.0,0,105000,1,7125529,108,108,108,MASCOTAS                                ,Boyaca,Sogamoso,2025-Enero,$100K-$250K,1
2025,Enero,7125529,50206,SUPERCAN CROQUETAS 30KG            ,BULTO          ,1,127000.0,0,127000,1,7125529,502,502,502,MASCOTAS                                ,Boyaca,Sogamoso,2025-Enero,$100K-$250K,1
2025,Enero,9396543,20606,FURIA TOTAL                        ,BULTO          ,1,65000.0,0,65000,1,9396543,206,206,206,EQUINOS                                 ,Boyaca,Sogamoso,2025-Enero,$50K-$100K,1
2025,Enero,9521951,10500,TERNERAS LEVANTE                   ,BULTO          ,8,90000.0,0,720000,1,9521951,105,105,105,GANADERIA                               ,Bogota DC,Bogota,2025-Enero,$500K-$1M,1
2025,Enero,9521951,10504,CONTELAC 14%                       ,BULTO          ,30,72000.0,0,2160000,1,9521951,105,105,105,GANADERIA                               ,Bogota DC,Bogota,2025-Enero,>$1M,1
2025,Enero,9521951,10833,FILPO ADULTO 30KG                  ,BULTO          ,6,108000.0,0,648000,1,9521951,108,108,108,MASCOTAS                                ,Bogota DC,Bogota,2025-Enero,$500K-$1M,1
2025,Enero,9521951,60502,SAL 11% X 5KG*10                   ,BOLSA          ,5,78000.0,0,390000,1,9521951,605,605,605,SALES                                   ,Bogota DC,Bogota,2025-Enero,$250K-$500K,1
2025,Enero,9527933,20311,NUTRECAN LIGHT 25 KG               ,BULT           ,1,32000.0,0,32000,1,9527933,203,203,203,PORCICULTURA                            ,Boyaca,Sogamoso,2025-Enero,<$50K,1
2025,Enero,9527933,30108,NUTRECAN ADULTOS RM Y RG 2K*8      ,BOLSA          ,1,22000.0,0,22000,1,9527933,301,301,108,MASCOTAS                                ,Boyaca,Sogamoso,2025-Enero,<$50K,1
2025,Enero,9527933,50201,RAZA PERROS 30KG                   ,BULTO          ,2,105000.0,0,210000,2,9527933,502,502,502,MASCOTAS                                ,Boyaca,Sogamoso,2025-Enero,$100K-$250K,1
2025,Enero,9531884,10829,RINGO CROQUETAS 30KG               ,BULTO          ,1,125000.0,0,125000,1,9531884,108,108,108,MASCOTAS                                ,Boyaca,Sogamoso,2025-Enero,$100K-$250K,1
2025,Enero,9534538,10203,MAXI LECHONES   R                  ,BULTO          ,5,97500.0,0,487500,1,9534538,102,102,102,PORCICULTURA                            ,Boyaca,Sogamoso,2025-Enero,$250K-$500K,1
2025,Enero,9534538,10207,MAXI CERDOS FINALIZADOR            ,BULTO          ,9,95500.0,0,859500,1,9534538,102,102,102,PORCICULTURA                            ,Boyaca,Sogamoso,2025-Enero,$500K-$1M,1
2025,Enero,9534538,10211,MAXI CERDAS GESTACION   R          ,BULTO          ,3,86000.0,0,258000,1,9534538,102,102,102,PORCICULTURA                            ,Boyaca,Sogamoso,2025-Enero,$250K-$500K,1
2025,Enero,17037305,10500,TERNERAS LEVANTE                   ,BULTO          ,3,95000.0,0,285000,1,17037305,105,105,105,GANADERIA                               ,Boyaca,Sogamoso,2025-Enero,$250K-$500K,1
2025,Enero,17037305,10602,FORRAJE GANADERIA H TULIPAN        ,BULTO          ,1,64000.0,0,64000,1,17037305,106,106,105,GANADERIA                               ,Boyaca,Sogamoso,2025-Enero,$50K-$100K,1
2025,Enero,17037305,10833,FILPO ADULTO 30KG                  ,BULTO          ,1,110000.0,0,110000,1,17037305,108,108,108,MASCOTAS                                ,Boyaca,Sogamoso,2025-Enero,$100K-$250K,1
2025,Enero,17037305,20503,CREMOSA                            ,BULTO          ,15,68000.0,0,1020000,1,17037305,205,205,205,GANADERIA                               ,Boyaca,Sogamoso,2025-Enero,>$1M,1
2025,Enero,17037305,60504,SAL 11% X 40KG                     ,BOLSA          ,3,78000.0,0,234000,1,17037305,605,605,605,SALES                                   ,Boyaca,Sogamoso,2025-Enero,$100K-$250K,1
2025,Enero,18004655,10833,FILPO ADULTO 30KG                  ,BULTO          ,1,105000.0,0,105000,1,18004655,108,108,108,MASCOTAS                                ,Boyaca,Sogamoso,2025-Enero,$100K-$250K,1
2025,Enero,22222222,10101,MAXI POLLITOS H.                   ,BULTO          ,1,104000.0,0,104000,1,22222222,101,101,101,AVICULTURA                              ,Boyaca,Sogamoso,2025-Enero,$100K-$250K,1
2025,Enero,22222222,10103,MAXI POLLITOS C.                   ,BULTO          ,11,104909.09,0,1154000,2,22222222,101,101,101,AVICULTURA                              ,Boyaca,Sogamoso,2025-Enero,>$1M,1
2025,Enero,22222222,10104,POLLITOS INICIACION 1K*20          ,BOLSA          ,3,2000.0,0,6000,1,22222222,101,101,101,AVICULTURA                              ,Boyaca,Sogamoso,2025-Enero,<$50K,1
2025,Enero,22222222,10108,MAXI BROILER P                     ,BULTO          ,4,112000.0,0,448000,4,22222222,101,101,101,AVICULTURA                              ,Boyaca,Sogamoso,2025-Enero,$250K-$500K,1
2025,Enero,22222222,10109,MAXI BROILER PIGMENTO C            ,BULTO          ,27,112000.0,0,3024000,3,22222222,101,101,101,AVICULTURA                              ,Boyaca,Sogamoso,2025-Enero,>$1M,1
2025,Enero,22222222,10112,BROILER P                          ,BULTO          ,3,99333.33,0,298000,3,22222222,101,101,101,AVICULTURA                              ,Boyaca,Sogamoso,2025-Enero,$250K-$500K,1
2025,Enero,22222222,10113,POLLO CAMPESINO C 1K*20            ,BOLSA          ,1,30000.0,0,30000,1,22222222,101,101,101,AVICULTURA                              ,Boyaca,Sogamoso,2025-Enero,<$50K,1
2025,Enero,22222222,10114,POLLO CAMPESINO C                  ,BULTO          ,1,86000.0,0,86000,1,22222222,101,101,101,AVICULTURA                              ,Boyaca,Sogamoso,2025-Enero,$50K-$100K,1
2025,Enero,22222222,10115,POLLO CAMPESINO P 1K*20            ,BOLSA          ,2,3000.0,0,6000,1,22222222,101,101,101,AVICULTURA                              ,Boyaca,Sogamoso,2025-Enero,<$50K,1
2025,Enero,22222222,10118,POLLAS                             ,BULTO          ,9,91666.67,0,825000,2,22222222,101,101,101,AVICULTURA                              ,Boyaca,Sogamoso,2025-Enero,$500K-$1M,1
2025,Enero,22222222,10120,MAXI HUEVO H                       ,BULTO          ,19,87394.74,0,1660500,15,22222222,101,101,101,AVICULTURA                              ,Boyaca,Sogamoso,2025-Enero,>$1M,1
2025,Enero,22222222,10121,MAXI HUEVO C                       ,BULTO          ,144,87767.36,0,12638500,26,22222222,101,101,101,AVICULTURA                              ,Boyaca,Sogamoso,2025-Enero,>$1M,1
2025,Enero,22222222,10122,PONEDORA EXTRA I C 1K*20           ,BOLSA          ,2,14500.0,0,29000,2,22222222,101,101,101,AVICULTURA                              ,Boyaca,Sogamoso,2025-Enero,<$50K,1
2025,Enero,22222222,10123,PONEDORA EXTRA I C                 ,BULTO          ,46,84369.57,0,3881000,16,22222222,101,101,101,AVICULTURA                              ,Boyaca,Sogamoso,2025-Enero,>$1M,1
2025,Enero,22222222,10133,CODORNICES CONTEGRAL               ,BULTO          ,7,94857.14,0,664000,6,22222222,101,101,101,AVICULTURA                              ,Boyaca,Sogamoso,2025-Enero,$500K-$1M,1
2025,Enero,22222222,10202,INICIACION CERDOS                  ,BULTO          ,13,121538.46,0,1580000,10,22222222,102,102,102,PORCICULTURA                            ,Boyaca,Sogamoso,2025-Enero,>$1M,1
2025,Enero,22222222,10204,MAXI LECHONES                      ,BULTO          ,20,97900.0,0,1958000,12,22222222,102,102,102,PORCICULTURA                            ,Boyaca,Sogamoso,2025-Enero,>$1M,1
2025,Enero,22222222,10207,MAXI CERDOS FINALIZADOR            ,BULTO          ,7,95857.14,0,671000,6,22222222,102,102,102,PORCICULTURA                            ,Boyaca,Sogamoso,2025-Enero,$500K-$1M,1
2025,Enero,22222222,10209,CERDOS ENGORDE                     ,BULTO          ,4,75000.0,0,300000,4,22222222,102,102,102,PORCICULTURA                            ,Boyaca,Sogamoso,2025-Enero,$250K-$500K,1
2025,Enero,22222222,10212,MAXI CERDAS GESTACION              ,BULTO          ,20,81650.0,0,1633000,13,22222222,102,102,102,PORCICULTURA                            ,Boyaca,Sogamoso,2025-Enero,>$1M,1
2025,Enero,22222222,10213,CERDAS LACTANCIA PRIMERIZAS        ,BULTO          ,2,85000.0,0,170000,2,22222222,102,102,102,PORCICULTURA                            ,Boyaca,Sogamoso,2025-Enero,$100K-$250K,1
2025,Enero,22222222,10214,MAXI CERDAS LACTANCIA              ,BULTO          ,10,89000.0,0,890000,8,22222222,102,102,102,PORCICULTURA                            ,Boyaca,Sogamoso,2025-Enero,$500K-$1M,1
2025,Enero,22222222,10300,"MAXI PECES 38 1,8 E                ",BULTO          ,2,163000.0,0,326000,1,22222222,103,103,103,ACUACULTURA                             ,Boyaca,Sogamoso,2025-Enero,$250K-$500K,1
2025,Enero,22222222,10301,"MAXI PECES 32 2,5 E                ",BULTO          ,9,142555.56,0,1283000,5,22222222,103,103,103,ACUACULTURA                             ,Boyaca,Sogamoso,2025-Enero,>$1M,1
2025,Enero,22222222,10303,PECES 25                           ,BULTO          ,2,123000.0,0,246000,1,22222222,103,103,103,ACUACULTURA                             ,Boyaca,Sogamoso,2025-Enero,$100K-$250K,1
2025,Enero,22222222,10304,"MAXI TRUCHAS 45 SP 1,8 E           ",BULTO          ,1,218000.0,0,218000,1,22222222,103,103,103,ACUACULTURA                             ,Boyaca,Sogamoso,2025-Enero,$100K-$250K,1
2025,Enero,22222222,10305,"MAXI TRUCHAS 45 SP 3,5 E           ",BULTO          ,15,216400.0,0,3246000,3,22222222,103,103,103,ACUACULTURA                             ,Boyaca,Sogamoso,2025-Enero,>$1M,1
2025,Enero,22222222,10400,POTROS  CINTA AZUL                 ,BULTO          ,2,92000.0,0,184000,2,22222222,104,104,104,EQUINOS                                 ,Boyaca,Sogamoso,2025-Enero,$100K-$250K,1
2025,Enero,22222222,10401,YEGUAS                             ,BULTO          ,1,87000.0,0,87000,1,22222222,104,104,104,EQUINOS                                 ,Boyaca,Sogamoso,2025-Enero,$50K-$100K,1
2025,Enero,22222222,10402,CINTA AZUL  ADULTOS                ,BULTO          ,1,82000.0,0,82000,1,22222222,104,104,104,EQUINOS                                 ,Boyaca,Sogamoso,2025-Enero,$50K-$100K,1
2025,Enero,22222222,10403,CORCEL                             ,BULTO          ,1,74000.0,0,74000,1,22222222,104,104,104,EQUINOS                                 ,Boyaca,Sogamoso,2025-Enero,$50K-$100K,1
2025,Enero,22222222,10500,TERNERAS LEVANTE                   ,BULTO          ,4,90000.0,0,360000,4,22222222,105,105,105,GANADERIA                               ,Boyaca,Sogamoso,2025-Enero,$250K-$500K,1
2025,Enero,22222222,10501,NOVILLONAS                         ,BULTO          ,10,74400.0,0,744000,8,22222222,105,105,105,GANADERIA                               ,Boyaca,Sogamoso,2025-Enero,$500K-$1M,1
2025,Enero,22222222,10504,CONTELAC 14%                       ,BULTO          ,22,70227.27,0,1545000,15,22222222,105,105,105,GANADERIA                               ,Boyaca,Sogamoso,2025-Enero,>$1M,1
2025,Enero,22222222,10505,CONTELAC 16%                       ,BULTO          ,5,71400.0,0,357000,2,22222222,105,105,105,GANADERIA                               ,Boyaca,Sogamoso,2025-Enero,$250K-$500K,1
2025,Enero,22222222,10506,CONTELAC 18%                       ,BULTO          ,13,75384.62,0,980000,13,22222222,105,105,105,GANADERIA                               ,Boyaca,Sogamoso,2025-Enero,$500K-$1M,1
2025,Enero,22222222,10507,PRELACTANCIA                       ,BULTO          ,5,76800.0,0,384000,5,22222222,105,105,105,GANADERIA                               ,Boyaca,Sogamoso,2025-Enero,$250K-$500K,1
2025,Enero,22222222,10515,NOVILLOS CEBA P                    ,BULTO          ,9,73333.33,0,660000,9,22222222,105,105,105,GANADERIA                               ,Boyaca,Sogamoso,2025-Enero,$500K-$1M,1
2025,Enero,22222222,10602,FORRAJE GANADERIA H TULIPAN        ,BULTO          ,1,62000.0,0,62000,1,22222222,106,106,105,GANADERIA                               ,Boyaca,Sogamoso,2025-Enero,$50K-$100K,1
2025,Enero,22222222,10603,FORRAJE GANADERIA P TULIPAN        ,BULTO          ,15,61600.0,0,924000,10,22222222,106,106,105,GANADERIA                               ,Boyaca,Sogamoso,2025-Enero,$500K-$1M,1
2025,Enero,22222222,10701,CONEJOS                            ,BULTO          ,24,86875.0,0,2085000,20,22222222,107,107,107,CONEJOS                                 ,Boyaca,Sogamoso,2025-Enero,>$1M,1
2025,Enero,22222222,10809,NUTRISS ADULTOS CARNE Y VEG  30KG  ,BULTO          ,3,160000.0,0,480000,3,22222222,108,108,108,MASCOTAS                                ,Boyaca,Sogamoso,2025-Enero,$250K-$500K,1
2025,Enero,22222222,10811,NUTRISS ADULTOS POLLO Y VEG 20KG   ,BULTO          ,1,116000.0,0,116000,1,22222222,108,108,108,MASCOTAS                                ,Boyaca,Sogamoso,2025-Enero,$100K-$250K,1
2025,Enero,22222222,10814,NUTRISS ADULTOS POLLO Y VEG 30KG   ,BULTO          ,2,160000.0,0,320000,2,22222222,108,108,108,MASCOTAS                                ,Boyaca,Sogamoso,2025-Enero,$250K-$500K,1
2025,Enero,22222222,10816,RINGO CACHORROS 15KG               ,BULTO          ,3,80000.0,0,240000,3,22222222,108,108,108,MASCOTAS                                ,Boyaca,Sogamoso,2025-Enero,$100K-$250K,1
2025,Enero,22222222,10817,RINGO CACHORROS 1K*20              ,BOLSA          ,1,12000.0,0,12000,1,22222222,108,108,108,MASCOTAS                                ,Boyaca,Sogamoso,2025-Enero,<$50K,1
2025,Enero,22222222,10818,RINGO CACHORROS 2K*5               ,BOLSA          ,2,15000.0,0,30000,1,22222222,108,108,108,MASCOTAS                                ,Boyaca,Sogamoso,2025-Enero,<$50K,1
2025,Enero,22222222,10819,RINGO CACHORROS 30KG               ,BULTO          ,1,149000.0,0,149000,1,22222222,108,108,108,MASCOTAS                                ,Boyaca,Sogamoso,2025-Enero,$100K-$250K,1
2025,Enero,22222222,10821,RINGO PREMIUM 20KG                 ,BULTO          ,1,107000.0,0,107000,1,22222222,108,108,108,MASCOTAS                                ,Boyaca,Sogamoso,2025-Enero,$100K-$250K,1
2025,Enero,22222222,10824,RINGO PREMIUM 30KG                 ,BULTO          ,17,152000.0,0,2584000,15,22222222,108,108,108,MASCOTAS                                ,Boyaca,Sogamoso,2025-Enero,>$1M,1
2025,Enero,22222222,10826,RINGO CROQUETAS 20KG               ,BULTO          ,3,90000.0,0,270000,3,22222222,108,108,108,MASCOTAS                                ,Boyaca,Sogamoso,2025-Enero,$250K-$500K,1
2025,Enero,22222222,10829,RINGO CROQUETAS 30KG               ,BULTO          ,28,125000.0,0,3500000,26,22222222,108,108,108,MASCOTAS                                ,Boyaca,Sogamoso,2025-Enero,>$1M,1
2025,Enero,22222222,10831,FILPO ADULTO 10KG                  ,BULTO          ,6,40000.0,0,240000,5,22222222,108,108,108,MASCOTAS                                ,Boyaca,Sogamoso,2025-Enero,$100K-$250K,1
2025,Enero,22222222,10833,FILPO ADULTO 30KG                  ,BULTO          ,41,104146.34,0,4270000,37,22222222,108,108,108,MASCOTAS                                ,Boyaca,Sogamoso,2025-Enero,>$1M,1
2025,Enero,22222222,10842,MIRRINGO 8KG                       ,BULTO          ,10,67000.0,0,670000,10,22222222,108,108,108,MASCOTAS                                ,Boyaca,Sogamoso,2025-Enero,$500K-$1M,1
2025,Enero,22222222,10844,MIRRINGO 1KG*20                    ,BOLSA          ,21,9023.81,0,189500,2,22222222,108,108,108,MASCOTAS                                ,Boyaca,Sogamoso,2025-Enero,$100K-$250K,1
2025,Enero,22222222,10854,MIRRINGO ARENA 10 KG               ,BOLSA          ,3,63000.0,0,189000,3,22222222,108,108,108,MASCOTAS                                ,Boyaca,Sogamoso,2025-Enero,$100K-$250K,1
2025,Enero,22222222,20106,SUPER POLLO ENGORDE DORADO         ,BULTO          ,5,112000.0,0,560000,3,22222222,201,201,101,AVICULTURA                              ,Boyaca,Sogamoso,2025-Enero,$500K-$1M,1
2025,Enero,22222222,20107,SUPER POLLO ENGORDE DIS            ,BULTO          ,10,112000.0,0,1120000,1,22222222,201,201,101,AVICULTURA                              ,Boyaca,Sogamoso,2025-Enero,>$1M,1
2025,Enero,22222222,20108,POLLO CRIOLLO P                    ,BULTO          ,4,77250.0,0,309000,3,22222222,201,201,101,AVICULTURA                              ,Boyaca,Sogamoso,2025-Enero,$250K-$500K,1
2025,Enero,22222222,20109,POLLO CRIOLLO Q                    ,BULTO          ,4,77250.0,0,309000,3,22222222,201,201,101,AVICULTURA                              ,Boyaca,Sogamoso,2025-Enero,$250K-$500K,1
2025,Enero,22222222,20202,SUPER HUEVO PREPICO                ,BULTO          ,137,84021.9,0,11511000,24,22222222,202,202,101,AVICULTURA                              ,Boyaca,Sogamoso,2025-Enero,>$1M,1
2025,Enero,22222222,20203,SUPER HUEVO PREPICO 100            ,BULTO          ,205,87463.41,0,17930000,60,22222222,202,202,101,AVICULTURA                              ,Boyaca,Sogamoso,2025-Enero,>$1M,1
2025,Enero,22222222,20301,CERDITOS INICIACION NARANJA        ,BULTO          ,9,119222.22,0,1073000,7,22222222,203,203,203,PORCICULTURA                            ,Boyaca,Sogamoso,2025-Enero,>$1M,1
2025,Enero,22222222,20302,CERDO LEVANTE 1 NARANJA            ,BULTO          ,143,95877.62,0,13710500,33,22222222,203,203,203,PORCICULTURA                            ,Boyaca,Sogamoso,2025-Enero,>$1M,1
2025,Enero,22222222,20303,CERDO ENGORDE NARANJA              ,BULTO          ,26,92846.15,0,2414000,7,22222222,203,203,203,PORCICULTURA                            ,Boyaca,Sogamoso,2025-Enero,>$1M,1
2025,Enero,22222222,20304,CERDO FINALIZADOR NARANJA          ,BULTO          ,4,96000.0,0,384000,4,22222222,203,203,203,PORCICULTURA                            ,Boyaca,Sogamoso,2025-Enero,$250K-$500K,1
2025,Enero,22222222,20305,CERDA GESTACION NARANJA            ,BULTO          ,8,87750.0,0,702000,5,22222222,203,203,203,PORCICULTURA                            ,Boyaca,Sogamoso,2025-Enero,$500K-$1M,1
2025,Enero,22222222,20306,CERDA LACTANCIA NARANJA            ,BULTO          ,2,97000.0,0,194000,2,22222222,203,203,203,PORCICULTURA                            ,Boyaca,Sogamoso,2025-Enero,$100K-$250K,1
2025,Enero,22222222,20307,CERDO LEVANTE                      ,BULTO          ,75,87813.33,0,6586000,17,22222222,203,203,203,PORCICULTURA                            ,Boyaca,Sogamoso,2025-Enero,>$1M,1
2025,Enero,22222222,20308,CERDO ENGORDE                      ,BULTO          ,49,76775.51,0,3762000,7,22222222,203,203,203,PORCICULTURA                            ,Boyaca,Sogamoso,2025-Enero,>$1M,1
2025,Enero,22222222,20503,CREMOSA                            ,BULTO          ,10,64900.0,0,649000,8,22222222,205,205,205,GANADERIA                               ,Boyaca,Sogamoso,2025-Enero,$500K-$1M,1
2025,Enero,22222222,20505,ITAL LECHE PELLET                  ,BULTO          ,24,59250.0,0,1422000,11,22222222,205,205,205,GANADERIA                               ,Boyaca,Sogamoso,2025-Enero,>$1M,1
2025,Enero,22222222,20600,EQUINOS                            ,BULTO          ,6,72333.33,0,434000,6,22222222,206,206,206,EQUINOS                                 ,Boyaca,Sogamoso,2025-Enero,$250K-$500K,1
2025,Enero,22222222,20604,BRIO POTROS                        ,BULTO          ,1,86000.0,0,86000,1,22222222,206,206,206,EQUINOS                                 ,Boyaca,Sogamoso,2025-Enero,$50K-$100K,1
2025,Enero,22222222,20606,FURIA TOTAL                        ,BULTO          ,8,65125.0,0,521000,6,22222222,206,206,206,EQUINOS                                 ,Boyaca,Sogamoso,2025-Enero,$500K-$1M,1
2025,Enero,22222222,20607,MULTIFORRAJE EQUINO                ,BULTO          ,8,67000.0,0,536000,4,22222222,206,206,206,EQUINOS                                 ,Boyaca,Sogamoso,2025-Enero,$500K-$1M,1
2025,Enero,22222222,20608,PODIUM                             ,BULTO          ,3,82666.67,0,248000,3,22222222,206,206,206,EQUINOS                                 ,Boyaca,Sogamoso,2025-Enero,$100K-$250K,1
2025,Enero,22222222,20700,MOJARRA 34 EXTR                    ,BULTO          ,3,147333.33,0,442000,3,22222222,207,207,207,ACUACULTURA                             ,Boyaca,Sogamoso,2025-Enero,$250K-$500K,1
2025,Enero,22222222,20704,MOJARRA 20 EXTR                    ,BULTO          ,5,114400.0,0,572000,4,22222222,207,207,207,ACUACULTURA                             ,Boyaca,Sogamoso,2025-Enero,$500K-$1M,1
2025,Enero,22222222,20705,TRUCHA INICIACION 50               ,BULTO          ,5,248000.0,0,1240000,3,22222222,207,207,207,ACUACULTURA                             ,Boyaca,Sogamoso,2025-Enero,>$1M,1
2025,Enero,22222222,20706,TRUCHA LEVANTE 40                  ,BULTO          ,20,195250.0,0,3905000,8,22222222,207,207,207,ACUACULTURA                             ,Boyaca,Sogamoso,2025-Enero,>$1M,1
2025,Enero,22222222,20707,TRUCHA FINALIZACION 40             ,BULTO          ,225,212177.78,0,47740000,19,22222222,207,207,207,ACUACULTURA                             ,Boyaca,Sogamoso,2025-Enero,>$1M,1
2025,Enero,22222222,30105,NUTRECAN ADULTOS RAZAS PEQUE 4K*4  ,BOLSA          ,1,46000.0,0,46000,1,22222222,301,301,108,MASCOTAS                                ,Boyaca,Sogamoso,2025-Enero,<$50K,1
2025,Enero,22222222,30110,NUTRECAN ADULTOS RM Y RG 8KG       ,BULTO          ,2,67500.0,0,135000,2,22222222,301,301,108,MASCOTAS                                ,Boyaca,Sogamoso,2025-Enero,$100K-$250K,1
2025,Enero,22222222,30112,NUTRECAN ADULTOS RM Y RG 25KG      ,BULTO          ,1,225000.0,0,225000,1,22222222,301,301,108,MASCOTAS                                ,Boyaca,Sogamoso,2025-Enero,$100K-$250K,1
2025,Enero,22222222,30123,NUTRECAN CROQUETAS CACHORROS 15KG  ,BULTO          ,1,97000.0,0,97000,1,22222222,301,301,108,MASCOTAS                                ,Boyaca,Sogamoso,2025-Enero,$50K-$100K,1
2025,Enero,22222222,30126,NUTRECAN CROQUETAS ADULTOS 15KG    ,BULTO          ,1,97000.0,0,97000,1,22222222,301,301,108,MASCOTAS                                ,Boyaca,Sogamoso,2025-Enero,$50K-$100K,1
2025,Enero,22222222,30127,NUTRECAN CROQUETAS ADULTOS 25KG    ,BULTO          ,2,161000.0,0,322000,2,22222222,301,301,108,MASCOTAS                                ,Boyaca,Sogamoso,2025-Enero,$250K-$500K,1
2025,Enero,22222222,30135,NUTRECAN CAMPO 25KG                ,BULTO          ,1,165000.0,0,165000,1,22222222,301,301,108,MASCOTAS                                ,Boyaca,Sogamoso,2025-Enero,$100K-$250K,1
2025,Enero,22222222,30205,Q-IDA CAT 8KG                      ,BULTO          ,1,70000.0,0,70000,1,22222222,302,302,108,MASCOTAS                                ,Boyaca,Sogamoso,2025-Enero,$50K-$100K,1
2025,Enero,22222222,30401,NUTREPOLLO C.                      ,BULTO          ,2,102000.0,0,204000,1,22222222,304,304,304,AVICULTURA                              ,Boyaca,Sogamoso,2025-Enero,$100K-$250K,1
2025,Enero,22222222,30503,CHANCHITOS I.C                     ,BULTO          ,6,96000.0,0,576000,3,22222222,305,305,305,PORCICULTURA                            ,Boyaca,Sogamoso,2025-Enero,$500K-$1M,1
2025,Enero,22222222,30506,CHANCHITOS PET                     ,BULTO          ,7,96142.86,0,673000,4,22222222,305,305,305,PORCICULTURA                            ,Boyaca,Sogamoso,2025-Enero,$500K-$1M,1
2025,Enero,22222222,30600,MANNA EXT                          ,BULTO          ,3,108333.33,0,325000,3,22222222,306,306,306,GANADERIA                               ,Boyaca,Sogamoso,2025-Enero,$250K-$500K,1
2025,Enero,22222222,30601,MANNA P                            ,BULTO          ,1,90000.0,0,90000,1,22222222,306,306,306,GANADERIA                               ,Boyaca,Sogamoso,2025-Enero,$50K-$100K,1
2025,Enero,22222222,30603,PREPARTO                           ,BULTO          ,1,81000.0,0,81000,1,22222222,306,306,306,GANADERIA                               ,Boyaca,Sogamoso,2025-Enero,$50K-$100K,1
2025,Enero,22222222,30701,CAMPEON DORADO TEXT                ,BULTO          ,2,102000.0,0,204000,2,22222222,307,307,307,EQUINOS                                 ,Boyaca,Sogamoso,2025-Enero,$100K-$250K,1
2025,Enero,22222222,30702,CAMPEON ADULTOS                    ,BULTO          ,2,81000.0,0,162000,2,22222222,307,307,307,EQUINOS                                 ,Boyaca,Sogamoso,2025-Enero,$100K-$250K,1
2025,Enero,22222222,40202,POLLO INICIACION C                 ,BULTO          ,62,88870.97,0,5510000,6,22222222,402,402,402,AVICULTURA                              ,Boyaca,Sogamoso,2025-Enero,>$1M,1
2025,Enero,22222222,40204,Q-IDA SUPLEPOLLO C 1K*20           ,BOLSA          ,2,44000.0,0,88000,1,22222222,402,402,402,AVICULTURA                              ,Boyaca,Sogamoso,2025-Enero,$50K-$100K,1
2025,Enero,22222222,50117,FIBRAMIX PELETIZADO                ,BULTO          ,7,60714.29,0,425000,3,22222222,501,501,105,GANADERIA                               ,Boyaca,Sogamoso,2025-Enero,$250K-$500K,1
2025,Enero,22222222,50118,FIBRAMIX PELETIZADO X 10KG         ,BULTO          ,10,19000.0,0,190000,1,22222222,501,501,105,GANADERIA                               ,Boyaca,Sogamoso,2025-Enero,$100K-$250K,1
2025,Enero,22222222,50200,RAZA PERROS 10KG                   ,BULTO          ,1,40000.0,0,40000,1,22222222,502,502,502,MASCOTAS                                ,Boyaca,Sogamoso,2025-Enero,<$50K,1
2025,Enero,22222222,50201,RAZA PERROS 30KG                   ,BULTO          ,11,104454.55,0,1149000,10,22222222,502,502,502,MASCOTAS                                ,Boyaca,Sogamoso,2025-Enero,>$1M,1
2025,Enero,22222222,50203,SUPERCAN CROQUETAS 15KG            ,BULTO          ,1,70000.0,0,70000,1,22222222,502,502,502,MASCOTAS                                ,Boyaca,Sogamoso,2025-Enero,$50K-$100K,1
2025,Enero,22222222,60124,PENTAMICIL F.M FRASCO 3+3          ,FRASCO         ,1,60000.0,0,60000,1,22222222,601,601,610,DROGA VETERINARIA                       ,Boyaca,Sogamoso,2025-Enero,$50K-$100K,1
2025,Enero,22222222,60133,STREPTOBEST ORAL SOBRE 20G*10      ,FRASCO         ,1,13000.0,0,13000,1,22222222,601,601,610,DROGA VETERINARIA                       ,Boyaca,Sogamoso,2025-Enero,<$50K,1
2025,Enero,22222222,60134,TONI-CALL B12 INYEC FRASCO X 100ML ,FRASCO         ,1,45000.0,0,45000,1,22222222,601,601,610,DROGA VETERINARIA                       ,Boyaca,Sogamoso,2025-Enero,<$50K,1
2025,Enero,22222222,60201,CUTAMYCON VF X 100G                ,CREMA          ,1,48000.0,0,48000,1,22222222,602,602,610,DROGA VETERINARIA                       ,Boyaca,Sogamoso,2025-Enero,<$50K,1
2025,Enero,22222222,60203,ENROVET ORAL 10% X 50ML            ,FRASCO         ,1,10000.0,0,10000,1,22222222,602,602,610,DROGA VETERINARIA                       ,Boyaca,Sogamoso,2025-Enero,<$50K,1
2025,Enero,22222222,60209,MATARRAZ X 30ML                    ,FRASCO         ,1,23000.0,0,23000,1,22222222,602,602,610,DROGA VETERINARIA                       ,Boyaca,Sogamoso,2025-Enero,<$50K,1
2025,Enero,22222222,60223,MINAVIAR SOBRE                     ,SOBRE          ,1,10000.0,0,10000,1,22222222,602,602,610,DROGA VETERINARIA                       ,Boyaca,Sogamoso,2025-Enero,<$50K,1
2025,Enero,22222222,60504,SAL 11% X 40KG                     ,BOLSA          ,3,74000.0,0,222000,3,22222222,605,605,605,SALES                                   ,Boyaca,Sogamoso,2025-Enero,$100K-$250K,1
2025,Enero,22222222,60507,SAL 6% X 40KG                      ,BOLSA          ,2,65000.0,0,130000,1,22222222,605,605,605,SALES                                   ,Boyaca,Sogamoso,2025-Enero,$100K-$250K,1
2025,Enero,22222222,60700,MAIZ NACIONAL X50KG                ,BULTO          ,7,86714.29,0,607000,7,22222222,607,607,607,MAIZ                                    ,Boyaca,Sogamoso,2025-Enero,$500K-$1M,1
2025,Enero,22222222,60701,MAIZ NACIONAL @                    ,BOLSA          ,5,25200.0,0,126000,4,22222222,607,607,607,MAIZ                                    ,Boyaca,Sogamoso,2025-Enero,$100K-$250K,1
2025,Enero,22222222,60703,MAIZ PARTIDO NACIONAL X 40KG       ,BULTO          ,3,74000.0,0,222000,3,22222222,607,607,607,MAIZ                                    ,Boyaca,Sogamoso,2025-Enero,$100K-$250K,1
2025,Enero,22222222,60807,DOGOURMET CARNE PARRILLA ADULTO X 1,BOLSA          ,1,68000.0,0,68000,1,22222222,608,608,608,MASCOTAS                                ,Boyaca,Sogamoso,2025-Enero,$50K-$100K,1
2025,Enero,22222222,60810,DONKAT GATOS ADULTOS X 7KG         ,BULTO          ,9,65555.56,0,590000,8,22222222,608,608,608,MASCOTAS                                ,Boyaca,Sogamoso,2025-Enero,$500K-$1M,1
2025,Enero,22222222,60822,"MONELLO CAT SALMON, ATUN, POLLO X 7",BULTO          ,1,125000.0,0,125000,1,22222222,608,608,608,MASCOTAS                                ,Boyaca,Sogamoso,2025-Enero,$100K-$250K,1
2025,Enero,22222222,60823,MONELLO DOG RAZAS PEQUEÑAS X 1KG   ,BOLSA          ,2,17000.0,0,34000,1,22222222,608,608,608,MASCOTAS                                ,Boyaca,Sogamoso,2025-Enero,<$50K,1
2025,Enero,22222222,60826,MONELLO CACHORRO X7KG              ,BULTO          ,2,98000.0,0,196000,2,22222222,608,608,608,MASCOTAS                                ,Boyaca,Sogamoso,2025-Enero,$100K-$250K,1
2025,Enero,22222222,60828,MONELLO RAZA PEQUEÑA X 7KG         ,BULTO          ,3,98000.0,0,294000,3,22222222,608,608,608,MASCOTAS                                ,Boyaca,Sogamoso,2025-Enero,$250K-$500K,1
2025,Enero,22222222,60832,DOG CHOW ADULTOS RAZAS MEDIANAS X 8,BULTO          ,1,115000.0,0,115000,1,22222222,608,608,608,MASCOTAS                                ,Boyaca,Sogamoso,2025-Enero,$100K-$250K,1
2025,Enero,22222222,60842,DOGOURMET CARNE PARRILLA ADULTO X 2,BULTO          ,1,190000.0,0,190000,1,22222222,608,608,608,MASCOTAS                                ,Boyaca,Sogamoso,2025-Enero,$100K-$250K,1
2025,Enero,22222222,60848,MONELLO TRADICIONAL X 7KG          ,BULTO          ,1,88000.0,0,88000,1,22222222,608,608,608,MASCOTAS                                ,Boyaca,Sogamoso,2025-Enero,$50K-$100K,1
2025,Enero,22222222,60881,CHUNKY ADULTO X 9KG                ,BULTO          ,3,76666.67,0,230000,3,22222222,608,608,608,MASCOTAS                                ,Boyaca,Sogamoso,2025-Enero,$100K-$250K,1
2025,Enero,22222222,60883,CHUNKY CACHORRO X 9KG              ,BULTO          ,4,78000.0,0,312000,4,22222222,608,608,608,MASCOTAS                                ,Boyaca,Sogamoso,2025-Enero,$250K-$500K,1
2025,Enero,22222222,60884,CHUNKY CACHORRO X 18KG             ,BULTO          ,2,147500.0,0,295000,2,22222222,608,608,608,MASCOTAS                                ,Boyaca,Sogamoso,2025-Enero,$250K-$500K,1
2025,Enero,22222222,61000,CREOLINA GOLD COOPERS X 120ML      ,FRASCO         ,2,16500.0,0,33000,2,22222222,610,610,610,DROGA VETERINARIA                       ,Boyaca,Sogamoso,2025-Enero,<$50K,1
2025,Enero,22222222,61001,CREOLINA GOLD COOPERS X 235ML      ,FRASCO         ,1,30000.0,0,30000,1,22222222,610,610,610,DROGA VETERINARIA                       ,Boyaca,Sogamoso,2025-Enero,<$50K,1
2025,Enero,22222222,61008,PARAVET SOBRE                      ,SOBRE          ,8,4000.0,0,32000,1,22222222,610,610,610,DROGA VETERINARIA                       ,Boyaca,Sogamoso,2025-Enero,<$50K,1
2025,Enero,22222222,61052,DEXTROMIN RB12 X 500ML             ,FRASCO         ,3,25333.33,0,76000,3,22222222,610,610,610,DROGA VETERINARIA                       ,Boyaca,Sogamoso,2025-Enero,$50K-$100K,1
2025,Enero,22222222,61070,ALBENDAZOL X 100ML                 ,FRASCO         ,1,24000.0,0,24000,1,22222222,610,610,610,DROGA VETERINARIA                       ,Boyaca,Sogamoso,2025-Enero,<$50K,1
2025,Enero,22222222,61072,ALBENDAZOL JERINGA X 20ML          ,JERINGA        ,1,12000.0,0,12000,1,22222222,610,610,610,DROGA VETERINARIA                       ,Boyaca,Sogamoso,2025-Enero,<$50K,1
2025,Enero,22222222,61084,MELAZA GARRAFA X 6KG               ,GARRAFA        ,1,15000.0,0,15000,1,22222222,610,610,610,DROGA VETERINARIA                       ,Boyaca,Sogamoso,2025-Enero,<$50K,1
2025,Enero,22222222,61085,MELAZA X 30KG                      ,BULTO          ,4,35500.0,0,142000,3,22222222,610,610,610,DROGA VETERINARIA                       ,Boyaca,Sogamoso,2025-Enero,$100K-$250K,1
2025,Enero,22222222,61101,POMADA ALFA X 60G                  ,UNIDAD         ,1,30000.0,0,30000,1,22222222,611,611,611,DROGA VETERINARIA                       ,Boyaca,Sogamoso,2025-Enero,<$50K,1
2025,Enero,22222222,61104,PEZOSAN X 100G                     ,UNIDAD         ,1,22000.0,0,22000,1,22222222,611,611,611,DROGA VETERINARIA                       ,Boyaca,Sogamoso,2025-Enero,<$50K,1
2025,Enero,22222222,61127,BERENIL X20ML                      ,FRASCO         ,1,25000.0,0,25000,1,22222222,611,611,611,DROGA VETERINARIA                       ,Boyaca,Sogamoso,2025-Enero,<$50K,1
2025,Enero,22222222,61167,CURAGAN AEROSOL X375ML             ,FRASCO         ,1,28000.0,0,28000,1,22222222,611,611,611,DROGA VETERINARIA                       ,Boyaca,Sogamoso,2025-Enero,<$50K,1
2025,Enero,22222222,61183,STREPTOLAND ORAL SOBRE             ,SOBRE          ,2,10000.0,0,20000,1,22222222,611,611,611,DROGA VETERINARIA                       ,Boyaca,Sogamoso,2025-Enero,<$50K,1
2025,Enero,22222222,61200,CHUNKY ADULTOS 25KG                ,BULTO          ,11,162454.55,0,1787000,11,22222222,612,612,612,MASCOTAS                                ,Boyaca,Sogamoso,2025-Enero,>$1M,1
2025,Enero,22222222,61201,ITALCAN CARNE Y VERD 25KG          ,BULTO          ,8,95000.0,0,760000,7,22222222,612,612,612,MASCOTAS                                ,Boyaca,Sogamoso,2025-Enero,$500K-$1M,1
2025,Enero,22222222,61203,ITALCAN PLUS POLLO Y ARROZ 25KG    ,BULTO          ,5,95000.0,0,475000,5,22222222,612,612,612,MASCOTAS                                ,Boyaca,Sogamoso,2025-Enero,$250K-$500K,1
2025,Enero,22222222,61205,AGILITY GOLD GRAN CACHORROS 15KG   ,BULTO          ,1,258000.0,0,258000,1,22222222,612,612,612,MASCOTAS                                ,Boyaca,Sogamoso,2025-Enero,$250K-$500K,1
2025,Enero,22222222,61206,CHUNKY ADULTO RAZAS PEQUEÑAS 8KG   ,BULTO          ,1,64000.0,0,64000,1,22222222,612,612,612,MASCOTAS                                ,Boyaca,Sogamoso,2025-Enero,$50K-$100K,1
2025,Enero,22222222,61218,MONELLO TRADICIONAL 25KG           ,BULTO          ,4,266250.0,0,1065000,2,22222222,612,612,612,MASCOTAS                                ,Boyaca,Sogamoso,2025-Enero,>$1M,1
2025,Enero,22222222,61221,NUTRION ADULTO 30KG                ,BULTO          ,1,157000.0,0,157000,1,22222222,612,612,612,MASCOTAS                                ,Boyaca,Sogamoso,2025-Enero,$100K-$250K,1
2025,Enero,22222222,61225,MAXI CAT ARENA 10KG                ,BOLSA          ,1,85000.0,0,85000,1,22222222,612,612,612,MASCOTAS                                ,Boyaca,Sogamoso,2025-Enero,$50K-$100K,1
2025,Enero,22222222,61227,BIRBO GATOS 7KG                    ,BULTO          ,2,15000.0,0,30000,1,22222222,612,612,612,MASCOTAS                                ,Boyaca,Sogamoso,2025-Enero,<$50K,1
2025,Enero,22222222,61263,BRAVECTO 10KG-20KG                 ,UNIDAD         ,3,104000.0,0,312000,2,22222222,612,612,612,MASCOTAS                                ,Boyaca,Sogamoso,2025-Enero,$250K-$500K,1
2025,Enero,22222222,61264,BRAVECTO 20KG-40KG                 ,UNIDAD         ,1,120000.0,0,120000,1,22222222,612,612,612,MASCOTAS                                ,Boyaca,Sogamoso,2025-Enero,$100K-$250K,1
2025,Enero,22222222,61280,AGILITY GOLD GRAN ADULT 15 KG      ,BULTO          ,1,247000.0,0,247000,1,22222222,612,612,612,MASCOTAS                                ,Boyaca,Sogamoso,2025-Enero,$100K-$250K,1
2025,Enero,22222222,61282,CHUNKY CORDERO 12 KG               ,UNIDAD         ,3,147666.67,0,443000,3,22222222,612,612,612,MASCOTAS                                ,Boyaca,Sogamoso,2025-Enero,$250K-$500K,1
2025,Enero,22222222,61301,NEXGARD                            ,PASTA          ,3,77333.33,0,232000,2,22222222,613,613,613,MASCOTAS                                ,Boyaca,Sogamoso,2025-Enero,$100K-$250K,1
2025,Enero,22222222,61302,CREDELIO                           ,PASTA          ,2,34000.0,0,68000,2,22222222,613,613,613,MASCOTAS                                ,Boyaca,Sogamoso,2025-Enero,$50K-$100K,1
2025,Enero,24113253,30118,NUTRECAN SENIOR 8KG                ,BULTO          ,1,90000.0,0,90000,1,24113253,301,301,108,MASCOTAS                                ,Boyaca,Sogamoso,2025-Enero,$50K-$100K,1
2025,Enero,33448889,10506,CONTELAC 18%                       ,BULTO          ,1,76000.0,0,76000,1,33448889,105,105,105,GANADERIA                               ,Boyaca,Sogamoso,2025-Enero,$50K-$100K,1
2025,Enero,33448889,10833,FILPO ADULTO 30KG                  ,BULTO          ,1,105000.0,0,105000,1,33448889,108,108,108,MASCOTAS                                ,Boyaca,Sogamoso,2025-Enero,$100K-$250K,1
2025,Enero,33448889,20203,SUPER HUEVO PREPICO 100            ,BULTO          ,2,88000.0,0,176000,1,33448889,202,202,101,AVICULTURA                              ,Boyaca,Sogamoso,2025-Enero,$100K-$250K,1
2025,Enero,40022620,10824,RINGO PREMIUM 30KG                 ,BULTO          ,4,152000.0,0,608000,1,40022620,108,108,108,MASCOTAS                                ,Boyaca,Tunja,2025-Enero,$500K-$1M,1
2025,Enero,46368837,20302,CERDO LEVANTE 1 NARANJA            ,BULTO          ,15,98000.0,0,1470000,1,46368837,203,203,203,PORCICULTURA                            ,Boyaca,Sogamoso,2025-Enero,>$1M,1
2025,Enero,47428820,20104,SUPER POLLO ENGORDE GRANJA         ,BULTO          ,1,88000.0,0,88000,1,47428820,201,201,101,AVICULTURA                              ,Boyaca,Sogamoso,2025-Enero,$50K-$100K,1
2025,Enero,74081683,10829,RINGO CROQUETAS 30KG               ,BULTO          ,1,125000.0,0,125000,1,74081683,108,108,108,MASCOTAS                                ,Boyaca,Nobsa,2025-Enero,$100K-$250K,1
2025,Enero,74083883,10504,CONTELAC 14%                       ,BULTO          ,2,72000.0,0,144000,1,74083883,105,105,105,GANADERIA                               ,Boyaca,Corrales,2025-Enero,$100K-$250K,1
2025,Enero,74083883,10833,FILPO ADULTO 30KG                  ,BULTO          ,1,105000.0,0,105000,1,74083883,108,108,108,MASCOTAS                                ,Boyaca,Corrales,2025-Enero,$100K-$250K,1
2025,Enero,74083883,20706,TRUCHA LEVANTE 40                  ,BULTO          ,1,199000.0,0,199000,1,74083883,207,207,207,ACUACULTURA                             ,Boyaca,Corrales,2025-Enero,$100K-$250K,1
2025,Enero,74083883,20707,TRUCHA FINALIZACION 40             ,BULTO          ,4,213000.0,0,852000,1,74083883,207,207,207,ACUACULTURA                             ,Boyaca,Corrales,2025-Enero,$500K-$1M,1
2025,Enero,74083883,61201,ITALCAN CARNE Y VERD 25KG          ,BULTO          ,1,95000.0,0,95000,1,74083883,612,612,612,MASCOTAS                                ,Boyaca,Corrales,2025-Enero,$50K-$100K,1
2025,Enero,74084607,10833,FILPO ADULTO 30KG                  ,BULTO          ,1,105000.0,0,105000,1,74084607,108,108,108,MASCOTAS                                ,Boyaca,Sogamoso,2025-Enero,$100K-$250K,1
2025,Enero,74084607,61201,ITALCAN CARNE Y VERD 25KG          ,BULTO          ,1,95000.0,0,95000,1,74084607,612,612,612,MASCOTAS                                ,Boyaca,Sogamoso,2025-Enero,$50K-$100K,1
2025,Enero,74183098,10504,CONTELAC 14%                       ,BULTO          ,2,70000.0,0,140000,1,74183098,105,105,105,GANADERIA                               ,Boyaca,Sogamoso,2025-Enero,$100K-$250K,1
2025,Enero,74186654,20203,SUPER HUEVO PREPICO 100            ,BULTO          ,1,88000.0,0,88000,1,74186654,202,202,101,AVICULTURA                              ,Boyaca,Nobsa,2025-Enero,$50K-$100K,1
2025,Enero,74186654,30403,BROILER I CC                       ,BULTO          ,1,100000.0,0,100000,1,74186654,304,304,304,AVICULTURA                              ,Boyaca,Nobsa,2025-Enero,$50K-$100K,1
2025,Enero,900147227,10501,NOVILLONAS                         ,BULTO          ,2,75000.0,0,150000,1,900147227,105,105,105,GANADERIA                               ,Boyaca,Sogamoso,2025-Enero,$100K-$250K,1
2025,Enero,900147227,10518,MAXI SAL 6%  H                     ,BULTO          ,1,23000.0,0,23000,1,900147227,105,105,105,GANADERIA                               ,Boyaca,Sogamoso,2025-Enero,<$50K,1
2025,Enero,900199719,10500,TERNERAS LEVANTE                   ,BULTO          ,1,90000.0,0,90000,1,900199719,105,105,105,GANADERIA                               ,Boyaca,Sogamoso,2025-Enero,$50K-$100K,1
2025,Enero,900199719,10507,PRELACTANCIA                       ,BULTO          ,1,77000.0,0,77000,1,900199719,105,105,105,GANADERIA                               ,Boyaca,Sogamoso,2025-Enero,$50K-$100K,1
2025,Enero,900199719,20503,CREMOSA                            ,BULTO          ,1,65000.0,0,65000,1,900199719,205,205,205,GANADERIA                               ,Boyaca,Sogamoso,2025-Enero,$50K-$100K,1
2025,Enero,900199719,60504,SAL 11% X 40KG                     ,BOLSA          ,1,75000.0,0,75000,1,900199719,605,605,605,SALES                                   ,Boyaca,Sogamoso,2025-Enero,$50K-$100K,1
2025,Enero,901591495,10120,MAXI HUEVO H                       ,BULTO          ,1,88000.0,0,88000,1,901591495,101,101,101,AVICULTURA                              ,Boyaca,Sogamoso,2025-Enero,$50K-$100K,1
2025,Enero,901591495,10701,CONEJOS                            ,BULTO          ,2,90000.0,0,180000,1,901591495,107,107,107,CONEJOS                                 ,Boyaca,Sogamoso,2025-Enero,$100K-$250K,1
2025,Enero,901675833,10120,MAXI HUEVO H                       ,BULTO          ,1,95000.0,0,95000,1,901675833,101,101,101,AVICULTURA                              ,Boyaca,Sogamoso,2025-Enero,$50K-$100K,1
2025,Enero,901675833,10831,FILPO ADULTO 10KG                  ,BULTO          ,1,40000.0,0,40000,1,901675833,108,108,108,MASCOTAS                                ,Boyaca,Sogamoso,2025-Enero,<$50K,1
2025,Enero,901675833,10833,FILPO ADULTO 30KG                  ,BULTO          ,1,103000.0,0,103000,1,901675833,108,108,108,MASCOTAS                                ,Boyaca,Sogamoso,2025-Enero,$100K-$250K,1
2025,Enero,901738460,10833,FILPO ADULTO 30KG                  ,BULTO          ,1,105000.0,0,105000,1,901738460,108,108,108,MASCOTAS                                ,Boyaca,Sogamoso,2025-Enero,$100K-$250K,1
2025,Enero,901795156,10201,PREINICIACION CERDOS               ,BULTO          ,1,122000.0,0,122000,1,901795156,102,102,102,PORCICULTURA                            ,Boyaca,Sogamoso,2025-Enero,$100K-$250K,1
2025,Enero,1007382853,10824,RINGO PREMIUM 30KG                 ,BULTO          ,6,152000.0,0,912000,2,1007382853,108,108,108,MASCOTAS                                ,Boyaca,Sogamoso,2025-Enero,$500K-$1M,1
2025,Enero,1057578112,10824,RINGO PREMIUM 30KG                 ,BULTO          ,3,152000.0,0,456000,1,1057578112,108,108,108,MASCOTAS                                ,Boyaca,Sogamoso,2025-Enero,$250K-$500K,1
2025,Enero,1057578112,10833,FILPO ADULTO 30KG                  ,BULTO          ,2,40000.0,0,80000,1,1057578112,108,108,108,MASCOTAS                                ,Boyaca,Sogamoso,2025-Enero,$50K-$100K,1
2025,Enero,1057579440,20203,SUPER HUEVO PREPICO 100            ,BULTO          ,3,87000.0,0,261000,3,1057579440,202,202,101,AVICULTURA                              ,Boyaca,Sogamoso,2025-Enero,$250K-$500K,1
2025,Enero,1057579440,20205,PONEDORA CAMPESINA                 ,BULTO          ,1,79000.0,0,79000,1,1057579440,202,202,101,AVICULTURA                              ,Boyaca,Sogamoso,2025-Enero,$50K-$100K,1
2025,Enero,1057579440,20304,CERDO FINALIZADOR NARANJA          ,BULTO          ,2,96000.0,0,192000,1,1057579440,203,203,203,PORCICULTURA                            ,Boyaca,Sogamoso,2025-Enero,$100K-$250K,1
2025,Enero,1057579440,20503,CREMOSA                            ,BULTO          ,1,65000.0,0,65000,1,1057579440,205,205,205,GANADERIA                               ,Boyaca,Sogamoso,2025-Enero,$50K-$100K,1
2025,Enero,1057579440,20505,ITAL LECHE PELLET                  ,BULTO          ,4,60000.0,0,240000,3,1057579440,205,205,205,GANADERIA                               ,Boyaca,Sogamoso,2025-Enero,$100K-$250K,1
2025,Enero,1057579440,20705,TRUCHA INICIACION 50               ,BULTO          ,1,209000.0,0,209000,1,1057579440,207,207,207,ACUACULTURA                             ,Boyaca,Sogamoso,2025-Enero,$100K-$250K,1
2025,Enero,1057579440,20706,TRUCHA LEVANTE 40                  ,BULTO          ,1,195000.0,0,195000,1,1057579440,207,207,207,ACUACULTURA                             ,Boyaca,Sogamoso,2025-Enero,$100K-$250K,1
2025,Enero,1057579440,20707,TRUCHA FINALIZACION 40             ,BULTO          ,1,209000.0,0,209000,1,1057579440,207,207,207,ACUACULTURA                             ,Boyaca,Sogamoso,2025-Enero,$100K-$250K,1
2025,Enero,1057579440,30612,CREMALECHE                         ,BULTO          ,2,73000.0,0,146000,1,1057579440,306,306,306,GANADERIA                               ,Boyaca,Sogamoso,2025-Enero,$100K-$250K,1
2025,Enero,1057579440,60701,MAIZ NACIONAL @                    ,BOLSA          ,1,88000.0,0,88000,1,1057579440,607,607,607,MAIZ                                    ,Boyaca,Sogamoso,2025-Enero,$50K-$100K,1
2025,Enero,1057579440,61085,MELAZA X 30KG                      ,BULTO          ,6,35833.33,0,215000,2,1057579440,610,610,610,DROGA VETERINARIA                       ,Boyaca,Sogamoso,2025-Enero,$100K-$250K,1
2025,Enero,1057579440,61200,CHUNKY ADULTOS 25KG                ,BULTO          ,1,34000.0,0,34000,1,1057579440,612,612,612,MASCOTAS                                ,Boyaca,Sogamoso,2025-Enero,<$50K,1
2025,Enero,1057596377,10600,CERDOS LEVANTE P TULIPAN           ,BULTO          ,1,62000.0,0,62000,1,1057596377,106,106,102,PORCICULTURA                            ,Boyaca,Sogamoso,2025-Enero,$50K-$100K,1
2025,Enero,1057596377,10603,FORRAJE GANADERIA P TULIPAN        ,BULTO          ,1,60000.0,0,60000,1,1057596377,106,106,105,GANADERIA                               ,Boyaca,Sogamoso,2025-Enero,$50K-$100K,1
2025,Enero,1057596377,10701,CONEJOS                            ,BULTO          ,2,85500.0,0,171000,2,1057596377,107,107,107,CONEJOS                                 ,Boyaca,Sogamoso,2025-Enero,$100K-$250K,1
2025,Enero,1057596377,20308,CERDO ENGORDE                      ,BULTO          ,1,75000.0,0,75000,1,1057596377,203,203,203,PORCICULTURA                            ,Boyaca,Sogamoso,2025-Enero,$50K-$100K,1
2025,Enero,1057596377,60701,MAIZ NACIONAL @                    ,BOLSA          ,1,88000.0,0,88000,1,1057596377,607,607,607,MAIZ                                    ,Boyaca,Sogamoso,2025-Enero,$50K-$100K,1
2025,Enero,1057600244,10123,PONEDORA EXTRA I C                 ,BULTO          ,2,15000.0,0,30000,1,1057600244,101,101,101,AVICULTURA                              ,Boyaca,Sogamoso,2025-Enero,<$50K,1
2025,Enero,1057600244,61070,ALBENDAZOL X 100ML                 ,FRASCO         ,1,24000.0,0,24000,1,1057600244,610,610,610,DROGA VETERINARIA                       ,Boyaca,Sogamoso,2025-Enero,<$50K,1
2025,Enero,8260002612,10829,RINGO CROQUETAS 30KG               ,BULTO          ,1,125000.0,0,125000,1,8260002612,108,108,108,MASCOTAS                                ,Boyaca,Sogamoso,2025-Enero,$100K-$250K,1
2025,Enero,8260002612,10833,FILPO ADULTO 30KG                  ,BULTO          ,1,105000.0,0,105000,1,8260002612,108,108,108,MASCOTAS                                ,Boyaca,Sogamoso,2025-Enero,$100K-$250K,1
2025,Enero,8260002612,10842,MIRRINGO 8KG                       ,BULTO          ,1,9500.0,0,9500,1,8260002612,108,108,108,MASCOTAS                                ,Boyaca,Sogamoso,2025-Enero,<$50K,1
2025,Enero,901859186,50201,RAZA PERROS 30KG                   ,BULTO          ,1,105000.0,0,105000,1,901859186,502,502,502,MASCOTAS                                ,Boyaca,Sogamoso,2025-Enero,$100K-$250K,1
2025,Enero,9127218,10100,PREINICIACION POLLITOS             ,BULTO          ,2,157000.0,0,314000,1,9127218,101,101,101,AVICULTURA                              ,Boyaca,Sogamoso,2025-Enero,$250K-$500K,1
2025,Enero,9127218,10101,MAXI POLLITOS H.                   ,BULTO          ,1,100000.0,0,100000,1,9127218,101,101,101,AVICULTURA                              ,Boyaca,Sogamoso,2025-Enero,$50K-$100K,1
2025,Enero,9127218,10212,MAXI CERDAS GESTACION              ,BULTO          ,2,83000.0,0,166000,2,9127218,102,102,102,PORCICULTURA                            ,Boyaca,Sogamoso,2025-Enero,$100K-$250K,1
2025,Enero,9127218,10603,FORRAJE GANADERIA P TULIPAN        ,BULTO          ,1,62000.0,0,62000,1,9127218,106,106,105,GANADERIA                               ,Boyaca,Sogamoso,2025-Enero,$50K-$100K,1
2025,Enero,9127218,10829,RINGO CROQUETAS 30KG               ,BULTO          ,11,125000.0,0,1375000,2,9127218,108,108,108,MASCOTAS                                ,Boyaca,Sogamoso,2025-Enero,>$1M,1
2025,Enero,9127218,10833,FILPO ADULTO 30KG                  ,BULTO          ,2,103000.0,0,206000,1,9127218,108,108,108,MASCOTAS                                ,Boyaca,Sogamoso,2025-Enero,$100K-$250K,1
2025,Enero,9127218,20307,CERDO LEVANTE                      ,BULTO          ,2,87000.0,0,174000,1,9127218,203,203,203,PORCICULTURA                            ,Boyaca,Sogamoso,2025-Enero,$100K-$250K,1
2025,Enero,9127218,20705,TRUCHA INICIACION 50               ,BULTO          ,2,248000.0,0,496000,1,9127218,207,207,207,ACUACULTURA                             ,Boyaca,Sogamoso,2025-Enero,$250K-$500K,1
2025,Enero,9127218,60102,ALCOBEST 25% JERINGA X 10ML        ,JERINGA        ,2,2000.0,0,4000,1,9127218,601,601,610,DROGA VETERINARIA                       ,Boyaca,Sogamoso,2025-Enero,<$50K,1
2025,Enero,9127218,60810,DONKAT GATOS ADULTOS X 7KG         ,BULTO          ,1,65000.0,0,65000,1,9127218,608,608,608,MASCOTAS                                ,Boyaca,Sogamoso,2025-Enero,$50K-$100K,1
2025,Febrero,4043312,61291,AGILITY GOLD PEQ ADUL PIEL 1.5KG   ,BOL            ,1,68000.0,0,68000,1,4043312,612,612,612,MASCOTAS                                ,Boyaca,Sogamoso,2025-Febrero,$50K-$100K,2
2025,Febrero,4117002,10120,MAXI HUEVO H                       ,BULTO          ,1,88000.0,0,88000,1,4117002,101,101,101,AVICULTURA                              ,Boyaca,Firavitoba,2025-Febrero,$50K-$100K,2
2025,Febrero,4117002,10201,PREINICIACION CERDOS               ,BULTO          ,1,152000.0,0,152000,1,4117002,102,102,102,PORCICULTURA                            ,Boyaca,Firavitoba,2025-Febrero,$100K-$250K,2
2025,Febrero,4117002,10202,INICIACION CERDOS                  ,BULTO          ,20,120600.0,0,2412000,4,4117002,102,102,102,PORCICULTURA                            ,Boyaca,Firavitoba,2025-Febrero,>$1M,2
2025,Febrero,4117002,10203,MAXI LECHONES   R                  ,BULTO          ,7,98000.0,0,686000,1,4117002,102,102,102,PORCICULTURA                            ,Boyaca,Firavitoba,2025-Febrero,$500K-$1M,2
2025,Febrero,4117002,10204,MAXI LECHONES                      ,BULTO          ,35,97142.86,0,3400000,3,4117002,102,102,102,PORCICULTURA                            ,Boyaca,Firavitoba,2025-Febrero,>$1M,2
2025,Febrero,4117002,10207,MAXI CERDOS FINALIZADOR            ,BULTO          ,25,95500.0,0,2387500,3,4117002,102,102,102,PORCICULTURA                            ,Boyaca,Firavitoba,2025-Febrero,>$1M,2
2025,Febrero,4117002,10211,MAXI CERDAS GESTACION   R          ,BULTO          ,22,87818.18,0,1932000,3,4117002,102,102,102,PORCICULTURA                            ,Boyaca,Firavitoba,2025-Febrero,>$1M,2
2025,Febrero,4117002,10212,MAXI CERDAS GESTACION              ,BULTO          ,6,84000.0,0,504000,1,4117002,102,102,102,PORCICULTURA                            ,Boyaca,Firavitoba,2025-Febrero,$500K-$1M,2
2025,Febrero,4117002,10213,CERDAS LACTANCIA PRIMERIZAS        ,BULTO          ,9,99666.67,0,897000,3,4117002,102,102,102,PORCICULTURA                            ,Boyaca,Firavitoba,2025-Febrero,$500K-$1M,2
2025,Febrero,4117002,10214,MAXI CERDAS LACTANCIA              ,BULTO          ,8,100000.0,0,800000,1,4117002,102,102,102,PORCICULTURA                            ,Boyaca,Firavitoba,2025-Febrero,$500K-$1M,2
2025,Febrero,4119727,20305,CERDA GESTACION NARANJA            ,BULTO          ,6,88000.0,0,528000,1,4119727,203,203,203,PORCICULTURA                            ,Boyaca,Firavitoba,2025-Febrero,$500K-$1M,2
2025,Febrero,4119727,20505,ITAL LECHE PELLET                  ,BULTO          ,2,62000.0,0,124000,1,4119727,205,205,205,GANADERIA                               ,Boyaca,Firavitoba,2025-Febrero,$100K-$250K,2
2025,Febrero,4210992,10402,CINTA AZUL  ADULTOS                ,BULTO          ,1,87000.0,0,87000,1,4210992,104,104,104,EQUINOS                                 ,Boyaca,Sogamoso,2025-Febrero,$50K-$100K,2
2025,Febrero,4211190,10504,CONTELAC 14%                       ,BULTO          ,1,70000.0,0,70000,1,4211190,105,105,105,GANADERIA                               ,Boyaca,Sogamoso,2025-Febrero,$50K-$100K,2
2025,Febrero,4211190,10833,FILPO ADULTO 30KG                  ,BULTO          ,1,105000.0,0,105000,1,4211190,108,108,108,MASCOTAS                                ,Boyaca,Sogamoso,2025-Febrero,$100K-$250K,2
2025,Febrero,4211190,20203,SUPER HUEVO PREPICO 100            ,BULTO          ,2,87500.0,0,175000,2,4211190,202,202,101,AVICULTURA                              ,Boyaca,Sogamoso,2025-Febrero,$100K-$250K,2
2025,Febrero,4211190,20503,CREMOSA                            ,BULTO          ,1,65000.0,0,65000,1,4211190,205,205,205,GANADERIA                               ,Boyaca,Sogamoso,2025-Febrero,$50K-$100K,2
2025,Febrero,7125529,10833,FILPO ADULTO 30KG                  ,BULTO          ,1,105000.0,0,105000,1,7125529,108,108,108,MASCOTAS                                ,Boyaca,Sogamoso,2025-Febrero,$100K-$250K,2
2025,Febrero,9395888,61218,MONELLO TRADICIONAL 25KG           ,BULTO          ,1,268000.0,0,268000,1,9395888,612,612,612,MASCOTAS                                ,Boyaca,Sogamoso,2025-Febrero,$250K-$500K,2
2025,Febrero,9397589,20307,CERDO LEVANTE                      ,BULTO          ,2,87000.0,0,174000,2,9397589,203,203,203,PORCICULTURA                            ,Boyaca,Sogamoso,2025-Febrero,$100K-$250K,2
2025,Febrero,9521951,10500,TERNERAS LEVANTE                   ,BULTO          ,10,92000.0,0,920000,1,9521951,105,105,105,GANADERIA                               ,Bogota DC,Bogota,2025-Febrero,$500K-$1M,2
2025,Febrero,9521951,10504,CONTELAC 14%                       ,BULTO          ,40,73000.0,0,2920000,1,9521951,105,105,105,GANADERIA                               ,Bogota DC,Bogota,2025-Febrero,>$1M,2
2025,Febrero,9524221,10833,FILPO ADULTO 30KG                  ,BULTO          ,1,105000.0,0,105000,1,9524221,108,108,108,MASCOTAS                                ,Boyaca,Sogamoso,2025-Febrero,$100K-$250K,2
2025,Febrero,9524221,10842,MIRRINGO 8KG                       ,BULTO          ,1,67000.0,0,67000,1,9524221,108,108,108,MASCOTAS                                ,Boyaca,Sogamoso,2025-Febrero,$50K-$100K,2
2025,Febrero,9524221,20307,CERDO LEVANTE                      ,BULTO          ,2,87000.0,0,174000,1,9524221,203,203,203,PORCICULTURA                            ,Boyaca,Sogamoso,2025-Febrero,$100K-$250K,2
2025,Febrero,9527933,10829,RINGO CROQUETAS 30KG               ,BULTO          ,2,125500.0,0,251000,2,9527933,108,108,108,MASCOTAS                                ,Boyaca,Sogamoso,2025-Febrero,$250K-$500K,2
2025,Febrero,9527933,50201,RAZA PERROS 30KG                   ,BULTO          ,1,103000.0,0,103000,1,9527933,502,502,502,MASCOTAS                                ,Boyaca,Sogamoso,2025-Febrero,$100K-$250K,2
2025,Febrero,9531884,10829,RINGO CROQUETAS 30KG               ,BULTO          ,1,125000.0,0,125000,1,9531884,108,108,108,MASCOTAS                                ,Boyaca,Sogamoso,2025-Febrero,$100K-$250K,2
2025,Febrero,9534538,10204,MAXI LECHONES                      ,BULTO          ,8,97500.0,0,780000,1,9534538,102,102,102,PORCICULTURA                            ,Boyaca,Sogamoso,2025-Febrero,$500K-$1M,2
2025,Febrero,9534538,10207,MAXI CERDOS FINALIZADOR            ,BULTO          ,7,95857.14,0,671000,2,9534538,102,102,102,PORCICULTURA                            ,Boyaca,Sogamoso,2025-Febrero,$500K-$1M,2
2025,Febrero,9534538,10211,MAXI CERDAS GESTACION   R          ,BULTO          ,1,86000.0,0,86000,1,9534538,102,102,102,PORCICULTURA                            ,Boyaca,Sogamoso,2025-Febrero,$50K-$100K,2
2025,Febrero,9534538,10212,MAXI CERDAS GESTACION              ,BULTO          ,3,86000.0,0,258000,1,9534538,102,102,102,PORCICULTURA                            ,Boyaca,Sogamoso,2025-Febrero,$250K-$500K,2
2025,Febrero,17037305,10500,TERNERAS LEVANTE                   ,BULTO          ,3,95000.0,0,285000,1,17037305,105,105,105,GANADERIA                               ,Boyaca,Sogamoso,2025-Febrero,$250K-$500K,2
2025,Febrero,17037305,10603,FORRAJE GANADERIA P TULIPAN        ,BULTO          ,1,64000.0,0,64000,1,17037305,106,106,105,GANADERIA                               ,Boyaca,Sogamoso,2025-Febrero,$50K-$100K,2
2025,Febrero,17037305,10833,FILPO ADULTO 30KG                  ,BULTO          ,1,110000.0,0,110000,1,17037305,108,108,108,MASCOTAS                                ,Boyaca,Sogamoso,2025-Febrero,$100K-$250K,2
2025,Febrero,17037305,20503,CREMOSA                            ,BULTO          ,14,68000.0,0,952000,1,17037305,205,205,205,GANADERIA                               ,Boyaca,Sogamoso,2025-Febrero,$500K-$1M,2
2025,Febrero,17037305,60504,SAL 11% X 40KG                     ,BOLSA          ,3,78000.0,0,234000,1,17037305,605,605,605,SALES                                   ,Boyaca,Sogamoso,2025-Febrero,$100K-$250K,2
2025,Febrero,22222222,10103,MAXI POLLITOS C.                   ,BULTO          ,5,103800.0,0,519000,5,22222222,101,101,101,AVICULTURA                              ,Boyaca,Sogamoso,2025-Febrero,$500K-$1M,2
2025,Febrero,22222222,10105,POLLITOS INICIACION                ,BULTO          ,1,98000.0,0,98000,1,22222222,101,101,101,AVICULTURA                              ,Boyaca,Sogamoso,2025-Febrero,$50K-$100K,2
2025,Febrero,22222222,10108,MAXI BROILER P                     ,BULTO          ,17,107588.24,0,1829000,12,22222222,101,101,101,AVICULTURA                              ,Boyaca,Sogamoso,2025-Febrero,>$1M,2
2025,Febrero,22222222,10109,MAXI BROILER PIGMENTO C            ,BULTO          ,20,112000.0,0,2240000,9,22222222,101,101,101,AVICULTURA                              ,Boyaca,Sogamoso,2025-Febrero,>$1M,2
2025,Febrero,22222222,10110,MAXI BROILER PIGMENTO P            ,BULTO          ,12,112000.0,0,1344000,1,22222222,101,101,101,AVICULTURA                              ,Boyaca,Sogamoso,2025-Febrero,>$1M,2
2025,Febrero,22222222,10112,BROILER P                          ,BULTO          ,66,99984.85,0,6599000,9,22222222,101,101,101,AVICULTURA                              ,Boyaca,Sogamoso,2025-Febrero,>$1M,2
2025,Febrero,22222222,10114,POLLO CAMPESINO C                  ,BULTO          ,1,88000.0,0,88000,1,22222222,101,101,101,AVICULTURA                              ,Boyaca,Sogamoso,2025-Febrero,$50K-$100K,2
2025,Febrero,22222222,10116,POLLO CAMPESINO P                  ,BULTO          ,1,88000.0,0,88000,1,22222222,101,101,101,AVICULTURA                              ,Boyaca,Sogamoso,2025-Febrero,$50K-$100K,2
2025,Febrero,22222222,10118,POLLAS                             ,BULTO          ,34,95705.88,0,3254000,4,22222222,101,101,101,AVICULTURA                              ,Boyaca,Sogamoso,2025-Febrero,>$1M,2
2025,Febrero,22222222,10120,MAXI HUEVO H                       ,BULTO          ,11,87454.55,0,962000,8,22222222,101,101,101,AVICULTURA                              ,Boyaca,Sogamoso,2025-Febrero,$500K-$1M,2
2025,Febrero,22222222,10121,MAXI HUEVO C                       ,BULTO          ,302,88105.96,0,26608000,43,22222222,101,101,101,AVICULTURA                              ,Boyaca,Sogamoso,2025-Febrero,>$1M,2
2025,Febrero,22222222,10122,PONEDORA EXTRA I C 1K*20           ,BOLSA          ,1,48000.0,0,48000,1,22222222,101,101,101,AVICULTURA                              ,Boyaca,Sogamoso,2025-Febrero,<$50K,2
2025,Febrero,22222222,10123,PONEDORA EXTRA I C                 ,BULTO          ,139,84812.95,0,11789000,9,22222222,101,101,101,AVICULTURA                              ,Boyaca,Sogamoso,2025-Febrero,>$1M,2
2025,Febrero,22222222,10133,CODORNICES CONTEGRAL               ,BULTO          ,6,95166.67,0,571000,6,22222222,101,101,101,AVICULTURA                              ,Boyaca,Sogamoso,2025-Febrero,$500K-$1M,2
2025,Febrero,22222222,10201,PREINICIACION CERDOS               ,BULTO          ,1,122000.0,0,122000,1,22222222,102,102,102,PORCICULTURA                            ,Boyaca,Sogamoso,2025-Febrero,$100K-$250K,2
2025,Febrero,22222222,10202,INICIACION CERDOS                  ,BULTO          ,25,122680.0,0,3067000,7,22222222,102,102,102,PORCICULTURA                            ,Boyaca,Sogamoso,2025-Febrero,>$1M,2
2025,Febrero,22222222,10204,MAXI LECHONES                      ,BULTO          ,48,97750.0,0,4692000,14,22222222,102,102,102,PORCICULTURA                            ,Boyaca,Sogamoso,2025-Febrero,>$1M,2
2025,Febrero,22222222,10205,CERDOS LEVANTE                     ,BULTO          ,5,88200.0,0,441000,4,22222222,102,102,102,PORCICULTURA                            ,Boyaca,Sogamoso,2025-Febrero,$250K-$500K,2
2025,Febrero,22222222,10207,MAXI CERDOS FINALIZADOR            ,BULTO          ,32,94984.38,0,3039500,13,22222222,102,102,102,PORCICULTURA                            ,Boyaca,Sogamoso,2025-Febrero,>$1M,2
2025,Febrero,22222222,10209,CERDOS ENGORDE                     ,BULTO          ,10,75000.0,0,750000,5,22222222,102,102,102,PORCICULTURA                            ,Boyaca,Sogamoso,2025-Febrero,$500K-$1M,2
2025,Febrero,22222222,10212,MAXI CERDAS GESTACION              ,BULTO          ,65,85907.69,0,5584000,8,22222222,102,102,102,PORCICULTURA                            ,Boyaca,Sogamoso,2025-Febrero,>$1M,2
2025,Febrero,22222222,10214,MAXI CERDAS LACTANCIA              ,BULTO          ,25,90280.0,0,2257000,10,22222222,102,102,102,PORCICULTURA                            ,Boyaca,Sogamoso,2025-Febrero,>$1M,2
2025,Febrero,22222222,10300,"MAXI PECES 38 1,8 E                ",BULTO          ,4,164000.0,0,656000,2,22222222,103,103,103,ACUACULTURA                             ,Boyaca,Sogamoso,2025-Febrero,$500K-$1M,2
2025,Febrero,22222222,10301,"MAXI PECES 32 2,5 E                ",BULTO          ,5,143000.0,0,715000,1,22222222,103,103,103,ACUACULTURA                             ,Boyaca,Sogamoso,2025-Febrero,$500K-$1M,2
2025,Febrero,22222222,10303,PECES 25                           ,BULTO          ,29,124862.07,0,3621000,4,22222222,103,103,103,ACUACULTURA                             ,Boyaca,Sogamoso,2025-Febrero,>$1M,2
2025,Febrero,22222222,10304,"MAXI TRUCHAS 45 SP 1,8 E           ",BULTO          ,30,217500.0,0,6525000,5,22222222,103,103,103,ACUACULTURA                             ,Boyaca,Sogamoso,2025-Febrero,>$1M,2
2025,Febrero,22222222,10305,"MAXI TRUCHAS 45 SP 3,5 E           ",BULTO          ,34,219176.47,0,7452000,7,22222222,103,103,103,ACUACULTURA                             ,Boyaca,Sogamoso,2025-Febrero,>$1M,2
2025,Febrero,22222222,10306,TRUCHAS 40 CP E                    ,BULTO          ,21,230047.62,0,4831000,6,22222222,103,103,103,ACUACULTURA                             ,Boyaca,Sogamoso,2025-Febrero,>$1M,2
2025,Febrero,22222222,10400,POTROS  CINTA AZUL                 ,BULTO          ,1,92000.0,0,92000,1,22222222,104,104,104,EQUINOS                                 ,Boyaca,Sogamoso,2025-Febrero,$50K-$100K,2
2025,Febrero,22222222,10401,YEGUAS                             ,BULTO          ,6,86666.67,0,520000,2,22222222,104,104,104,EQUINOS                                 ,Boyaca,Sogamoso,2025-Febrero,$500K-$1M,2
2025,Febrero,22222222,10402,CINTA AZUL  ADULTOS                ,BULTO          ,3,84000.0,0,252000,2,22222222,104,104,104,EQUINOS                                 ,Boyaca,Sogamoso,2025-Febrero,$250K-$500K,2
2025,Febrero,22222222,10500,TERNERAS LEVANTE                   ,BULTO          ,45,92777.78,0,4175000,10,22222222,105,105,105,GANADERIA                               ,Boyaca,Sogamoso,2025-Febrero,>$1M,2
2025,Febrero,22222222,10501,NOVILLONAS                         ,BULTO          ,62,85629.03,0,5309000,15,22222222,105,105,105,GANADERIA                               ,Boyaca,Sogamoso,2025-Febrero,>$1M,2
2025,Febrero,22222222,10504,CONTELAC 14%                       ,BULTO          ,58,68793.1,0,3990000,19,22222222,105,105,105,GANADERIA                               ,Boyaca,Sogamoso,2025-Febrero,>$1M,2
2025,Febrero,22222222,10505,CONTELAC 16%                       ,BULTO          ,3,74000.0,0,222000,1,22222222,105,105,105,GANADERIA                               ,Boyaca,Sogamoso,2025-Febrero,$100K-$250K,2
2025,Febrero,22222222,10506,CONTELAC 18%                       ,BULTO          ,111,80810.81,0,8970000,14,22222222,105,105,105,GANADERIA                               ,Boyaca,Sogamoso,2025-Febrero,>$1M,2
2025,Febrero,22222222,10507,PRELACTANCIA                       ,BULTO          ,4,77000.0,0,308000,4,22222222,105,105,105,GANADERIA                               ,Boyaca,Sogamoso,2025-Febrero,$250K-$500K,2
2025,Febrero,22222222,10515,NOVILLOS CEBA P                    ,BULTO          ,8,70000.0,0,560000,7,22222222,105,105,105,GANADERIA                               ,Boyaca,Sogamoso,2025-Febrero,$500K-$1M,2
2025,Febrero,22222222,10603,FORRAJE GANADERIA P TULIPAN        ,BULTO          ,100,64960.0,0,6496000,14,22222222,106,106,105,GANADERIA                               ,Boyaca,Sogamoso,2025-Febrero,>$1M,2
2025,Febrero,22222222,10701,CONEJOS                            ,BULTO          ,92,89119.57,0,8199000,30,22222222,107,107,107,CONEJOS                                 ,Boyaca,Sogamoso,2025-Febrero,>$1M,2
2025,Febrero,22222222,10802,NUTRISS CACHORROS LECHE 1K*20      ,BOLSA          ,1,8000.0,0,8000,1,22222222,108,108,108,MASCOTAS                                ,Boyaca,Sogamoso,2025-Febrero,<$50K,2
2025,Febrero,22222222,10809,NUTRISS ADULTOS CARNE Y VEG  30KG  ,BULTO          ,5,160000.0,0,800000,5,22222222,108,108,108,MASCOTAS                                ,Boyaca,Sogamoso,2025-Febrero,$500K-$1M,2
2025,Febrero,22222222,10811,NUTRISS ADULTOS POLLO Y VEG 20KG   ,BULTO          ,1,115000.0,0,115000,1,22222222,108,108,108,MASCOTAS                                ,Boyaca,Sogamoso,2025-Febrero,$100K-$250K,2
2025,Febrero,22222222,10821,RINGO PREMIUM 20KG                 ,BULTO          ,2,106500.0,0,213000,2,22222222,108,108,108,MASCOTAS                                ,Boyaca,Sogamoso,2025-Febrero,$100K-$250K,2
2025,Febrero,22222222,10824,RINGO PREMIUM 30KG                 ,BULTO          ,21,151714.29,0,3186000,20,22222222,108,108,108,MASCOTAS                                ,Boyaca,Sogamoso,2025-Febrero,>$1M,2
2025,Febrero,22222222,10826,RINGO CROQUETAS 20KG               ,BULTO          ,4,89250.0,0,357000,4,22222222,108,108,108,MASCOTAS                                ,Boyaca,Sogamoso,2025-Febrero,$250K-$500K,2
2025,Febrero,22222222,10827,RINGO CROQUETAS 1K*20              ,BOLSA          ,1,10000.0,0,10000,1,22222222,108,108,108,MASCOTAS                                ,Boyaca,Sogamoso,2025-Febrero,<$50K,2
2025,Febrero,22222222,10829,RINGO CROQUETAS 30KG               ,BULTO          ,57,125000.0,0,7125000,27,22222222,108,108,108,MASCOTAS                                ,Boyaca,Sogamoso,2025-Febrero,>$1M,2
2025,Febrero,22222222,10831,FILPO ADULTO 10KG                  ,BULTO          ,4,39750.0,0,159000,3,22222222,108,108,108,MASCOTAS                                ,Boyaca,Sogamoso,2025-Febrero,$100K-$250K,2
2025,Febrero,22222222,10833,FILPO ADULTO 30KG                  ,BULTO          ,75,104173.33,0,7813000,36,22222222,108,108,108,MASCOTAS                                ,Boyaca,Sogamoso,2025-Febrero,>$1M,2
2025,Febrero,22222222,10842,MIRRINGO 8KG                       ,BULTO          ,50,67000.0,0,3350000,9,22222222,108,108,108,MASCOTAS                                ,Boyaca,Sogamoso,2025-Febrero,>$1M,2
2025,Febrero,22222222,10843,MIRRINGO 0.5K*20                   ,BOLSA          ,1,5000.0,0,5000,1,22222222,108,108,108,MASCOTAS                                ,Boyaca,Sogamoso,2025-Febrero,<$50K,2
2025,Febrero,22222222,20103,SUPER POLLITO INICIACION DIS       ,BULTO          ,1,87000.0,0,87000,1,22222222,201,201,101,AVICULTURA                              ,Boyaca,Sogamoso,2025-Febrero,$50K-$100K,2
2025,Febrero,22222222,20104,SUPER POLLO ENGORDE GRANJA         ,BULTO          ,1,88000.0,0,88000,1,22222222,201,201,101,AVICULTURA                              ,Boyaca,Sogamoso,2025-Febrero,$50K-$100K,2
2025,Febrero,22222222,20105,SUPER POLLO ENGORDE 5K*4           ,BOLSA          ,1,30000.0,0,30000,1,22222222,201,201,101,AVICULTURA                              ,Boyaca,Sogamoso,2025-Febrero,<$50K,2
2025,Febrero,22222222,20106,SUPER POLLO ENGORDE DORADO         ,BULTO          ,21,112000.0,0,2352000,2,22222222,201,201,101,AVICULTURA                              ,Boyaca,Sogamoso,2025-Febrero,>$1M,2
2025,Febrero,22222222,20107,SUPER POLLO ENGORDE DIS            ,BULTO          ,2,88000.0,0,176000,1,22222222,201,201,101,AVICULTURA                              ,Boyaca,Sogamoso,2025-Febrero,$100K-$250K,2
2025,Febrero,22222222,20108,POLLO CRIOLLO P                    ,BULTO          ,3,80666.67,0,242000,3,22222222,201,201,101,AVICULTURA                              ,Boyaca,Sogamoso,2025-Febrero,$100K-$250K,2
2025,Febrero,22222222,20109,POLLO CRIOLLO Q                    ,BULTO          ,5,77200.0,0,386000,5,22222222,201,201,101,AVICULTURA                              ,Boyaca,Sogamoso,2025-Febrero,$250K-$500K,2
2025,Febrero,22222222,20202,SUPER HUEVO PREPICO                ,BULTO          ,40,83500.0,0,3340000,10,22222222,202,202,101,AVICULTURA                              ,Boyaca,Sogamoso,2025-Febrero,>$1M,2
2025,Febrero,22222222,20203,SUPER HUEVO PREPICO 100            ,BULTO          ,380,88605.26,0,33670000,48,22222222,202,202,101,AVICULTURA                              ,Boyaca,Sogamoso,2025-Febrero,>$1M,2
2025,Febrero,22222222,20205,PONEDORA CAMPESINA                 ,BULTO          ,3,72000.0,0,216000,3,22222222,202,202,101,AVICULTURA                              ,Boyaca,Sogamoso,2025-Febrero,$100K-$250K,2
2025,Febrero,22222222,20301,CERDITOS INICIACION NARANJA        ,BULTO          ,12,120000.0,0,1440000,7,22222222,203,203,203,PORCICULTURA                            ,Boyaca,Sogamoso,2025-Febrero,>$1M,2
2025,Febrero,22222222,20302,CERDO LEVANTE 1 NARANJA            ,BULTO          ,205,96263.41,0,19734000,38,22222222,203,203,203,PORCICULTURA                            ,Boyaca,Sogamoso,2025-Febrero,>$1M,2
2025,Febrero,22222222,20303,CERDO ENGORDE NARANJA              ,BULTO          ,35,94028.57,0,3291000,8,22222222,203,203,203,PORCICULTURA                            ,Boyaca,Sogamoso,2025-Febrero,>$1M,2
2025,Febrero,22222222,20304,CERDO FINALIZADOR NARANJA          ,BULTO          ,37,96000.0,0,3552000,8,22222222,203,203,203,PORCICULTURA                            ,Boyaca,Sogamoso,2025-Febrero,>$1M,2
2025,Febrero,22222222,20305,CERDA GESTACION NARANJA            ,BULTO          ,54,93092.59,0,5027000,3,22222222,203,203,203,PORCICULTURA                            ,Boyaca,Sogamoso,2025-Febrero,>$1M,2
2025,Febrero,22222222,20306,CERDA LACTANCIA NARANJA            ,BULTO          ,1,97000.0,0,97000,1,22222222,203,203,203,PORCICULTURA                            ,Boyaca,Sogamoso,2025-Febrero,$50K-$100K,2
2025,Febrero,22222222,20307,CERDO LEVANTE                      ,BULTO          ,152,89289.47,0,13572000,18,22222222,203,203,203,PORCICULTURA                            ,Boyaca,Sogamoso,2025-Febrero,>$1M,2
2025,Febrero,22222222,20308,CERDO ENGORDE                      ,BULTO          ,70,81871.43,0,5731000,11,22222222,203,203,203,PORCICULTURA                            ,Boyaca,Sogamoso,2025-Febrero,>$1M,2
2025,Febrero,22222222,20503,CREMOSA                            ,BULTO          ,31,65000.0,0,2015000,7,22222222,205,205,205,GANADERIA                               ,Boyaca,Sogamoso,2025-Febrero,>$1M,2
2025,Febrero,22222222,20505,ITAL LECHE PELLET                  ,BULTO          ,132,60000.0,0,7920000,28,22222222,205,205,205,GANADERIA                               ,Boyaca,Sogamoso,2025-Febrero,>$1M,2
2025,Febrero,22222222,20600,EQUINOS                            ,BULTO          ,17,74000.0,0,1258000,3,22222222,206,206,206,EQUINOS                                 ,Boyaca,Sogamoso,2025-Febrero,>$1M,2
2025,Febrero,22222222,20606,FURIA TOTAL                        ,BULTO          ,39,65256.41,0,2545000,7,22222222,206,206,206,EQUINOS                                 ,Boyaca,Sogamoso,2025-Febrero,>$1M,2
2025,Febrero,22222222,20607,MULTIFORRAJE EQUINO                ,BULTO          ,2,67000.0,0,134000,2,22222222,206,206,206,EQUINOS                                 ,Boyaca,Sogamoso,2025-Febrero,$100K-$250K,2
2025,Febrero,22222222,20608,PODIUM                             ,BULTO          ,11,83909.09,0,923000,2,22222222,206,206,206,EQUINOS                                 ,Boyaca,Sogamoso,2025-Febrero,$500K-$1M,2
2025,Febrero,22222222,20705,TRUCHA INICIACION 50               ,BULTO          ,7,263714.29,0,1846000,5,22222222,207,207,207,ACUACULTURA                             ,Boyaca,Sogamoso,2025-Febrero,>$1M,2
2025,Febrero,22222222,20706,TRUCHA LEVANTE 40                  ,BULTO          ,82,198963.41,0,16315000,14,22222222,207,207,207,ACUACULTURA                             ,Boyaca,Sogamoso,2025-Febrero,>$1M,2
2025,Febrero,22222222,20707,TRUCHA FINALIZACION 40             ,BULTO          ,275,212400.0,0,58410000,27,22222222,207,207,207,ACUACULTURA                             ,Boyaca,Sogamoso,2025-Febrero,>$1M,2
2025,Febrero,22222222,30104,NUTRECAN ADULTOS RAZAS PEQUE 2K*8  ,BOLSA          ,1,23500.0,0,23500,1,22222222,301,301,108,MASCOTAS                                ,Boyaca,Sogamoso,2025-Febrero,<$50K,2
2025,Febrero,22222222,30106,NUTRECAN ADULTOS RAZAS PEQUE 8KG   ,BULTO          ,3,90666.67,0,272000,2,22222222,301,301,108,MASCOTAS                                ,Boyaca,Sogamoso,2025-Febrero,$250K-$500K,2
2025,Febrero,22222222,30110,NUTRECAN ADULTOS RM Y RG 8KG       ,BULTO          ,2,74500.0,0,149000,2,22222222,301,301,108,MASCOTAS                                ,Boyaca,Sogamoso,2025-Febrero,$100K-$250K,2
2025,Febrero,22222222,30112,NUTRECAN ADULTOS RM Y RG 25KG      ,BULTO          ,2,224000.0,0,448000,2,22222222,301,301,108,MASCOTAS                                ,Boyaca,Sogamoso,2025-Febrero,$250K-$500K,2
2025,Febrero,22222222,30118,NUTRECAN SENIOR 8KG                ,BULTO          ,3,90000.0,0,270000,2,22222222,301,301,108,MASCOTAS                                ,Boyaca,Sogamoso,2025-Febrero,$250K-$500K,2
2025,Febrero,22222222,30123,NUTRECAN CROQUETAS CACHORROS 15KG  ,BULTO          ,1,97000.0,0,97000,1,22222222,301,301,108,MASCOTAS                                ,Boyaca,Sogamoso,2025-Febrero,$50K-$100K,2
2025,Febrero,22222222,30126,NUTRECAN CROQUETAS ADULTOS 15KG    ,BULTO          ,2,96500.0,0,193000,2,22222222,301,301,108,MASCOTAS                                ,Boyaca,Sogamoso,2025-Febrero,$100K-$250K,2
2025,Febrero,22222222,30127,NUTRECAN CROQUETAS ADULTOS 25KG    ,BULTO          ,1,164000.0,0,164000,1,22222222,301,301,108,MASCOTAS                                ,Boyaca,Sogamoso,2025-Febrero,$100K-$250K,2
2025,Febrero,22222222,30200,NUTRECAT ARENA PARA GATOS 5K*4     ,BOLSA          ,1,25000.0,0,25000,1,22222222,302,302,108,MASCOTAS                                ,Boyaca,Sogamoso,2025-Febrero,<$50K,2
2025,Febrero,22222222,30310,TRUCHAS 40% EXT                    ,BULTO          ,1,205000.0,0,205000,1,22222222,303,303,303,ACUACULTURA                             ,Boyaca,Sogamoso,2025-Febrero,$100K-$250K,2
2025,Febrero,22222222,30601,MANNA P                            ,BULTO          ,1,92000.0,0,92000,1,22222222,306,306,306,GANADERIA                               ,Boyaca,Sogamoso,2025-Febrero,$50K-$100K,2
2025,Febrero,22222222,30610,ORDEÑO P                           ,BULTO          ,1,72000.0,0,72000,1,22222222,306,306,306,GANADERIA                               ,Boyaca,Sogamoso,2025-Febrero,$50K-$100K,2
2025,Febrero,22222222,30701,CAMPEON DORADO TEXT                ,BULTO          ,3,104333.33,0,313000,3,22222222,307,307,307,EQUINOS                                 ,Boyaca,Sogamoso,2025-Febrero,$250K-$500K,2
2025,Febrero,22222222,40106,TRUCHAS 48 INICIACION              ,BULTO          ,10,325000.0,0,3250000,1,22222222,401,401,401,ACUACULTURA                             ,Boyaca,Sogamoso,2025-Febrero,>$1M,2
2025,Febrero,22222222,40107,TRUCHAS 45 SC EXT                  ,BULTO          ,1,196000.0,0,196000,1,22222222,401,401,401,ACUACULTURA                             ,Boyaca,Sogamoso,2025-Febrero,$100K-$250K,2
2025,Febrero,22222222,40202,POLLO INICIACION C                 ,BULTO          ,28,91285.71,0,2556000,4,22222222,402,402,402,AVICULTURA                              ,Boyaca,Sogamoso,2025-Febrero,>$1M,2
2025,Febrero,22222222,40204,Q-IDA SUPLEPOLLO C 1K*20           ,BOLSA          ,2,46000.0,0,92000,1,22222222,402,402,402,AVICULTURA                              ,Boyaca,Sogamoso,2025-Febrero,$50K-$100K,2
2025,Febrero,22222222,50117,FIBRAMIX PELETIZADO                ,BULTO          ,17,60823.53,0,1034000,6,22222222,501,501,105,GANADERIA                               ,Boyaca,Sogamoso,2025-Febrero,>$1M,2
2025,Febrero,22222222,50118,FIBRAMIX PELETIZADO X 10KG         ,BULTO          ,20,20000.0,0,400000,1,22222222,501,501,105,GANADERIA                               ,Boyaca,Sogamoso,2025-Febrero,$250K-$500K,2
2025,Febrero,22222222,50119,RAZA CUIDO                         ,BULTO          ,4,65000.0,0,260000,1,22222222,501,501,105,GANADERIA                               ,Boyaca,Sogamoso,2025-Febrero,$250K-$500K,2
2025,Febrero,22222222,50200,RAZA PERROS 10KG                   ,BULTO          ,2,39000.0,0,78000,2,22222222,502,502,502,MASCOTAS                                ,Boyaca,Sogamoso,2025-Febrero,$50K-$100K,2
2025,Febrero,22222222,50201,RAZA PERROS 30KG                   ,BULTO          ,22,104045.45,0,2289000,18,22222222,502,502,502,MASCOTAS                                ,Boyaca,Sogamoso,2025-Febrero,>$1M,2
2025,Febrero,22222222,50217,SUPERCAT DELI CARNE 1K*10          ,BOLSA          ,1,8000.0,0,8000,1,22222222,502,502,502,MASCOTAS                                ,Boyaca,Sogamoso,2025-Febrero,<$50K,2
2025,Febrero,22222222,60119,IVERBESTL.AFRASCO X100 ML          ,FRASCO         ,1,35000.0,0,35000,1,22222222,601,601,610,DROGA VETERINARIA                       ,Boyaca,Sogamoso,2025-Febrero,<$50K,2
2025,Febrero,22222222,60204,FULMINADO 20.8% X 100ML            ,FRASCO         ,2,29000.0,0,58000,1,22222222,602,602,610,DROGA VETERINARIA                       ,Boyaca,Sogamoso,2025-Febrero,$50K-$100K,2
2025,Febrero,22222222,60223,MINAVIAR SOBRE                     ,SOBRE          ,1,15000.0,0,15000,1,22222222,602,602,610,DROGA VETERINARIA                       ,Boyaca,Sogamoso,2025-Febrero,<$50K,2
2025,Febrero,22222222,60339,TENAZA NARIGUERA                   ,UNIDAD         ,1,17000.0,0,17000,1,22222222,603,603,603,OTROS,Boyaca,Sogamoso,2025-Febrero,<$50K,2
2025,Febrero,22222222,60502,SAL 11% X 5KG*10                   ,BOLSA          ,1,12000.0,0,12000,1,22222222,605,605,605,SALES                                   ,Boyaca,Sogamoso,2025-Febrero,<$50K,2
2025,Febrero,22222222,60503,SAL 11% X 1KG*50                   ,BOLSA          ,6,2300.0,0,13800,1,22222222,605,605,605,SALES                                   ,Boyaca,Sogamoso,2025-Febrero,<$50K,2
2025,Febrero,22222222,60504,SAL 11% X 40KG                     ,BOLSA          ,2,76000.0,0,152000,2,22222222,605,605,605,SALES                                   ,Boyaca,Sogamoso,2025-Febrero,$100K-$250K,2
2025,Febrero,22222222,60506,SAL 6% X 1KG*50                    ,BOLSA          ,1,14000.0,0,14000,1,22222222,605,605,605,SALES                                   ,Boyaca,Sogamoso,2025-Febrero,<$50K,2
2025,Febrero,22222222,60507,SAL 6% X 40KG                      ,BOLSA          ,1,65000.0,0,65000,1,22222222,605,605,605,SALES                                   ,Boyaca,Sogamoso,2025-Febrero,$50K-$100K,2
2025,Febrero,22222222,60700,MAIZ NACIONAL X50KG                ,BULTO          ,11,81909.09,0,901000,9,22222222,607,607,607,MAIZ                                    ,Boyaca,Sogamoso,2025-Febrero,$500K-$1M,2
2025,Febrero,22222222,60703,MAIZ PARTIDO NACIONAL X 40KG       ,BULTO          ,5,74200.0,0,371000,4,22222222,607,607,607,MAIZ                                    ,Boyaca,Sogamoso,2025-Febrero,$250K-$500K,2
2025,Febrero,22222222,60809,DONKAN CARNE CEREALES X 22KG       ,BULTO          ,1,127000.0,0,127000,1,22222222,608,608,608,MASCOTAS                                ,Boyaca,Sogamoso,2025-Febrero,$100K-$250K,2
2025,Febrero,22222222,60810,DONKAT GATOS ADULTOS X 7KG         ,BULTO          ,6,65500.0,0,393000,6,22222222,608,608,608,MASCOTAS                                ,Boyaca,Sogamoso,2025-Febrero,$250K-$500K,2
2025,Febrero,22222222,60820,MONELLO CAT GATITOS X 1KG          ,BOLSA          ,2,25500.0,0,51000,2,22222222,608,608,608,MASCOTAS                                ,Boyaca,Sogamoso,2025-Febrero,$50K-$100K,2
2025,Febrero,22222222,60826,MONELLO CACHORRO X7KG              ,BULTO          ,8,99000.0,0,792000,5,22222222,608,608,608,MASCOTAS                                ,Boyaca,Sogamoso,2025-Febrero,$500K-$1M,2
2025,Febrero,22222222,60828,MONELLO RAZA PEQUEÑA X 7KG         ,BULTO          ,1,97000.0,0,97000,1,22222222,608,608,608,MASCOTAS                                ,Boyaca,Sogamoso,2025-Febrero,$50K-$100K,2
2025,Febrero,22222222,60842,DOGOURMET CARNE PARRILLA ADULTO X 2,BULTO          ,3,187000.0,0,561000,3,22222222,608,608,608,MASCOTAS                                ,Boyaca,Sogamoso,2025-Febrero,$500K-$1M,2
2025,Febrero,22222222,60881,CHUNKY ADULTO X 9KG                ,BULTO          ,4,68000.0,0,272000,4,22222222,608,608,608,MASCOTAS                                ,Boyaca,Sogamoso,2025-Febrero,$250K-$500K,2
2025,Febrero,22222222,60883,CHUNKY CACHORRO X 9KG              ,BULTO          ,3,73333.33,0,220000,3,22222222,608,608,608,MASCOTAS                                ,Boyaca,Sogamoso,2025-Febrero,$100K-$250K,2
2025,Febrero,22222222,60884,CHUNKY CACHORRO X 18KG             ,BULTO          ,3,147333.33,0,442000,3,22222222,608,608,608,MASCOTAS                                ,Boyaca,Sogamoso,2025-Febrero,$250K-$500K,2
2025,Febrero,22222222,61012,RATION SOBRE                       ,SOBRE          ,1,10000.0,0,10000,1,22222222,610,610,610,DROGA VETERINARIA                       ,Boyaca,Sogamoso,2025-Febrero,<$50K,2
2025,Febrero,22222222,61016,PORCIFER B-12 X 50ML               ,FRASCO         ,1,24000.0,0,24000,1,22222222,610,610,610,DROGA VETERINARIA                       ,Boyaca,Sogamoso,2025-Febrero,<$50K,2
2025,Febrero,22222222,61020,OXITETRAXICICLINA MK  200mg X 100ML,FRASCO         ,2,130000.0,0,260000,2,22222222,610,610,610,DROGA VETERINARIA                       ,Boyaca,Sogamoso,2025-Febrero,$250K-$500K,2
2025,Febrero,22222222,61055,MOSKATION FRASCO X 100ML           ,FRASCO         ,1,23000.0,0,23000,1,22222222,610,610,610,DROGA VETERINARIA                       ,Boyaca,Sogamoso,2025-Febrero,<$50K,2
2025,Febrero,22222222,61084,MELAZA GARRAFA X 6KG               ,GARRAFA        ,1,15000.0,0,15000,1,22222222,610,610,610,DROGA VETERINARIA                       ,Boyaca,Sogamoso,2025-Febrero,<$50K,2
2025,Febrero,22222222,61085,MELAZA X 30KG                      ,BULTO          ,8,36375.0,0,291000,6,22222222,610,610,610,DROGA VETERINARIA                       ,Boyaca,Sogamoso,2025-Febrero,$250K-$500K,2
2025,Febrero,22222222,61096,CABANOS PERROS                     ,UNIDAD         ,3,14000.0,0,42000,2,22222222,610,610,610,DROGA VETERINARIA                       ,Boyaca,Sogamoso,2025-Febrero,<$50K,2
2025,Febrero,22222222,61167,CURAGAN AEROSOL X375ML             ,FRASCO         ,1,30000.0,0,30000,1,22222222,611,611,611,DROGA VETERINARIA                       ,Boyaca,Sogamoso,2025-Febrero,<$50K,2
2025,Febrero,22222222,61200,CHUNKY ADULTOS 25KG                ,BULTO          ,4,161750.0,0,647000,4,22222222,612,612,612,MASCOTAS                                ,Boyaca,Sogamoso,2025-Febrero,$500K-$1M,2
2025,Febrero,22222222,61201,ITALCAN CARNE Y VERD 25KG          ,BULTO          ,3,103333.33,0,310000,3,22222222,612,612,612,MASCOTAS                                ,Boyaca,Sogamoso,2025-Febrero,$250K-$500K,2
2025,Febrero,22222222,61203,ITALCAN PLUS POLLO Y ARROZ 25KG    ,BULTO          ,4,94750.0,0,379000,4,22222222,612,612,612,MASCOTAS                                ,Boyaca,Sogamoso,2025-Febrero,$250K-$500K,2
2025,Febrero,22222222,61205,AGILITY GOLD GRAN CACHORROS 15KG   ,BULTO          ,2,252500.0,0,505000,2,22222222,612,612,612,MASCOTAS                                ,Boyaca,Sogamoso,2025-Febrero,$500K-$1M,2
2025,Febrero,22222222,61215,CHUNKY GATOS POLLO X500G           ,BOLSA          ,1,64000.0,0,64000,1,22222222,612,612,612,MASCOTAS                                ,Boyaca,Sogamoso,2025-Febrero,$50K-$100K,2
2025,Febrero,22222222,61218,MONELLO TRADICIONAL 25KG           ,BULTO          ,5,266200.0,0,1331000,4,22222222,612,612,612,MASCOTAS                                ,Boyaca,Sogamoso,2025-Febrero,>$1M,2
2025,Febrero,22222222,61221,NUTRION ADULTO 30KG                ,BULTO          ,2,157000.0,0,314000,2,22222222,612,612,612,MASCOTAS                                ,Boyaca,Sogamoso,2025-Febrero,$250K-$500K,2
2025,Febrero,22222222,61229,DONKAT ADULTO X1KG                 ,BOLSA          ,4,12000.0,0,48000,4,22222222,612,612,612,MASCOTAS                                ,Boyaca,Sogamoso,2025-Febrero,<$50K,2
2025,Febrero,22222222,61258,NETECAN JERINGA X5ML               ,JERINGA        ,1,12000.0,0,12000,1,22222222,612,612,612,MASCOTAS                                ,Boyaca,Sogamoso,2025-Febrero,<$50K,2
2025,Febrero,22222222,61290,AGILITY GOLD PEQ ADUL 1.5 KG       ,BOL            ,1,137000.0,0,137000,1,22222222,612,612,612,MASCOTAS                                ,Boyaca,Sogamoso,2025-Febrero,$100K-$250K,2
2025,Febrero,22222222,61301,NEXGARD                            ,PASTA          ,2,70000.0,0,140000,1,22222222,613,613,613,MASCOTAS                                ,Boyaca,Sogamoso,2025-Febrero,$100K-$250K,2
2025,Febrero,23965066,20308,CERDO ENGORDE                      ,BULTO          ,3,75000.0,0,225000,1,23965066,203,203,203,PORCICULTURA                            ,Boyaca,Sogamoso,2025-Febrero,$100K-$250K,2
2025,Febrero,24113253,30118,NUTRECAN SENIOR 8KG                ,BULTO          ,1,90000.0,0,90000,1,24113253,301,301,108,MASCOTAS                                ,Boyaca,Sogamoso,2025-Febrero,$50K-$100K,2
2025,Febrero,33448889,10504,CONTELAC 14%                       ,BULTO          ,1,70000.0,0,70000,1,33448889,105,105,105,GANADERIA                               ,Boyaca,Sogamoso,2025-Febrero,$50K-$100K,2
2025,Febrero,33448889,10506,CONTELAC 18%                       ,BULTO          ,2,76000.0,0,152000,1,33448889,105,105,105,GANADERIA                               ,Boyaca,Sogamoso,2025-Febrero,$100K-$250K,2
2025,Febrero,33448889,10833,FILPO ADULTO 30KG                  ,BULTO          ,1,103000.0,0,103000,1,33448889,108,108,108,MASCOTAS                                ,Boyaca,Sogamoso,2025-Febrero,$100K-$250K,2
2025,Febrero,33448889,20203,SUPER HUEVO PREPICO 100            ,BULTO          ,4,88000.0,0,352000,1,33448889,202,202,101,AVICULTURA                              ,Boyaca,Sogamoso,2025-Febrero,$250K-$500K,2
2025,Febrero,33448889,60703,MAIZ PARTIDO NACIONAL X 40KG       ,BULTO          ,1,74000.0,0,74000,1,33448889,607,607,607,MAIZ                                    ,Boyaca,Sogamoso,2025-Febrero,$50K-$100K,2
2025,Febrero,46383319,20505,ITAL LECHE PELLET                  ,BULTO          ,1,60000.0,0,60000,1,46383319,205,205,205,GANADERIA                               ,Boyaca,Sogamoso,2025-Febrero,$50K-$100K,2
2025,Febrero,74083883,10304,"MAXI TRUCHAS 45 SP 1,8 E           ",BULTO          ,8,218000.0,0,1744000,2,74083883,103,103,103,ACUACULTURA                             ,Boyaca,Corrales,2025-Febrero,>$1M,2
2025,Febrero,74083883,10504,CONTELAC 14%                       ,BULTO          ,2,70000.0,0,140000,1,74083883,105,105,105,GANADERIA                               ,Boyaca,Corrales,2025-Febrero,$100K-$250K,2
2025,Febrero,74083883,10829,RINGO CROQUETAS 30KG               ,BULTO          ,1,125000.0,0,125000,1,74083883,108,108,108,MASCOTAS                                ,Boyaca,Corrales,2025-Febrero,$100K-$250K,2
2025,Febrero,74083883,10833,FILPO ADULTO 30KG                  ,BULTO          ,1,105000.0,0,105000,1,74083883,108,108,108,MASCOTAS                                ,Boyaca,Corrales,2025-Febrero,$100K-$250K,2
2025,Febrero,74083883,20705,TRUCHA INICIACION 50               ,BULTO          ,2,250000.0,0,500000,1,74083883,207,207,207,ACUACULTURA                             ,Boyaca,Corrales,2025-Febrero,$250K-$500K,2
2025,Febrero,74083883,20707,TRUCHA FINALIZACION 40             ,BULTO          ,12,213000.0,0,2556000,2,74083883,207,207,207,ACUACULTURA                             ,Boyaca,Corrales,2025-Febrero,>$1M,2
2025,Febrero,74083883,30308,TRUCHAS 50% INICIACION  20KG       ,BULTO          ,1,278000.0,0,278000,1,74083883,303,303,303,ACUACULTURA                             ,Boyaca,Corrales,2025-Febrero,$250K-$500K,2
2025,Febrero,74083883,50203,SUPERCAN CROQUETAS 15KG            ,BULTO          ,1,73000.0,0,73000,1,74083883,502,502,502,MASCOTAS                                ,Boyaca,Corrales,2025-Febrero,$50K-$100K,2
2025,Febrero,74181266,20307,CERDO LEVANTE                      ,BULTO          ,6,98000.0,0,588000,1,74181266,203,203,203,PORCICULTURA                            ,Boyaca,Sogamoso,2025-Febrero,$500K-$1M,2
2025,Febrero,74183098,10500,TERNERAS LEVANTE                   ,BULTO          ,1,90000.0,0,90000,1,74183098,105,105,105,GANADERIA                               ,Boyaca,Sogamoso,2025-Febrero,$50K-$100K,2
2025,Febrero,74183098,10504,CONTELAC 14%                       ,BULTO          ,7,70000.0,0,490000,3,74183098,105,105,105,GANADERIA                               ,Boyaca,Sogamoso,2025-Febrero,$250K-$500K,2
2025,Febrero,74183747,10842,MIRRINGO 8KG                       ,BULTO          ,1,67000.0,0,67000,1,74183747,108,108,108,MASCOTAS                                ,Casanare,Pore,2025-Febrero,$50K-$100K,2
2025,Febrero,74183747,20311,NUTRECAN LIGHT 25 KG               ,BULT           ,1,164000.0,0,164000,1,74183747,203,203,203,PORCICULTURA                            ,Casanare,Pore,2025-Febrero,$100K-$250K,2
2025,Febrero,74183961,10123,PONEDORA EXTRA I C                 ,BULTO          ,6,88000.0,0,528000,1,74183961,101,101,101,AVICULTURA                              ,Bogota DC,Bogota,2025-Febrero,$500K-$1M,2
2025,Febrero,74183961,10833,FILPO ADULTO 30KG                  ,BULTO          ,3,106000.0,0,318000,1,74183961,108,108,108,MASCOTAS                                ,Bogota DC,Bogota,2025-Febrero,$250K-$500K,2
2025,Febrero,74183961,30610,ORDEÑO P                           ,BULTO          ,42,85000.0,0,3570000,1,74183961,306,306,306,GANADERIA                               ,Bogota DC,Bogota,2025-Febrero,>$1M,2
2025,Febrero,74188527,10123,PONEDORA EXTRA I C                 ,BULTO          ,2,84000.0,0,168000,1,74188527,101,101,101,AVICULTURA                              ,Boyaca,Sogamoso,2025-Febrero,$100K-$250K,2
2025,Febrero,74188527,30411,PONEDORAS I H                      ,BULTO          ,2,84000.0,0,168000,1,74188527,304,304,304,AVICULTURA                              ,Boyaca,Sogamoso,2025-Febrero,$100K-$250K,2
2025,Febrero,74189373,20104,SUPER POLLO ENGORDE GRANJA         ,BULTO          ,2,88000.0,0,176000,1,74189373,201,201,101,AVICULTURA                              ,Boyaca,Sogamoso,2025-Febrero,$100K-$250K,2
2025,Febrero,826002169,20705,TRUCHA INICIACION 50               ,BULTO          ,2,277000.0,0,554000,1,826002169,207,207,207,ACUACULTURA                             ,Boyaca,Sogamoso,2025-Febrero,$500K-$1M,2
2025,Febrero,826002633,10833,FILPO ADULTO 30KG                  ,BULTO          ,1,103000.0,0,103000,1,826002633,108,108,108,MASCOTAS                                ,Boyaca,Sogamoso,2025-Febrero,$100K-$250K,2
2025,Febrero,826002633,10844,MIRRINGO 1KG*20                    ,BOLSA          ,1,9500.0,0,9500,1,826002633,108,108,108,MASCOTAS                                ,Boyaca,Sogamoso,2025-Febrero,<$50K,2
2025,Febrero,826002633,30108,NUTRECAN ADULTOS RM Y RG 2K*8      ,BOLSA          ,1,23000.0,0,23000,1,826002633,301,301,108,MASCOTAS                                ,Boyaca,Sogamoso,2025-Febrero,<$50K,2
2025,Febrero,900147227,10501,NOVILLONAS                         ,BULTO          ,2,74000.0,0,148000,1,900147227,105,105,105,GANADERIA                               ,Boyaca,Sogamoso,2025-Febrero,$100K-$250K,2
2025,Febrero,900147227,61055,MOSKATION FRASCO X 100ML           ,FRASCO         ,1,23000.0,0,23000,1,900147227,610,610,610,DROGA VETERINARIA                       ,Boyaca,Sogamoso,2025-Febrero,<$50K,2
2025,Febrero,900400560,10824,RINGO PREMIUM 30KG                 ,BULTO          ,1,152000.0,0,152000,1,900400560,108,108,108,MASCOTAS                                ,Boyaca,Sogamoso,2025-Febrero,$100K-$250K,2
2025,Febrero,900540120,10824,RINGO PREMIUM 30KG                 ,BULTO          ,1,152000.0,0,152000,1,900540120,108,108,108,MASCOTAS                                ,Boyaca,Sogamoso,2025-Febrero,$100K-$250K,2
2025,Febrero,900540120,60701,MAIZ NACIONAL @                    ,BOLSA          ,1,84000.0,0,84000,1,900540120,607,607,607,MAIZ                                    ,Boyaca,Sogamoso,2025-Febrero,$50K-$100K,2
2025,Febrero,901040704,10819,RINGO CACHORROS 30KG               ,BULTO          ,1,149000.0,0,149000,1,901040704,108,108,108,MASCOTAS                                ,Boyaca,Sogamoso,2025-Febrero,$100K-$250K,2
2025,Febrero,901206877,10402,CINTA AZUL  ADULTOS                ,BULTO          ,2,87000.0,0,174000,2,901206877,104,104,104,EQUINOS                                 ,Boyaca,Sogamoso,2025-Febrero,$100K-$250K,2
2025,Febrero,901206877,10829,RINGO CROQUETAS 30KG               ,BULTO          ,6,125000.0,0,750000,3,901206877,108,108,108,MASCOTAS                                ,Boyaca,Sogamoso,2025-Febrero,$500K-$1M,2
2025,Febrero,901206877,61205,AGILITY GOLD GRAN CACHORROS 15KG   ,BULTO          ,2,36000.0,0,72000,2,901206877,612,612,612,MASCOTAS                                ,Boyaca,Sogamoso,2025-Febrero,$50K-$100K,2
2025,Febrero,901283723,10829,RINGO CROQUETAS 30KG               ,BULTO          ,1,125000.0,0,125000,1,901283723,108,108,108,MASCOTAS                                ,Boyaca,Sogamoso,2025-Febrero,$100K-$250K,2
2025,Febrero,901591495,10701,CONEJOS                            ,BULTO          ,4,90000.0,0,360000,2,901591495,107,107,107,CONEJOS                                 ,Boyaca,Sogamoso,2025-Febrero,$250K-$500K,2
2025,Febrero,901624523,20203,SUPER HUEVO PREPICO 100            ,BULTO          ,12,88000.0,0,1056000,1,901624523,202,202,101,AVICULTURA                              ,Boyaca,Tunja,2025-Febrero,>$1M,2
2025,Febrero,901624523,20301,CERDITOS INICIACION NARANJA        ,BULTO          ,6,120000.0,0,720000,1,901624523,203,203,203,PORCICULTURA                            ,Boyaca,Tunja,2025-Febrero,$500K-$1M,2
2025,Febrero,901624523,20302,CERDO LEVANTE 1 NARANJA            ,BULTO          ,20,98000.0,0,1960000,1,901624523,203,203,203,PORCICULTURA                            ,Boyaca,Tunja,2025-Febrero,>$1M,2
2025,Febrero,901624523,20305,CERDA GESTACION NARANJA            ,BULTO          ,25,88000.0,0,2200000,1,901624523,203,203,203,PORCICULTURA                            ,Boyaca,Tunja,2025-Febrero,>$1M,2
2025,Febrero,901624523,20306,CERDA LACTANCIA NARANJA            ,BULTO          ,22,97000.0,0,2134000,1,901624523,203,203,203,PORCICULTURA                            ,Boyaca,Tunja,2025-Febrero,>$1M,2
2025,Febrero,901795156,10203,MAXI LECHONES   R                  ,BULTO          ,1,98000.0,0,98000,1,901795156,102,102,102,PORCICULTURA                            ,Boyaca,Sogamoso,2025-Febrero,$50K-$100K,2
2025,Febrero,901795156,10204,MAXI LECHONES                      ,BULTO          ,3,98000.0,0,294000,3,901795156,102,102,102,PORCICULTURA                            ,Boyaca,Sogamoso,2025-Febrero,$250K-$500K,2
2025,Febrero,901795156,10209,CERDOS ENGORDE                     ,BULTO          ,1,94000.0,0,94000,1,901795156,102,102,102,PORCICULTURA                            ,Boyaca,Sogamoso,2025-Febrero,$50K-$100K,2
2025,Febrero,901795156,10824,RINGO PREMIUM 30KG                 ,BULTO          ,1,152000.0,0,152000,1,901795156,108,108,108,MASCOTAS                                ,Boyaca,Sogamoso,2025-Febrero,$100K-$250K,2
2025,Febrero,901795156,20303,CERDO ENGORDE NARANJA              ,BULTO          ,5,94000.0,0,470000,4,901795156,203,203,203,PORCICULTURA                            ,Boyaca,Sogamoso,2025-Febrero,$250K-$500K,2
2025,Febrero,901795156,20308,CERDO ENGORDE                      ,BULTO          ,2,94000.0,0,188000,1,901795156,203,203,203,PORCICULTURA                            ,Boyaca,Sogamoso,2025-Febrero,$100K-$250K,2
2025,Febrero,901858234,20600,EQUINOS                            ,BULTO          ,1,74000.0,0,74000,1,901858234,206,206,206,EQUINOS                                 ,Boyaca,Sogamoso,2025-Febrero,$50K-$100K,2
2025,Febrero,901858234,20607,MULTIFORRAJE EQUINO                ,BULTO          ,1,67000.0,0,67000,1,901858234,206,206,206,EQUINOS                                 ,Boyaca,Sogamoso,2025-Febrero,$50K-$100K,2
2025,Febrero,901858234,61200,CHUNKY ADULTOS 25KG                ,BULTO          ,1,162000.0,0,162000,1,901858234,612,612,612,MASCOTAS                                ,Boyaca,Sogamoso,2025-Febrero,$100K-$250K,2
2025,Febrero,1007382853,10824,RINGO PREMIUM 30KG                 ,BULTO          ,1,152000.0,0,152000,1,1007382853,108,108,108,MASCOTAS                                ,Boyaca,Sogamoso,2025-Febrero,$100K-$250K,2
2025,Febrero,1057579440,10107,MAXI BROILER C.                    ,BULTO          ,2,112000.0,0,224000,2,1057579440,101,101,101,AVICULTURA                              ,Boyaca,Sogamoso,2025-Febrero,$100K-$250K,2
2025,Febrero,1057579440,10123,PONEDORA EXTRA I C                 ,BULTO          ,1,72000.0,0,72000,1,1057579440,101,101,101,AVICULTURA                              ,Boyaca,Sogamoso,2025-Febrero,$50K-$100K,2
2025,Febrero,1057579440,10507,PRELACTANCIA                       ,BULTO          ,1,77000.0,0,77000,1,1057579440,105,105,105,GANADERIA                               ,Boyaca,Sogamoso,2025-Febrero,$50K-$100K,2
2025,Febrero,1057579440,20203,SUPER HUEVO PREPICO 100            ,BULTO          ,3,88000.0,0,264000,3,1057579440,202,202,101,AVICULTURA                              ,Boyaca,Sogamoso,2025-Febrero,$250K-$500K,2
2025,Febrero,1057579440,20303,CERDO ENGORDE NARANJA              ,BULTO          ,2,94000.0,0,188000,1,1057579440,203,203,203,PORCICULTURA                            ,Boyaca,Sogamoso,2025-Febrero,$100K-$250K,2
2025,Febrero,1057579440,20503,CREMOSA                            ,BULTO          ,3,65000.0,0,195000,2,1057579440,205,205,205,GANADERIA                               ,Boyaca,Sogamoso,2025-Febrero,$100K-$250K,2
2025,Febrero,1057579440,20505,ITAL LECHE PELLET                  ,BULTO          ,9,60000.0,0,540000,5,1057579440,205,205,205,GANADERIA                               ,Boyaca,Sogamoso,2025-Febrero,$500K-$1M,2
2025,Febrero,1057579440,20707,TRUCHA FINALIZACION 40             ,BULTO          ,3,213000.0,0,639000,1,1057579440,207,207,207,ACUACULTURA                             ,Boyaca,Sogamoso,2025-Febrero,$500K-$1M,2
2025,Febrero,1057579440,30612,CREMALECHE                         ,BULTO          ,3,73000.0,0,219000,1,1057579440,306,306,306,GANADERIA                               ,Boyaca,Sogamoso,2025-Febrero,$100K-$250K,2
2025,Febrero,1057579440,61085,MELAZA X 30KG                      ,BULTO          ,3,37333.33,0,112000,3,1057579440,610,610,610,DROGA VETERINARIA                       ,Boyaca,Sogamoso,2025-Febrero,$100K-$250K,2
2025,Febrero,1057594909,61200,CHUNKY ADULTOS 25KG                ,BULTO          ,6,162000.0,0,972000,2,1057594909,612,612,612,MASCOTAS                                ,Boyaca,Sogamoso,2025-Febrero,$500K-$1M,2
2025,Febrero,1057596377,10603,FORRAJE GANADERIA P TULIPAN        ,BULTO          ,1,62000.0,0,62000,1,1057596377,106,106,105,GANADERIA                               ,Boyaca,Sogamoso,2025-Febrero,$50K-$100K,2
2025,Febrero,1057596377,10701,CONEJOS                            ,BULTO          ,3,90000.0,0,270000,3,1057596377,107,107,107,CONEJOS                                 ,Boyaca,Sogamoso,2025-Febrero,$250K-$500K,2
2025,Febrero,1057596377,20308,CERDO ENGORDE                      ,BULTO          ,1,75000.0,0,75000,1,1057596377,203,203,203,PORCICULTURA                            ,Boyaca,Sogamoso,2025-Febrero,$50K-$100K,2
2025,Febrero,1057596377,50201,RAZA PERROS 30KG                   ,BULTO          ,1,103000.0,0,103000,1,1057596377,502,502,502,MASCOTAS                                ,Boyaca,Sogamoso,2025-Febrero,$100K-$250K,2
2025,Febrero,1057596377,60701,MAIZ NACIONAL @                    ,BOLSA          ,2,85500.0,0,171000,2,1057596377,607,607,607,MAIZ                                    ,Boyaca,Sogamoso,2025-Febrero,$100K-$250K,2
2025,Febrero,1057603666,10122,PONEDORA EXTRA I C 1K*20           ,BOLSA          ,1,50000.0,0,50000,1,1057603666,101,101,101,AVICULTURA                              ,Boyaca,Iza,2025-Febrero,<$50K,2
2025,Febrero,1057603666,10123,PONEDORA EXTRA I C                 ,BULTO          ,1,48000.0,0,48000,1,1057603666,101,101,101,AVICULTURA                              ,Boyaca,Iza,2025-Febrero,<$50K,2
2025,Febrero,1057603666,10701,CONEJOS                            ,BULTO          ,1,85000.0,0,85000,1,1057603666,107,107,107,CONEJOS                                 ,Boyaca,Iza,2025-Febrero,$50K-$100K,2
2025,Febrero,1057603666,20503,CREMOSA                            ,BULTO          ,4,65000.0,0,260000,1,1057603666,205,205,205,GANADERIA                               ,Boyaca,Iza,2025-Febrero,$250K-$500K,2
2025,Febrero,1057603666,60827,MONELLO RAZA PEQUEÑA X 1KG         ,BOLSA          ,1,17000.0,0,17000,1,1057603666,608,608,608,MASCOTAS                                ,Boyaca,Iza,2025-Febrero,<$50K,2
2025,Febrero,8260002612,10504,CONTELAC 14%                       ,BULTO          ,1,70000.0,0,70000,1,8260002612,105,105,105,GANADERIA                               ,Boyaca,Sogamoso,2025-Febrero,$50K-$100K,2
2025,Febrero,8260002612,10516,MAXI SAL 11% H                     ,BULTO          ,2,76000.0,0,152000,1,8260002612,105,105,105,GANADERIA                               ,Boyaca,Sogamoso,2025-Febrero,$100K-$250K,2
2025,Febrero,8260002612,10518,MAXI SAL 6%  H                     ,BULTO          ,1,66000.0,0,66000,1,8260002612,105,105,105,GANADERIA                               ,Boyaca,Sogamoso,2025-Febrero,$50K-$100K,2
2025,Febrero,9007889571,60701,MAIZ NACIONAL @                    ,BOLSA          ,1,85000.0,0,85000,1,9007889571,607,607,607,MAIZ                                    ,Boyaca,Sogamoso,2025-Febrero,$50K-$100K,2
2025,Febrero,9127218,10400,POTROS  CINTA AZUL                 ,BULTO          ,1,92000.0,0,92000,1,9127218,104,104,104,EQUINOS                                 ,Boyaca,Sogamoso,2025-Febrero,$50K-$100K,2
2025,Febrero,9127218,10603,FORRAJE GANADERIA P TULIPAN        ,BULTO          ,1,62000.0,0,62000,1,9127218,106,106,105,GANADERIA                               ,Boyaca,Sogamoso,2025-Febrero,$50K-$100K,2
2025,Febrero,9127218,10824,RINGO PREMIUM 30KG                 ,BULTO          ,1,152000.0,0,152000,1,9127218,108,108,108,MASCOTAS                                ,Boyaca,Sogamoso,2025-Febrero,$100K-$250K,2
2025,Febrero,9127218,10826,RINGO CROQUETAS 20KG               ,BULTO          ,1,89000.0,0,89000,1,9127218,108,108,108,MASCOTAS                                ,Boyaca,Sogamoso,2025-Febrero,$50K-$100K,2
2025,Febrero,9127218,10831,FILPO ADULTO 10KG                  ,BULTO          ,1,39000.0,0,39000,1,9127218,108,108,108,MASCOTAS                                ,Boyaca,Sogamoso,2025-Febrero,<$50K,2
2025,Febrero,9127218,10833,FILPO ADULTO 30KG                  ,BULTO          ,7,103000.0,0,721000,3,9127218,108,108,108,MASCOTAS                                ,Boyaca,Sogamoso,2025-Febrero,$500K-$1M,2
2025,Febrero,9127218,10844,MIRRINGO 1KG*20                    ,BOLSA          ,1,9500.0,0,9500,1,9127218,108,108,108,MASCOTAS                                ,Boyaca,Sogamoso,2025-Febrero,<$50K,2
2025,Febrero,9127218,20203,SUPER HUEVO PREPICO 100            ,BULTO          ,1,88000.0,0,88000,1,9127218,202,202,101,AVICULTURA                              ,Boyaca,Sogamoso,2025-Febrero,$50K-$100K,2
2025,Febrero,9127218,20600,EQUINOS                            ,BULTO          ,1,74000.0,0,74000,1,9127218,206,206,206,EQUINOS                                 ,Boyaca,Sogamoso,2025-Febrero,$50K-$100K,2
2025,Febrero,9127218,20706,TRUCHA LEVANTE 40                  ,BULTO          ,2,199000.0,0,398000,2,9127218,207,207,207,ACUACULTURA                             ,Boyaca,Sogamoso,2025-Febrero,$250K-$500K,2
2025,Febrero,9127218,20707,TRUCHA FINALIZACION 40             ,BULTO          ,50,213000.0,0,10650000,1,9127218,207,207,207,ACUACULTURA                             ,Boyaca,Sogamoso,2025-Febrero,>$1M,2
2025,Febrero,9127218,30123,NUTRECAN CROQUETAS CACHORROS 15KG  ,BULTO          ,1,97000.0,0,97000,1,9127218,301,301,108,MASCOTAS                                ,Boyaca,Sogamoso,2025-Febrero,$50K-$100K,2
2025,Febrero,9127218,40202,POLLO INICIACION C                 ,BULTO          ,1,88000.0,0,88000,1,9127218,402,402,402,AVICULTURA                              ,Boyaca,Sogamoso,2025-Febrero,$50K-$100K,2
2025,Marzo,4117002,10202,INICIACION CERDOS                  ,BULTO          ,7,122000.0,0,854000,1,4117002,102,102,102,PORCICULTURA                            ,Boyaca,Firavitoba,2025-Marzo,$500K-$1M,3
2025,Marzo,4117002,10203,MAXI LECHONES   R                  ,BULTO          ,15,98000.0,0,1470000,1,4117002,102,102,102,PORCICULTURA                            ,Boyaca,Firavitoba,2025-Marzo,>$1M,3
2025,Marzo,4117002,10207,MAXI CERDOS FINALIZADOR            ,BULTO          ,11,95500.0,0,1050500,1,4117002,102,102,102,PORCICULTURA                            ,Boyaca,Firavitoba,2025-Marzo,>$1M,3
2025,Marzo,4117002,10212,MAXI CERDAS GESTACION              ,BULTO          ,10,86000.0,0,860000,1,4117002,102,102,102,PORCICULTURA                            ,Boyaca,Firavitoba,2025-Marzo,$500K-$1M,3
2025,Marzo,4117002,10213,CERDAS LACTANCIA PRIMERIZAS        ,BULTO          ,8,100000.0,0,800000,1,4117002,102,102,102,PORCICULTURA                            ,Boyaca,Firavitoba,2025-Marzo,$500K-$1M,3
2025,Marzo,4117002,20300,CERDITOS PREINICIADOR NARANJA      ,BULTO          ,1,152000.0,0,152000,1,4117002,203,203,203,PORCICULTURA                            ,Boyaca,Firavitoba,2025-Marzo,$100K-$250K,3
2025,Marzo,4117002,30511,CRIA CERDOS REEMPLAZO              ,BULTO          ,1,90000.0,0,90000,1,4117002,305,305,305,PORCICULTURA                            ,Boyaca,Firavitoba,2025-Marzo,$50K-$100K,3
2025,Marzo,4119727,20304,CERDO FINALIZADOR NARANJA          ,BULTO          ,2,96000.0,0,192000,1,4119727,203,203,203,PORCICULTURA                            ,Boyaca,Firavitoba,2025-Marzo,$100K-$250K,3
2025,Marzo,4211190,10701,CONEJOS                            ,BULTO          ,1,84000.0,0,84000,1,4211190,107,107,107,CONEJOS                                 ,Boyaca,Sogamoso,2025-Marzo,$50K-$100K,3
2025,Marzo,4211190,10831,FILPO ADULTO 10KG                  ,BULTO          ,1,40000.0,0,40000,1,4211190,108,108,108,MASCOTAS                                ,Boyaca,Sogamoso,2025-Marzo,<$50K,3
2025,Marzo,4211190,20505,ITAL LECHE PELLET                  ,BULTO          ,1,60000.0,0,60000,1,4211190,205,205,205,GANADERIA                               ,Boyaca,Sogamoso,2025-Marzo,$50K-$100K,3
2025,Marzo,4272485,10202,INICIACION CERDOS                  ,BULTO          ,1,120000.0,0,120000,1,4272485,102,102,102,PORCICULTURA                            ,Boyaca,Sogamoso,2025-Marzo,$100K-$250K,3
2025,Marzo,7125529,10833,FILPO ADULTO 30KG                  ,BULTO          ,1,100000.0,0,100000,1,7125529,108,108,108,MASCOTAS                                ,Boyaca,Sogamoso,2025-Marzo,$50K-$100K,3
2025,Marzo,9397589,10833,FILPO ADULTO 30KG                  ,BULTO          ,1,100000.0,0,100000,1,9397589,108,108,108,MASCOTAS                                ,Boyaca,Sogamoso,2025-Marzo,$50K-$100K,3
2025,Marzo,9397589,20305,CERDA GESTACION NARANJA            ,BULTO          ,1,80000.0,0,80000,1,9397589,203,203,203,PORCICULTURA                            ,Boyaca,Sogamoso,2025-Marzo,$50K-$100K,3
2025,Marzo,9397589,20307,CERDO LEVANTE                      ,BULTO          ,3,87000.0,0,261000,1,9397589,203,203,203,PORCICULTURA                            ,Boyaca,Sogamoso,2025-Marzo,$250K-$500K,3
2025,Marzo,9399415,60509,PROSAFOS 16% X 1KG                 ,BOLSA          ,1,38000.0,0,38000,1,9399415,605,605,605,SALES                                   ,Boyaca,Pezca,2025-Marzo,<$50K,3
2025,Marzo,9518455,60881,CHUNKY ADULTO X 9KG                ,BULTO          ,1,68000.0,0,68000,1,9518455,608,608,608,MASCOTAS                                ,Bogota DC,Bogota,2025-Marzo,$50K-$100K,3
2025,Marzo,9518455,61200,CHUNKY ADULTOS 25KG                ,BULTO          ,1,162000.0,0,162000,1,9518455,612,612,612,MASCOTAS                                ,Bogota DC,Bogota,2025-Marzo,$100K-$250K,3
2025,Marzo,9521951,10500,TERNERAS LEVANTE                   ,BULTO          ,6,93000.0,0,558000,1,9521951,105,105,105,GANADERIA                               ,Bogota DC,Bogota,2025-Marzo,$500K-$1M,3
2025,Marzo,9521951,10504,CONTELAC 14%                       ,BULTO          ,50,75000.0,0,3750000,1,9521951,105,105,105,GANADERIA                               ,Bogota DC,Bogota,2025-Marzo,>$1M,3
2025,Marzo,9521951,10833,FILPO ADULTO 30KG                  ,BULTO          ,5,106000.0,0,530000,1,9521951,108,108,108,MASCOTAS                                ,Bogota DC,Bogota,2025-Marzo,$500K-$1M,3
2025,Marzo,9525427,10400,POTROS  CINTA AZUL                 ,BULTO          ,3,92000.0,0,276000,1,9525427,104,104,104,EQUINOS                                 ,Boyaca,Sogamoso,2025-Marzo,$250K-$500K,3
2025,Marzo,9525427,10402,CINTA AZUL  ADULTOS                ,BULTO          ,1,85000.0,0,85000,1,9525427,104,104,104,EQUINOS                                 ,Boyaca,Sogamoso,2025-Marzo,$50K-$100K,3
2025,Marzo,9527933,10818,RINGO CACHORROS 2K*5               ,BOLSA          ,1,10000.0,0,10000,1,9527933,108,108,108,MASCOTAS                                ,Boyaca,Sogamoso,2025-Marzo,<$50K,3
2025,Marzo,9527933,50201,RAZA PERROS 30KG                   ,BULTO          ,3,103000.0,0,309000,3,9527933,502,502,502,MASCOTAS                                ,Boyaca,Sogamoso,2025-Marzo,$250K-$500K,3
2025,Marzo,9527933,60809,DONKAN CARNE CEREALES X 22KG       ,BULTO          ,1,22000.0,0,22000,1,9527933,608,608,608,MASCOTAS                                ,Boyaca,Sogamoso,2025-Marzo,<$50K,3
2025,Marzo,9527933,61229,DONKAT ADULTO X1KG                 ,BOLSA          ,1,12000.0,0,12000,1,9527933,612,612,612,MASCOTAS                                ,Boyaca,Sogamoso,2025-Marzo,<$50K,3
2025,Marzo,9531884,10829,RINGO CROQUETAS 30KG               ,BULTO          ,1,125000.0,0,125000,1,9531884,108,108,108,MASCOTAS                                ,Boyaca,Sogamoso,2025-Marzo,$100K-$250K,3
2025,Marzo,9533467,10833,FILPO ADULTO 30KG                  ,BULTO          ,1,100000.0,0,100000,1,9533467,108,108,108,MASCOTAS                                ,Boyaca,Pezca,2025-Marzo,$50K-$100K,3
2025,Marzo,9534538,10207,MAXI CERDOS FINALIZADOR            ,BULTO          ,4,95500.0,0,382000,1,9534538,102,102,102,PORCICULTURA                            ,Boyaca,Sogamoso,2025-Marzo,$250K-$500K,3
2025,Marzo,9534538,10212,MAXI CERDAS GESTACION              ,BULTO          ,7,86000.0,0,602000,1,9534538,102,102,102,PORCICULTURA                            ,Boyaca,Sogamoso,2025-Marzo,$500K-$1M,3
2025,Marzo,9534538,60820,MONELLO CAT GATITOS X 1KG          ,BOLSA          ,2,25000.0,0,50000,1,9534538,608,608,608,MASCOTAS                                ,Boyaca,Sogamoso,2025-Marzo,<$50K,3
2025,Marzo,17037305,10500,TERNERAS LEVANTE                   ,BULTO          ,4,95000.0,0,380000,1,17037305,105,105,105,GANADERIA                               ,Boyaca,Sogamoso,2025-Marzo,$250K-$500K,3
2025,Marzo,17037305,10833,FILPO ADULTO 30KG                  ,BULTO          ,2,110000.0,0,220000,1,17037305,108,108,108,MASCOTAS                                ,Boyaca,Sogamoso,2025-Marzo,$100K-$250K,3
2025,Marzo,17037305,20503,CREMOSA                            ,BULTO          ,12,68000.0,0,816000,1,17037305,205,205,205,GANADERIA                               ,Boyaca,Sogamoso,2025-Marzo,$500K-$1M,3
2025,Marzo,17037305,60504,SAL 11% X 40KG                     ,BOLSA          ,4,78000.0,0,312000,1,17037305,605,605,605,SALES                                   ,Boyaca,Sogamoso,2025-Marzo,$250K-$500K,3
2025,Marzo,22222222,10103,MAXI POLLITOS C.                   ,BULTO          ,16,103500.0,0,1656000,13,22222222,101,101,101,AVICULTURA                              ,Boyaca,Sogamoso,2025-Marzo,>$1M,3
2025,Marzo,22222222,10104,POLLITOS INICIACION 1K*20          ,BOLSA          ,7,26428.57,0,185000,3,22222222,101,101,101,AVICULTURA                              ,Boyaca,Sogamoso,2025-Marzo,$100K-$250K,3
2025,Marzo,22222222,10105,POLLITOS INICIACION                ,BULTO          ,1,88000.0,0,88000,1,22222222,101,101,101,AVICULTURA                              ,Boyaca,Sogamoso,2025-Marzo,$50K-$100K,3
2025,Marzo,22222222,10108,MAXI BROILER P                     ,BULTO          ,3,108000.0,0,324000,3,22222222,101,101,101,AVICULTURA                              ,Boyaca,Sogamoso,2025-Marzo,$250K-$500K,3
2025,Marzo,22222222,10109,MAXI BROILER PIGMENTO C            ,BULTO          ,18,112000.0,0,2016000,16,22222222,101,101,101,AVICULTURA                              ,Boyaca,Sogamoso,2025-Marzo,>$1M,3
2025,Marzo,22222222,10112,BROILER P                          ,BULTO          ,8,100000.0,0,800000,7,22222222,101,101,101,AVICULTURA                              ,Boyaca,Sogamoso,2025-Marzo,$500K-$1M,3
2025,Marzo,22222222,10114,POLLO CAMPESINO C                  ,BULTO          ,1,77000.0,0,77000,1,22222222,101,101,101,AVICULTURA                              ,Boyaca,Sogamoso,2025-Marzo,$50K-$100K,3
2025,Marzo,22222222,10118,POLLAS                             ,BULTO          ,2,87500.0,0,175000,2,22222222,101,101,101,AVICULTURA                              ,Boyaca,Sogamoso,2025-Marzo,$100K-$250K,3
2025,Marzo,22222222,10120,MAXI HUEVO H                       ,BULTO          ,14,87000.0,0,1218000,5,22222222,101,101,101,AVICULTURA                              ,Boyaca,Sogamoso,2025-Marzo,>$1M,3
2025,Marzo,22222222,10121,MAXI HUEVO C                       ,BULTO          ,80,87462.5,0,6997000,26,22222222,101,101,101,AVICULTURA                              ,Boyaca,Sogamoso,2025-Marzo,>$1M,3
2025,Marzo,22222222,10122,PONEDORA EXTRA I C 1K*20           ,BOLSA          ,4,3000.0,0,12000,1,22222222,101,101,101,AVICULTURA                              ,Boyaca,Sogamoso,2025-Marzo,<$50K,3
2025,Marzo,22222222,10123,PONEDORA EXTRA I C                 ,BULTO          ,102,86460.78,0,8819000,18,22222222,101,101,101,AVICULTURA                              ,Boyaca,Sogamoso,2025-Marzo,>$1M,3
2025,Marzo,22222222,10125,PONEDORA EXTRA I P                 ,BULTO          ,3,84000.0,0,252000,1,22222222,101,101,101,AVICULTURA                              ,Boyaca,Sogamoso,2025-Marzo,$250K-$500K,3
2025,Marzo,22222222,10127,PONEDORA SUELTA                    ,BULTO          ,1,72000.0,0,72000,1,22222222,101,101,101,AVICULTURA                              ,Boyaca,Sogamoso,2025-Marzo,$50K-$100K,3
2025,Marzo,22222222,10133,CODORNICES CONTEGRAL               ,BULTO          ,6,95000.0,0,570000,4,22222222,101,101,101,AVICULTURA                              ,Boyaca,Sogamoso,2025-Marzo,$500K-$1M,3
2025,Marzo,22222222,10201,PREINICIACION CERDOS               ,BULTO          ,3,135333.33,0,406000,3,22222222,102,102,102,PORCICULTURA                            ,Boyaca,Sogamoso,2025-Marzo,$250K-$500K,3
2025,Marzo,22222222,10202,INICIACION CERDOS                  ,BULTO          ,18,121611.11,0,2189000,9,22222222,102,102,102,PORCICULTURA                            ,Boyaca,Sogamoso,2025-Marzo,>$1M,3
2025,Marzo,22222222,10204,MAXI LECHONES                      ,BULTO          ,12,98000.0,0,1176000,7,22222222,102,102,102,PORCICULTURA                            ,Boyaca,Sogamoso,2025-Marzo,>$1M,3
2025,Marzo,22222222,10205,CERDOS LEVANTE                     ,BULTO          ,4,87000.0,0,348000,3,22222222,102,102,102,PORCICULTURA                            ,Boyaca,Sogamoso,2025-Marzo,$250K-$500K,3
2025,Marzo,22222222,10207,MAXI CERDOS FINALIZADOR            ,BULTO          ,4,93250.0,0,373000,4,22222222,102,102,102,PORCICULTURA                            ,Boyaca,Sogamoso,2025-Marzo,$250K-$500K,3
2025,Marzo,22222222,10209,CERDOS ENGORDE                     ,BULTO          ,1,75000.0,0,75000,1,22222222,102,102,102,PORCICULTURA                            ,Boyaca,Sogamoso,2025-Marzo,$50K-$100K,3
2025,Marzo,22222222,10211,MAXI CERDAS GESTACION   R          ,BULTO          ,2,83000.0,0,166000,2,22222222,102,102,102,PORCICULTURA                            ,Boyaca,Sogamoso,2025-Marzo,$100K-$250K,3
2025,Marzo,22222222,10212,MAXI CERDAS GESTACION              ,BULTO          ,25,79960.0,0,1999000,10,22222222,102,102,102,PORCICULTURA                            ,Boyaca,Sogamoso,2025-Marzo,>$1M,3
2025,Marzo,22222222,10214,MAXI CERDAS LACTANCIA              ,BULTO          ,6,92333.33,0,554000,5,22222222,102,102,102,PORCICULTURA                            ,Boyaca,Sogamoso,2025-Marzo,$500K-$1M,3
2025,Marzo,22222222,10303,PECES 25                           ,BULTO          ,1,125000.0,0,125000,1,22222222,103,103,103,ACUACULTURA                             ,Boyaca,Sogamoso,2025-Marzo,$100K-$250K,3
2025,Marzo,22222222,10304,"MAXI TRUCHAS 45 SP 1,8 E           ",BULTO          ,1,218000.0,0,218000,1,22222222,103,103,103,ACUACULTURA                             ,Boyaca,Sogamoso,2025-Marzo,$100K-$250K,3
2025,Marzo,22222222,10305,"MAXI TRUCHAS 45 SP 3,5 E           ",BULTO          ,15,217933.33,0,3269000,4,22222222,103,103,103,ACUACULTURA                             ,Boyaca,Sogamoso,2025-Marzo,>$1M,3
2025,Marzo,22222222,10401,YEGUAS                             ,BULTO          ,1,87000.0,0,87000,1,22222222,104,104,104,EQUINOS                                 ,Boyaca,Sogamoso,2025-Marzo,$50K-$100K,3
2025,Marzo,22222222,10402,CINTA AZUL  ADULTOS                ,BULTO          ,4,84000.0,0,336000,3,22222222,104,104,104,EQUINOS                                 ,Boyaca,Sogamoso,2025-Marzo,$250K-$500K,3
2025,Marzo,22222222,10500,TERNERAS LEVANTE                   ,BULTO          ,3,90000.0,0,270000,2,22222222,105,105,105,GANADERIA                               ,Boyaca,Sogamoso,2025-Marzo,$250K-$500K,3
2025,Marzo,22222222,10501,NOVILLONAS                         ,BULTO          ,5,77200.0,0,386000,4,22222222,105,105,105,GANADERIA                               ,Boyaca,Sogamoso,2025-Marzo,$250K-$500K,3
2025,Marzo,22222222,10504,CONTELAC 14%                       ,BULTO          ,18,70111.11,0,1262000,12,22222222,105,105,105,GANADERIA                               ,Boyaca,Sogamoso,2025-Marzo,>$1M,3
2025,Marzo,22222222,10506,CONTELAC 18%                       ,BULTO          ,17,75117.65,0,1277000,8,22222222,105,105,105,GANADERIA                               ,Boyaca,Sogamoso,2025-Marzo,>$1M,3
2025,Marzo,22222222,10507,PRELACTANCIA                       ,BULTO          ,1,77000.0,0,77000,1,22222222,105,105,105,GANADERIA                               ,Boyaca,Sogamoso,2025-Marzo,$50K-$100K,3
2025,Marzo,22222222,10515,NOVILLOS CEBA P                    ,BULTO          ,1,70000.0,0,70000,1,22222222,105,105,105,GANADERIA                               ,Boyaca,Sogamoso,2025-Marzo,$50K-$100K,3
2025,Marzo,22222222,10603,FORRAJE GANADERIA P TULIPAN        ,BULTO          ,20,62000.0,0,1240000,12,22222222,106,106,105,GANADERIA                               ,Boyaca,Sogamoso,2025-Marzo,>$1M,3
2025,Marzo,22222222,10701,CONEJOS                            ,BULTO          ,21,87619.05,0,1840000,16,22222222,107,107,107,CONEJOS                                 ,Boyaca,Sogamoso,2025-Marzo,>$1M,3
2025,Marzo,22222222,10809,NUTRISS ADULTOS CARNE Y VEG  30KG  ,BULTO          ,1,160000.0,0,160000,1,22222222,108,108,108,MASCOTAS                                ,Boyaca,Sogamoso,2025-Marzo,$100K-$250K,3
2025,Marzo,22222222,10818,RINGO CACHORROS 2K*5               ,BOLSA          ,1,12000.0,0,12000,1,22222222,108,108,108,MASCOTAS                                ,Boyaca,Sogamoso,2025-Marzo,<$50K,3
2025,Marzo,22222222,10819,RINGO CACHORROS 30KG               ,BULTO          ,6,149833.33,0,899000,2,22222222,108,108,108,MASCOTAS                                ,Boyaca,Sogamoso,2025-Marzo,$500K-$1M,3
2025,Marzo,22222222,10821,RINGO PREMIUM 20KG                 ,BULTO          ,2,107000.0,0,214000,2,22222222,108,108,108,MASCOTAS                                ,Boyaca,Sogamoso,2025-Marzo,$100K-$250K,3
2025,Marzo,22222222,10824,RINGO PREMIUM 30KG                 ,BULTO          ,16,151187.5,0,2419000,16,22222222,108,108,108,MASCOTAS                                ,Boyaca,Sogamoso,2025-Marzo,>$1M,3
2025,Marzo,22222222,10829,RINGO CROQUETAS 30KG               ,BULTO          ,56,126589.29,0,7089000,27,22222222,108,108,108,MASCOTAS                                ,Boyaca,Sogamoso,2025-Marzo,>$1M,3
2025,Marzo,22222222,10830,FILPO CACHORROS 10KG               ,BULTO          ,1,52000.0,0,52000,1,22222222,108,108,108,MASCOTAS                                ,Boyaca,Sogamoso,2025-Marzo,$50K-$100K,3
2025,Marzo,22222222,10831,FILPO ADULTO 10KG                  ,BULTO          ,2,39500.0,0,79000,2,22222222,108,108,108,MASCOTAS                                ,Boyaca,Sogamoso,2025-Marzo,$50K-$100K,3
2025,Marzo,22222222,10833,FILPO ADULTO 30KG                  ,BULTO          ,86,102744.19,0,8836000,35,22222222,108,108,108,MASCOTAS                                ,Boyaca,Sogamoso,2025-Marzo,>$1M,3
2025,Marzo,22222222,10842,MIRRINGO 8KG                       ,BULTO          ,46,67434.78,0,3102000,13,22222222,108,108,108,MASCOTAS                                ,Boyaca,Sogamoso,2025-Marzo,>$1M,3
2025,Marzo,22222222,10853,MIRRINGO ARENA 5KG                 ,BOLSA          ,1,19000.0,0,19000,1,22222222,108,108,108,MASCOTAS                                ,Boyaca,Sogamoso,2025-Marzo,<$50K,3
2025,Marzo,22222222,20106,SUPER POLLO ENGORDE DORADO         ,BULTO          ,10,104800.0,0,1048000,8,22222222,201,201,101,AVICULTURA                              ,Boyaca,Sogamoso,2025-Marzo,>$1M,3
2025,Marzo,22222222,20107,SUPER POLLO ENGORDE DIS            ,BULTO          ,4,87000.0,0,348000,4,22222222,201,201,101,AVICULTURA                              ,Boyaca,Sogamoso,2025-Marzo,$250K-$500K,3
2025,Marzo,22222222,20108,POLLO CRIOLLO P                    ,BULTO          ,3,77000.0,0,231000,2,22222222,201,201,101,AVICULTURA                              ,Boyaca,Sogamoso,2025-Marzo,$100K-$250K,3
2025,Marzo,22222222,20109,POLLO CRIOLLO Q                    ,BULTO          ,3,77666.67,0,233000,3,22222222,201,201,101,AVICULTURA                              ,Boyaca,Sogamoso,2025-Marzo,$100K-$250K,3
2025,Marzo,22222222,20202,SUPER HUEVO PREPICO                ,BULTO          ,67,85626.87,0,5737000,15,22222222,202,202,101,AVICULTURA                              ,Boyaca,Sogamoso,2025-Marzo,>$1M,3
2025,Marzo,22222222,20203,SUPER HUEVO PREPICO 100            ,BULTO          ,128,87539.06,0,11205000,26,22222222,202,202,101,AVICULTURA                              ,Boyaca,Sogamoso,2025-Marzo,>$1M,3
2025,Marzo,22222222,20301,CERDITOS INICIACION NARANJA        ,BULTO          ,5,120400.0,0,602000,2,22222222,203,203,203,PORCICULTURA                            ,Boyaca,Sogamoso,2025-Marzo,$500K-$1M,3
2025,Marzo,22222222,20302,CERDO LEVANTE 1 NARANJA            ,BULTO          ,97,96979.38,0,9407000,28,22222222,203,203,203,PORCICULTURA                            ,Boyaca,Sogamoso,2025-Marzo,>$1M,3
2025,Marzo,22222222,20303,CERDO ENGORDE NARANJA              ,BULTO          ,7,94000.0,0,658000,5,22222222,203,203,203,PORCICULTURA                            ,Boyaca,Sogamoso,2025-Marzo,$500K-$1M,3
2025,Marzo,22222222,20304,CERDO FINALIZADOR NARANJA          ,BULTO          ,71,95915.49,0,6810000,8,22222222,203,203,203,PORCICULTURA                            ,Boyaca,Sogamoso,2025-Marzo,>$1M,3
2025,Marzo,22222222,20305,CERDA GESTACION NARANJA            ,BULTO          ,11,88000.0,0,968000,5,22222222,203,203,203,PORCICULTURA                            ,Boyaca,Sogamoso,2025-Marzo,$500K-$1M,3
2025,Marzo,22222222,20306,CERDA LACTANCIA NARANJA            ,BULTO          ,8,97000.0,0,776000,7,22222222,203,203,203,PORCICULTURA                            ,Boyaca,Sogamoso,2025-Marzo,$500K-$1M,3
2025,Marzo,22222222,20307,CERDO LEVANTE                      ,BULTO          ,106,90301.89,0,9572000,24,22222222,203,203,203,PORCICULTURA                            ,Boyaca,Sogamoso,2025-Marzo,>$1M,3
2025,Marzo,22222222,20308,CERDO ENGORDE                      ,BULTO          ,284,75264.08,0,21375000,16,22222222,203,203,203,PORCICULTURA                            ,Boyaca,Sogamoso,2025-Marzo,>$1M,3
2025,Marzo,22222222,20503,CREMOSA                            ,BULTO          ,22,65000.0,0,1430000,9,22222222,205,205,205,GANADERIA                               ,Boyaca,Sogamoso,2025-Marzo,>$1M,3
2025,Marzo,22222222,20505,ITAL LECHE PELLET                  ,BULTO          ,21,60000.0,0,1260000,12,22222222,205,205,205,GANADERIA                               ,Boyaca,Sogamoso,2025-Marzo,>$1M,3
2025,Marzo,22222222,20600,EQUINOS                            ,BULTO          ,4,74000.0,0,296000,3,22222222,206,206,206,EQUINOS                                 ,Boyaca,Sogamoso,2025-Marzo,$250K-$500K,3
2025,Marzo,22222222,20606,FURIA TOTAL                        ,BULTO          ,4,65000.0,0,260000,3,22222222,206,206,206,EQUINOS                                 ,Boyaca,Sogamoso,2025-Marzo,$250K-$500K,3
2025,Marzo,22222222,20607,MULTIFORRAJE EQUINO                ,BULTO          ,6,67000.0,0,402000,3,22222222,206,206,206,EQUINOS                                 ,Boyaca,Sogamoso,2025-Marzo,$250K-$500K,3
2025,Marzo,22222222,20608,PODIUM                             ,BULTO          ,5,83200.0,0,416000,2,22222222,206,206,206,EQUINOS                                 ,Boyaca,Sogamoso,2025-Marzo,$250K-$500K,3
2025,Marzo,22222222,20704,MOJARRA 20 EXTR                    ,BULTO          ,16,122500.0,0,1960000,4,22222222,207,207,207,ACUACULTURA                             ,Boyaca,Sogamoso,2025-Marzo,>$1M,3
2025,Marzo,22222222,20705,TRUCHA INICIACION 50               ,BULTO          ,6,271166.67,0,1627000,3,22222222,207,207,207,ACUACULTURA                             ,Boyaca,Sogamoso,2025-Marzo,>$1M,3
2025,Marzo,22222222,20706,TRUCHA LEVANTE 40                  ,BULTO          ,41,198609.76,0,8143000,13,22222222,207,207,207,ACUACULTURA                             ,Boyaca,Sogamoso,2025-Marzo,>$1M,3
2025,Marzo,22222222,20707,TRUCHA FINALIZACION 40             ,BULTO          ,160,211500.0,0,33840000,27,22222222,207,207,207,ACUACULTURA                             ,Boyaca,Sogamoso,2025-Marzo,>$1M,3
2025,Marzo,22222222,20708,ITALSAL NF 40 KG                   ,BULTO          ,30,213000.0,0,6390000,1,22222222,207,207,207,ACUACULTURA                             ,Boyaca,Sogamoso,2025-Marzo,>$1M,3
2025,Marzo,22222222,30104,NUTRECAN ADULTOS RAZAS PEQUE 2K*8  ,BOLSA          ,1,23000.0,0,23000,1,22222222,301,301,108,MASCOTAS                                ,Boyaca,Sogamoso,2025-Marzo,<$50K,3
2025,Marzo,22222222,30110,NUTRECAN ADULTOS RM Y RG 8KG       ,BULTO          ,2,74500.0,0,149000,2,22222222,301,301,108,MASCOTAS                                ,Boyaca,Sogamoso,2025-Marzo,$100K-$250K,3
2025,Marzo,22222222,30112,NUTRECAN ADULTOS RM Y RG 25KG      ,BULTO          ,2,225000.0,0,450000,2,22222222,301,301,108,MASCOTAS                                ,Boyaca,Sogamoso,2025-Marzo,$250K-$500K,3
2025,Marzo,22222222,30122,NUTRECAN CROQUETAS CACHORROS 4K*4  ,BOLSA          ,1,34000.0,0,34000,1,22222222,301,301,108,MASCOTAS                                ,Boyaca,Sogamoso,2025-Marzo,<$50K,3
2025,Marzo,22222222,30125,NUTRECAN CROQUETAS ADULTOS 2K*8    ,BOLSA          ,1,14000.0,0,14000,1,22222222,301,301,108,MASCOTAS                                ,Boyaca,Sogamoso,2025-Marzo,<$50K,3
2025,Marzo,22222222,30126,NUTRECAN CROQUETAS ADULTOS 15KG    ,BULTO          ,3,96666.67,0,290000,3,22222222,301,301,108,MASCOTAS                                ,Boyaca,Sogamoso,2025-Marzo,$250K-$500K,3
2025,Marzo,22222222,30135,NUTRECAN CAMPO 25KG                ,BULTO          ,1,163000.0,0,163000,1,22222222,301,301,108,MASCOTAS                                ,Boyaca,Sogamoso,2025-Marzo,$100K-$250K,3
2025,Marzo,22222222,30205,Q-IDA CAT 8KG                      ,BULTO          ,1,70000.0,0,70000,1,22222222,302,302,108,MASCOTAS                                ,Boyaca,Sogamoso,2025-Marzo,$50K-$100K,3
2025,Marzo,22222222,30207,NUTRECAT HOME 1.5K*10              ,BOLSA          ,2,25000.0,0,50000,2,22222222,302,302,108,MASCOTAS                                ,Boyaca,Sogamoso,2025-Marzo,<$50K,3
2025,Marzo,22222222,30310,TRUCHAS 40% EXT                    ,BULTO          ,2,213000.0,0,426000,1,22222222,303,303,303,ACUACULTURA                             ,Boyaca,Sogamoso,2025-Marzo,$250K-$500K,3
2025,Marzo,22222222,30401,NUTREPOLLO C.                      ,BULTO          ,1,101000.0,0,101000,1,22222222,304,304,304,AVICULTURA                              ,Boyaca,Sogamoso,2025-Marzo,$100K-$250K,3
2025,Marzo,22222222,30405,NUTREPOLLO SP 1K*20                ,BOLSA          ,5,3000.0,0,15000,1,22222222,304,304,304,AVICULTURA                              ,Boyaca,Sogamoso,2025-Marzo,<$50K,3
2025,Marzo,22222222,30503,CHANCHITOS I.C                     ,BULTO          ,3,97000.0,0,291000,2,22222222,305,305,305,PORCICULTURA                            ,Boyaca,Sogamoso,2025-Marzo,$250K-$500K,3
2025,Marzo,22222222,30506,CHANCHITOS PET                     ,BULTO          ,1,97000.0,0,97000,1,22222222,305,305,305,PORCICULTURA                            ,Boyaca,Sogamoso,2025-Marzo,$50K-$100K,3
2025,Marzo,22222222,30508,FINALIZADOR 70                     ,BULTO          ,1,85000.0,0,85000,1,22222222,305,305,305,PORCICULTURA                            ,Boyaca,Sogamoso,2025-Marzo,$50K-$100K,3
2025,Marzo,22222222,30600,MANNA EXT                          ,BULTO          ,2,109500.0,0,219000,2,22222222,306,306,306,GANADERIA                               ,Boyaca,Sogamoso,2025-Marzo,$100K-$250K,3
2025,Marzo,22222222,30601,MANNA P                            ,BULTO          ,1,92000.0,0,92000,1,22222222,306,306,306,GANADERIA                               ,Boyaca,Sogamoso,2025-Marzo,$50K-$100K,3
2025,Marzo,22222222,30610,ORDEÑO P                           ,BULTO          ,1,72000.0,0,72000,1,22222222,306,306,306,GANADERIA                               ,Boyaca,Sogamoso,2025-Marzo,$50K-$100K,3
2025,Marzo,22222222,30701,CAMPEON DORADO TEXT                ,BULTO          ,1,104000.0,0,104000,1,22222222,307,307,307,EQUINOS                                 ,Boyaca,Sogamoso,2025-Marzo,$100K-$250K,3
2025,Marzo,22222222,40202,POLLO INICIACION C                 ,BULTO          ,2,88000.0,0,176000,2,22222222,402,402,402,AVICULTURA                              ,Boyaca,Sogamoso,2025-Marzo,$100K-$250K,3
2025,Marzo,22222222,50117,FIBRAMIX PELETIZADO                ,BULTO          ,4,62000.0,0,248000,4,22222222,501,501,105,GANADERIA                               ,Boyaca,Sogamoso,2025-Marzo,$100K-$250K,3
2025,Marzo,22222222,50118,FIBRAMIX PELETIZADO X 10KG         ,BULTO          ,1,20000.0,0,20000,1,22222222,501,501,105,GANADERIA                               ,Boyaca,Sogamoso,2025-Marzo,<$50K,3
2025,Marzo,22222222,50200,RAZA PERROS 10KG                   ,BULTO          ,1,39000.0,0,39000,1,22222222,502,502,502,MASCOTAS                                ,Boyaca,Sogamoso,2025-Marzo,<$50K,3
2025,Marzo,22222222,50201,RAZA PERROS 30KG                   ,BULTO          ,43,104255.81,0,4483000,14,22222222,502,502,502,MASCOTAS                                ,Boyaca,Sogamoso,2025-Marzo,>$1M,3
2025,Marzo,22222222,50203,SUPERCAN CROQUETAS 15KG            ,BULTO          ,1,83000.0,0,83000,1,22222222,502,502,502,MASCOTAS                                ,Boyaca,Sogamoso,2025-Marzo,$50K-$100K,3
2025,Marzo,22222222,50207,SUPERCAN CROQUETAS 4K*5            ,BOLSA          ,1,19000.0,0,19000,1,22222222,502,502,502,MASCOTAS                                ,Boyaca,Sogamoso,2025-Marzo,<$50K,3
2025,Marzo,22222222,60204,FULMINADO 20.8% X 100ML            ,FRASCO         ,2,29000.0,0,58000,1,22222222,602,602,610,DROGA VETERINARIA                       ,Boyaca,Sogamoso,2025-Marzo,$50K-$100K,3
2025,Marzo,22222222,60209,MATARRAZ X 30ML                    ,FRASCO         ,3,15000.0,0,45000,2,22222222,602,602,610,DROGA VETERINARIA                       ,Boyaca,Sogamoso,2025-Marzo,<$50K,3
2025,Marzo,22222222,60500,MOCHILA SAL 11%                    ,MOCHILA        ,1,24000.0,0,24000,1,22222222,605,605,605,SALES                                   ,Boyaca,Sogamoso,2025-Marzo,<$50K,3
2025,Marzo,22222222,60501,MOCHILA SAL 6%                     ,MOCHILA        ,2,23000.0,0,46000,2,22222222,605,605,605,SALES                                   ,Boyaca,Sogamoso,2025-Marzo,<$50K,3
2025,Marzo,22222222,60502,SAL 11% X 5KG*10                   ,BOLSA          ,1,23000.0,0,23000,1,22222222,605,605,605,SALES                                   ,Boyaca,Sogamoso,2025-Marzo,<$50K,3
2025,Marzo,22222222,60504,SAL 11% X 40KG                     ,BOLSA          ,2,76000.0,0,152000,2,22222222,605,605,605,SALES                                   ,Boyaca,Sogamoso,2025-Marzo,$100K-$250K,3
2025,Marzo,22222222,60505,SAL 6% X 5KG*10                    ,BOLSA          ,1,23000.0,0,23000,1,22222222,605,605,605,SALES                                   ,Boyaca,Sogamoso,2025-Marzo,<$50K,3
2025,Marzo,22222222,60507,SAL 6% X 40KG                      ,BOLSA          ,1,66000.0,0,66000,1,22222222,605,605,605,SALES                                   ,Boyaca,Sogamoso,2025-Marzo,$50K-$100K,3
2025,Marzo,22222222,60700,MAIZ NACIONAL X50KG                ,BULTO          ,5,84000.0,0,420000,3,22222222,607,607,607,MAIZ                                    ,Boyaca,Sogamoso,2025-Marzo,$250K-$500K,3
2025,Marzo,22222222,60701,MAIZ NACIONAL @                    ,BOLSA          ,1,25000.0,0,25000,1,22222222,607,607,607,MAIZ                                    ,Boyaca,Sogamoso,2025-Marzo,<$50K,3
2025,Marzo,22222222,60703,MAIZ PARTIDO NACIONAL X 40KG       ,BULTO          ,4,74500.0,0,298000,4,22222222,607,607,607,MAIZ                                    ,Boyaca,Sogamoso,2025-Marzo,$250K-$500K,3
2025,Marzo,22222222,60810,DONKAT GATOS ADULTOS X 7KG         ,BULTO          ,5,65600.0,0,328000,5,22222222,608,608,608,MASCOTAS                                ,Boyaca,Sogamoso,2025-Marzo,$250K-$500K,3
2025,Marzo,22222222,60821,"MONELLO CAT SALMON, ATUN, POLLO X 1",BOLSA          ,1,25000.0,0,25000,1,22222222,608,608,608,MASCOTAS                                ,Boyaca,Sogamoso,2025-Marzo,<$50K,3
2025,Marzo,22222222,60826,MONELLO CACHORRO X7KG              ,BULTO          ,2,98000.0,0,196000,1,22222222,608,608,608,MASCOTAS                                ,Boyaca,Sogamoso,2025-Marzo,$100K-$250K,3
2025,Marzo,22222222,60828,MONELLO RAZA PEQUEÑA X 7KG         ,BULTO          ,1,98000.0,0,98000,1,22222222,608,608,608,MASCOTAS                                ,Boyaca,Sogamoso,2025-Marzo,$50K-$100K,3
2025,Marzo,22222222,60847,FOFI CAT MANZANA  X 1KG            ,BOLSA          ,1,90000.0,0,90000,1,22222222,608,608,608,MASCOTAS                                ,Boyaca,Sogamoso,2025-Marzo,$50K-$100K,3
2025,Marzo,22222222,60881,CHUNKY ADULTO X 9KG                ,BULTO          ,3,68000.0,0,204000,3,22222222,608,608,608,MASCOTAS                                ,Boyaca,Sogamoso,2025-Marzo,$100K-$250K,3
2025,Marzo,22222222,60883,CHUNKY CACHORRO X 9KG              ,BULTO          ,3,101000.0,0,303000,3,22222222,608,608,608,MASCOTAS                                ,Boyaca,Sogamoso,2025-Marzo,$250K-$500K,3
2025,Marzo,22222222,60886,OHMAIGAT GATITOS X 500G            ,BOLSA          ,1,10000.0,0,10000,1,22222222,608,608,608,MASCOTAS                                ,Boyaca,Sogamoso,2025-Marzo,<$50K,3
2025,Marzo,22222222,61002,CREOLINA GOLD COOPERS X 470ML      ,FRASCO         ,1,30000.0,0,30000,1,22222222,610,610,610,DROGA VETERINARIA                       ,Boyaca,Sogamoso,2025-Marzo,<$50K,3
2025,Marzo,22222222,61055,MOSKATION FRASCO X 100ML           ,FRASCO         ,1,23000.0,0,23000,1,22222222,610,610,610,DROGA VETERINARIA                       ,Boyaca,Sogamoso,2025-Marzo,<$50K,3
2025,Marzo,22222222,61119,ROMADE COJIN X 20ML                ,COJIN          ,17,3000.0,0,51000,1,22222222,611,611,611,DROGA VETERINARIA                       ,Boyaca,Sogamoso,2025-Marzo,$50K-$100K,3
2025,Marzo,22222222,61167,CURAGAN AEROSOL X375ML             ,FRASCO         ,2,30000.0,0,60000,2,22222222,611,611,611,DROGA VETERINARIA                       ,Boyaca,Sogamoso,2025-Marzo,$50K-$100K,3
2025,Marzo,22222222,61200,CHUNKY ADULTOS 25KG                ,BULTO          ,7,162000.0,0,1134000,7,22222222,612,612,612,MASCOTAS                                ,Boyaca,Sogamoso,2025-Marzo,>$1M,3
2025,Marzo,22222222,61201,ITALCAN CARNE Y VERD 25KG          ,BULTO          ,8,120000.0,0,960000,8,22222222,612,612,612,MASCOTAS                                ,Boyaca,Sogamoso,2025-Marzo,$500K-$1M,3
2025,Marzo,22222222,61202,ITALCAN CARNE Y VERD 10KG          ,BULTO          ,1,40000.0,0,40000,1,22222222,612,612,612,MASCOTAS                                ,Boyaca,Sogamoso,2025-Marzo,<$50K,3
2025,Marzo,22222222,61203,ITALCAN PLUS POLLO Y ARROZ 25KG    ,BULTO          ,1,120000.0,0,120000,1,22222222,612,612,612,MASCOTAS                                ,Boyaca,Sogamoso,2025-Marzo,$100K-$250K,3
2025,Marzo,22222222,61205,AGILITY GOLD GRAN CACHORROS 15KG   ,BULTO          ,1,258000.0,0,258000,1,22222222,612,612,612,MASCOTAS                                ,Boyaca,Sogamoso,2025-Marzo,$250K-$500K,3
2025,Marzo,22222222,61206,CHUNKY ADULTO RAZAS PEQUEÑAS 8KG   ,BULTO          ,1,64000.0,0,64000,1,22222222,612,612,612,MASCOTAS                                ,Boyaca,Sogamoso,2025-Marzo,$50K-$100K,3
2025,Marzo,22222222,61209,CHUNKY ADULTO X500G                ,BOLSA          ,1,6700.0,0,6700,1,22222222,612,612,612,MASCOTAS                                ,Boyaca,Sogamoso,2025-Marzo,<$50K,3
2025,Marzo,22222222,61214,CHUNKY GATOS POLLO 8KG             ,BULTO          ,1,98000.0,0,98000,1,22222222,612,612,612,MASCOTAS                                ,Boyaca,Sogamoso,2025-Marzo,$50K-$100K,3
2025,Marzo,22222222,61218,MONELLO TRADICIONAL 25KG           ,BULTO          ,7,266285.71,0,1864000,5,22222222,612,612,612,MASCOTAS                                ,Boyaca,Sogamoso,2025-Marzo,>$1M,3
2025,Marzo,22222222,61227,BIRBO GATOS 7KG                    ,BULTO          ,1,92000.0,0,92000,1,22222222,612,612,612,MASCOTAS                                ,Boyaca,Sogamoso,2025-Marzo,$50K-$100K,3
2025,Marzo,22222222,61229,DONKAT ADULTO X1KG                 ,BOLSA          ,4,12000.0,0,48000,3,22222222,612,612,612,MASCOTAS                                ,Boyaca,Sogamoso,2025-Marzo,<$50K,3
2025,Marzo,22222222,61280,AGILITY GOLD GRAN ADULT 15 KG      ,BULTO          ,1,248000.0,0,248000,1,22222222,612,612,612,MASCOTAS                                ,Boyaca,Sogamoso,2025-Marzo,$100K-$250K,3
2025,Marzo,22222222,61282,CHUNKY CORDERO 12 KG               ,UNIDAD         ,1,147000.0,0,147000,1,22222222,612,612,612,MASCOTAS                                ,Boyaca,Sogamoso,2025-Marzo,$100K-$250K,3
2025,Marzo,24113253,30118,NUTRECAN SENIOR 8KG                ,BULTO          ,1,88000.0,0,88000,1,24113253,301,301,108,MASCOTAS                                ,Boyaca,Sogamoso,2025-Marzo,$50K-$100K,3
2025,Marzo,32691319,10842,MIRRINGO 8KG                       ,BULTO          ,1,67000.0,0,67000,1,32691319,108,108,108,MASCOTAS                                ,Atlantico,Barranquilla,2025-Marzo,$50K-$100K,3
2025,Marzo,32691319,30110,NUTRECAN ADULTOS RM Y RG 8KG       ,BULTO          ,1,93000.0,0,93000,1,32691319,301,301,108,MASCOTAS                                ,Atlantico,Barranquilla,2025-Marzo,$50K-$100K,3
2025,Marzo,32691319,61200,CHUNKY ADULTOS 25KG                ,BULTO          ,1,162000.0,0,162000,1,32691319,612,612,612,MASCOTAS                                ,Atlantico,Barranquilla,2025-Marzo,$100K-$250K,3
2025,Marzo,32691319,61302,CREDELIO                           ,PASTA          ,1,47000.0,0,47000,1,32691319,613,613,613,MASCOTAS                                ,Atlantico,Barranquilla,2025-Marzo,<$50K,3
2025,Marzo,46369913,10120,MAXI HUEVO H                       ,BULTO          ,1,87000.0,0,87000,1,46369913,101,101,101,AVICULTURA                              ,Boyaca,Sogamoso,2025-Marzo,$50K-$100K,3
2025,Marzo,46376488,10123,PONEDORA EXTRA I C                 ,BULTO          ,1,84000.0,0,84000,1,46376488,101,101,101,AVICULTURA                              ,Boyaca,Sogamoso,2025-Marzo,$50K-$100K,3
2025,Marzo,74081683,10829,RINGO CROQUETAS 30KG               ,BULTO          ,1,125000.0,0,125000,1,74081683,108,108,108,MASCOTAS                                ,Boyaca,Nobsa,2025-Marzo,$100K-$250K,3
2025,Marzo,74083883,10305,"MAXI TRUCHAS 45 SP 3,5 E           ",BULTO          ,1,213000.0,0,213000,1,74083883,103,103,103,ACUACULTURA                             ,Boyaca,Corrales,2025-Marzo,$100K-$250K,3
2025,Marzo,74083883,10833,FILPO ADULTO 30KG                  ,BULTO          ,1,103000.0,0,103000,1,74083883,108,108,108,MASCOTAS                                ,Boyaca,Corrales,2025-Marzo,$100K-$250K,3
2025,Marzo,74083883,20701,MOJARRA 38 EXTR                    ,BULTO          ,1,165000.0,0,165000,1,74083883,207,207,207,ACUACULTURA                             ,Boyaca,Corrales,2025-Marzo,$100K-$250K,3
2025,Marzo,74083883,20706,TRUCHA LEVANTE 40                  ,BULTO          ,6,218000.0,0,1308000,2,74083883,207,207,207,ACUACULTURA                             ,Boyaca,Corrales,2025-Marzo,>$1M,3
2025,Marzo,74083883,30507,FINALIZADOR                        ,BULTO          ,7,213000.0,0,1491000,1,74083883,305,305,305,PORCICULTURA                            ,Boyaca,Corrales,2025-Marzo,>$1M,3
2025,Marzo,74084607,61220,ITAL ALFALFA 25KG                  ,BULTO          ,1,120000.0,0,120000,1,74084607,612,612,612,MASCOTAS                                ,Boyaca,Sogamoso,2025-Marzo,$100K-$250K,3
2025,Marzo,74084607,61282,CHUNKY CORDERO 12 KG               ,UNIDAD         ,1,147000.0,0,147000,1,74084607,612,612,612,MASCOTAS                                ,Boyaca,Sogamoso,2025-Marzo,$100K-$250K,3
2025,Marzo,74181266,10204,MAXI LECHONES                      ,BULTO          ,1,98000.0,0,98000,1,74181266,102,102,102,PORCICULTURA                            ,Boyaca,Sogamoso,2025-Marzo,$50K-$100K,3
2025,Marzo,74181266,10829,RINGO CROQUETAS 30KG               ,BULTO          ,1,125000.0,0,125000,1,74181266,108,108,108,MASCOTAS                                ,Boyaca,Sogamoso,2025-Marzo,$100K-$250K,3
2025,Marzo,74183098,10504,CONTELAC 14%                       ,BULTO          ,3,70000.0,0,210000,1,74183098,105,105,105,GANADERIA                               ,Boyaca,Sogamoso,2025-Marzo,$100K-$250K,3
2025,Marzo,74183098,20505,ITAL LECHE PELLET                  ,BULTO          ,1,60000.0,0,60000,1,74183098,205,205,205,GANADERIA                               ,Boyaca,Sogamoso,2025-Marzo,$50K-$100K,3
2025,Marzo,74185872,10203,MAXI LECHONES   R                  ,BULTO          ,1,98000.0,0,98000,1,74185872,102,102,102,PORCICULTURA                            ,Boyaca,Sogamoso,2025-Marzo,$50K-$100K,3
2025,Marzo,74185872,20305,CERDA GESTACION NARANJA            ,BULTO          ,2,80000.0,0,160000,1,74185872,203,203,203,PORCICULTURA                            ,Boyaca,Sogamoso,2025-Marzo,$100K-$250K,3
2025,Marzo,74188527,10123,PONEDORA EXTRA I C                 ,BULTO          ,3,84000.0,0,252000,1,74188527,101,101,101,AVICULTURA                              ,Boyaca,Sogamoso,2025-Marzo,$250K-$500K,3
2025,Marzo,74188527,10831,FILPO ADULTO 10KG                  ,BULTO          ,1,39000.0,0,39000,1,74188527,108,108,108,MASCOTAS                                ,Boyaca,Sogamoso,2025-Marzo,<$50K,3
2025,Marzo,74188527,10842,MIRRINGO 8KG                       ,BULTO          ,1,23500.0,0,23500,1,74188527,108,108,108,MASCOTAS                                ,Boyaca,Sogamoso,2025-Marzo,<$50K,3
2025,Marzo,74189925,30601,MANNA P                            ,BULTO          ,2,92000.0,0,184000,1,74189925,306,306,306,GANADERIA                               ,Boyaca,Sogamoso,2025-Marzo,$100K-$250K,3
2025,Marzo,74189925,61167,CURAGAN AEROSOL X375ML             ,FRASCO         ,2,29000.0,0,58000,1,74189925,611,611,611,DROGA VETERINARIA                       ,Boyaca,Sogamoso,2025-Marzo,$50K-$100K,3
2025,Marzo,79883826,20307,CERDO LEVANTE                      ,BULTO          ,4,87000.0,0,348000,1,79883826,203,203,203,PORCICULTURA                            ,Bogota DC,Bogota,2025-Marzo,$250K-$500K,3
2025,Marzo,826002633,10833,FILPO ADULTO 30KG                  ,BULTO          ,1,100000.0,0,100000,1,826002633,108,108,108,MASCOTAS                                ,Boyaca,Sogamoso,2025-Marzo,$50K-$100K,3
2025,Marzo,826002633,10844,MIRRINGO 1KG*20                    ,BOLSA          ,1,9500.0,0,9500,1,826002633,108,108,108,MASCOTAS                                ,Boyaca,Sogamoso,2025-Marzo,<$50K,3
2025,Marzo,826002633,30101,NUTRECAN BABIES 2K*8               ,BOLSA          ,1,23000.0,0,23000,1,826002633,301,301,108,MASCOTAS                                ,Boyaca,Sogamoso,2025-Marzo,<$50K,3
2025,Marzo,900147227,10501,NOVILLONAS                         ,BULTO          ,2,74000.0,0,148000,1,900147227,105,105,105,GANADERIA                               ,Boyaca,Sogamoso,2025-Marzo,$100K-$250K,3
2025,Marzo,901040704,10211,MAXI CERDAS GESTACION   R          ,BULTO          ,1,86000.0,0,86000,1,901040704,102,102,102,PORCICULTURA                            ,Boyaca,Sogamoso,2025-Marzo,$50K-$100K,3
2025,Marzo,901206877,10402,CINTA AZUL  ADULTOS                ,BULTO          ,1,87000.0,0,87000,1,901206877,104,104,104,EQUINOS                                 ,Boyaca,Sogamoso,2025-Marzo,$50K-$100K,3
2025,Marzo,901206877,10829,RINGO CROQUETAS 30KG               ,BULTO          ,3,125000.0,0,375000,2,901206877,108,108,108,MASCOTAS                                ,Boyaca,Sogamoso,2025-Marzo,$250K-$500K,3
2025,Marzo,901591495,10133,CODORNICES CONTEGRAL               ,BULTO          ,1,95000.0,0,95000,1,901591495,101,101,101,AVICULTURA                              ,Boyaca,Sogamoso,2025-Marzo,$50K-$100K,3
2025,Marzo,901591495,10701,CONEJOS                            ,BULTO          ,3,90000.0,0,270000,2,901591495,107,107,107,CONEJOS                                 ,Boyaca,Sogamoso,2025-Marzo,$250K-$500K,3
2025,Marzo,901591495,10816,RINGO CACHORROS 15KG               ,BULTO          ,1,80000.0,0,80000,1,901591495,108,108,108,MASCOTAS                                ,Boyaca,Sogamoso,2025-Marzo,$50K-$100K,3
2025,Marzo,901591495,60702,MAIZ PARTIDO NACIONAL @            ,BOLSA          ,1,25000.0,0,25000,1,901591495,607,607,607,MAIZ                                    ,Boyaca,Sogamoso,2025-Marzo,<$50K,3
2025,Marzo,901795156,10207,MAXI CERDOS FINALIZADOR            ,BULTO          ,1,96000.0,0,96000,1,901795156,102,102,102,PORCICULTURA                            ,Boyaca,Sogamoso,2025-Marzo,$50K-$100K,3
2025,Marzo,901858234,20600,EQUINOS                            ,BULTO          ,2,74000.0,0,148000,1,901858234,206,206,206,EQUINOS                                 ,Boyaca,Sogamoso,2025-Marzo,$100K-$250K,3
2025,Marzo,901858234,20607,MULTIFORRAJE EQUINO                ,BULTO          ,2,67000.0,0,134000,1,901858234,206,206,206,EQUINOS                                 ,Boyaca,Sogamoso,2025-Marzo,$100K-$250K,3
2025,Marzo,1007382853,10824,RINGO PREMIUM 30KG                 ,BULTO          ,6,152000.0,0,912000,1,1007382853,108,108,108,MASCOTAS                                ,Boyaca,Sogamoso,2025-Marzo,$500K-$1M,3
2025,Marzo,1051588968,60700,MAIZ NACIONAL X50KG                ,BULTO          ,1,85000.0,0,85000,1,1051588968,607,607,607,MAIZ                                    ,Boyaca,Firavitoba,2025-Marzo,$50K-$100K,3
2025,Marzo,1051588968,60701,MAIZ NACIONAL @                    ,BOLSA          ,1,83000.0,0,83000,1,1051588968,607,607,607,MAIZ                                    ,Boyaca,Firavitoba,2025-Marzo,$50K-$100K,3
2025,Marzo,1051588968,61200,CHUNKY ADULTOS 25KG                ,BULTO          ,1,162000.0,0,162000,1,1051588968,612,612,612,MASCOTAS                                ,Boyaca,Firavitoba,2025-Marzo,$100K-$250K,3
2025,Marzo,1053585696,10500,TERNERAS LEVANTE                   ,BULTO          ,2,90000.0,0,180000,1,1053585696,105,105,105,GANADERIA                               ,Boyaca,Nobsa,2025-Marzo,$100K-$250K,3
2025,Marzo,1053585696,60507,SAL 6% X 40KG                      ,BOLSA          ,2,66000.0,0,132000,1,1053585696,605,605,605,SALES                                   ,Boyaca,Nobsa,2025-Marzo,$100K-$250K,3
2025,Marzo,1057578112,10824,RINGO PREMIUM 30KG                 ,BULTO          ,1,152000.0,0,152000,1,1057578112,108,108,108,MASCOTAS                                ,Boyaca,Sogamoso,2025-Marzo,$100K-$250K,3
2025,Marzo,1057579440,10107,MAXI BROILER C.                    ,BULTO          ,1,112000.0,0,112000,1,1057579440,101,101,101,AVICULTURA                              ,Boyaca,Sogamoso,2025-Marzo,$100K-$250K,3
2025,Marzo,1057579440,10833,FILPO ADULTO 30KG                  ,BULTO          ,1,98000.0,0,98000,1,1057579440,108,108,108,MASCOTAS                                ,Boyaca,Sogamoso,2025-Marzo,$50K-$100K,3
2025,Marzo,1057579440,20203,SUPER HUEVO PREPICO 100            ,BULTO          ,3,87333.33,0,262000,3,1057579440,202,202,101,AVICULTURA                              ,Boyaca,Sogamoso,2025-Marzo,$250K-$500K,3
2025,Marzo,1057579440,20301,CERDITOS INICIACION NARANJA        ,BULTO          ,1,120000.0,0,120000,1,1057579440,203,203,203,PORCICULTURA                            ,Boyaca,Sogamoso,2025-Marzo,$100K-$250K,3
2025,Marzo,1057579440,20303,CERDO ENGORDE NARANJA              ,BULTO          ,4,94000.0,0,376000,3,1057579440,203,203,203,PORCICULTURA                            ,Boyaca,Sogamoso,2025-Marzo,$250K-$500K,3
2025,Marzo,1057579440,20503,CREMOSA                            ,BULTO          ,1,65000.0,0,65000,1,1057579440,205,205,205,GANADERIA                               ,Boyaca,Sogamoso,2025-Marzo,$50K-$100K,3
2025,Marzo,1057579440,20505,ITAL LECHE PELLET                  ,BULTO          ,4,60000.0,0,240000,1,1057579440,205,205,205,GANADERIA                               ,Boyaca,Sogamoso,2025-Marzo,$100K-$250K,3
2025,Marzo,1057579440,20706,TRUCHA LEVANTE 40                  ,BULTO          ,1,199000.0,0,199000,1,1057579440,207,207,207,ACUACULTURA                             ,Boyaca,Sogamoso,2025-Marzo,$100K-$250K,3
2025,Marzo,1057579440,20707,TRUCHA FINALIZACION 40             ,BULTO          ,3,213000.0,0,639000,2,1057579440,207,207,207,ACUACULTURA                             ,Boyaca,Sogamoso,2025-Marzo,$500K-$1M,3
2025,Marzo,1057579440,30612,CREMALECHE                         ,BULTO          ,4,73000.0,0,292000,2,1057579440,306,306,306,GANADERIA                               ,Boyaca,Sogamoso,2025-Marzo,$250K-$500K,3
2025,Marzo,1057579440,50117,FIBRAMIX PELETIZADO                ,BULTO          ,1,62000.0,0,62000,1,1057579440,501,501,105,GANADERIA                               ,Boyaca,Sogamoso,2025-Marzo,$50K-$100K,3
2025,Marzo,1057579440,60123,OXIBEST FRASCO X 500ML             ,FRASCO         ,1,13000.0,0,13000,1,1057579440,601,601,610,DROGA VETERINARIA                       ,Boyaca,Sogamoso,2025-Marzo,<$50K,3
2025,Marzo,1057579440,60896,COMEDERO ACERO MEDIANO 24 ONZ      ,UNIDAD         ,1,20000.0,0,20000,1,1057579440,608,608,608,MASCOTAS                                ,Boyaca,Sogamoso,2025-Marzo,<$50K,3
2025,Marzo,1057596377,10701,CONEJOS                            ,BULTO          ,2,90000.0,0,180000,2,1057596377,107,107,107,CONEJOS                                 ,Boyaca,Sogamoso,2025-Marzo,$100K-$250K,3
2025,Marzo,1057596377,60701,MAIZ NACIONAL @                    ,BOLSA          ,1,83000.0,0,83000,1,1057596377,607,607,607,MAIZ                                    ,Boyaca,Sogamoso,2025-Marzo,$50K-$100K,3
2025,Marzo,1057607941,20307,CERDO LEVANTE                      ,BULTO          ,5,87000.0,0,435000,1,1057607941,203,203,203,PORCICULTURA                            ,Boyaca,Sogamoso,2025-Marzo,$250K-$500K,3
2025,Marzo,8260002612,10500,TERNERAS LEVANTE                   ,BULTO          ,1,90000.0,0,90000,1,8260002612,105,105,105,GANADERIA                               ,Boyaca,Sogamoso,2025-Marzo,$50K-$100K,3
2025,Marzo,901859186,50201,RAZA PERROS 30KG                   ,BULTO          ,1,103000.0,0,103000,1,901859186,502,502,502,MASCOTAS                                ,Boyaca,Sogamoso,2025-Marzo,$100K-$250K,3
2025,Marzo,9127218,10105,POLLITOS INICIACION                ,BULTO          ,1,100000.0,0,100000,1,9127218,101,101,101,AVICULTURA                              ,Boyaca,Sogamoso,2025-Marzo,$50K-$100K,3
2025,Marzo,9127218,10112,BROILER P                          ,BULTO          ,1,100000.0,0,100000,1,9127218,101,101,101,AVICULTURA                              ,Boyaca,Sogamoso,2025-Marzo,$50K-$100K,3
2025,Marzo,9127218,10121,MAXI HUEVO C                       ,BULTO          ,45,88000.0,0,3960000,1,9127218,101,101,101,AVICULTURA                              ,Boyaca,Sogamoso,2025-Marzo,>$1M,3
2025,Marzo,9127218,10123,PONEDORA EXTRA I C                 ,BULTO          ,1,84000.0,0,84000,1,9127218,101,101,101,AVICULTURA                              ,Boyaca,Sogamoso,2025-Marzo,$50K-$100K,3
2025,Marzo,9127218,10204,MAXI LECHONES                      ,BULTO          ,2,98000.0,0,196000,2,9127218,102,102,102,PORCICULTURA                            ,Boyaca,Sogamoso,2025-Marzo,$100K-$250K,3
2025,Marzo,9127218,10304,"MAXI TRUCHAS 45 SP 1,8 E           ",BULTO          ,1,218000.0,0,218000,1,9127218,103,103,103,ACUACULTURA                             ,Boyaca,Sogamoso,2025-Marzo,$100K-$250K,3
2025,Marzo,9127218,10501,NOVILLONAS                         ,BULTO          ,1,74000.0,0,74000,1,9127218,105,105,105,GANADERIA                               ,Boyaca,Sogamoso,2025-Marzo,$50K-$100K,3
2025,Marzo,9127218,10824,RINGO PREMIUM 30KG                 ,BULTO          ,28,152000.0,0,4256000,1,9127218,108,108,108,MASCOTAS                                ,Boyaca,Sogamoso,2025-Marzo,>$1M,3
2025,Marzo,9127218,10833,FILPO ADULTO 30KG                  ,BULTO          ,20,96000.0,0,1920000,1,9127218,108,108,108,MASCOTAS                                ,Boyaca,Sogamoso,2025-Marzo,>$1M,3
2025,Marzo,9127218,10844,MIRRINGO 1KG*20                    ,BOLSA          ,1,9500.0,0,9500,1,9127218,108,108,108,MASCOTAS                                ,Boyaca,Sogamoso,2025-Marzo,<$50K,3
2025,Marzo,9127218,20106,SUPER POLLO ENGORDE DORADO         ,BULTO          ,1,112000.0,0,112000,1,9127218,201,201,101,AVICULTURA                              ,Boyaca,Sogamoso,2025-Marzo,$100K-$250K,3
2025,Marzo,9127218,20202,SUPER HUEVO PREPICO                ,BULTO          ,1,82000.0,0,82000,1,9127218,202,202,101,AVICULTURA                              ,Boyaca,Sogamoso,2025-Marzo,$50K-$100K,3
2025,Marzo,9127218,20203,SUPER HUEVO PREPICO 100            ,BULTO          ,50,87000.0,0,4350000,1,9127218,202,202,101,AVICULTURA                              ,Boyaca,Sogamoso,2025-Marzo,>$1M,3
2025,Marzo,9127218,20505,ITAL LECHE PELLET                  ,BULTO          ,2,60000.0,0,120000,1,9127218,205,205,205,GANADERIA                               ,Boyaca,Sogamoso,2025-Marzo,$100K-$250K,3
2025,Marzo,9127218,20700,MOJARRA 34 EXTR                    ,BULTO          ,1,148000.0,0,148000,1,9127218,207,207,207,ACUACULTURA                             ,Boyaca,Sogamoso,2025-Marzo,$100K-$250K,3
2025,Marzo,9127218,60827,MONELLO RAZA PEQUEÑA X 1KG         ,BOLSA          ,1,17000.0,0,17000,1,9127218,608,608,608,MASCOTAS                                ,Boyaca,Sogamoso,2025-Marzo,<$50K,3
2025,Marzo,9127218,61082,MELAZA X 1KG                       ,BOLSA          ,1,7000.0,0,7000,1,9127218,610,610,610,DROGA VETERINARIA                       ,Boyaca,Sogamoso,2025-Marzo,<$50K,3
2025,Marzo,9127218,61218,MONELLO TRADICIONAL 25KG           ,BULTO          ,1,268000.0,0,268000,1,9127218,612,612,612,MASCOTAS                                ,Boyaca,Sogamoso,2025-Marzo,$250K-$500K,3
2024,Octubre,4117002,10202,INICIACION CERDOS                  ,BULTO          ,12,115000.0,0,1380000,1,4117002,102,102,102,PORCICULTURA                            ,Boyaca,Firavitoba,2024-Octubre,>$1M,10
2024,Octubre,4117002,10203,MAXI LECHONES   R                  ,BULTO          ,14,94000.0,0,1316000,1,4117002,102,102,102,PORCICULTURA                            ,Boyaca,Firavitoba,2024-Octubre,>$1M,10
2024,Octubre,4117002,10207,MAXI CERDOS FINALIZADOR            ,BULTO          ,10,92000.0,0,920000,1,4117002,102,102,102,PORCICULTURA                            ,Boyaca,Firavitoba,2024-Octubre,$500K-$1M,10
2024,Octubre,4117002,10211,MAXI CERDAS GESTACION   R          ,BULTO          ,14,84000.0,0,1176000,1,4117002,102,102,102,PORCICULTURA                            ,Boyaca,Firavitoba,2024-Octubre,>$1M,10
2024,Octubre,4117002,10213,CERDAS LACTANCIA PRIMERIZAS        ,BULTO          ,4,97000.0,0,388000,1,4117002,102,102,102,PORCICULTURA                            ,Boyaca,Firavitoba,2024-Octubre,$250K-$500K,10
2024,Octubre,4123343,10123,PONEDORA EXTRA I C                 ,BULTO          ,1,82000.0,0,82000,1,4123343,101,101,101,AVICULTURA                              ,Boyaca,Sogamoso,2024-Octubre,$50K-$100K,10
2024,Octubre,4123343,30102,NUTRECAN BABIES 8KG                ,BULTO          ,1,65000.0,0,65000,1,4123343,301,301,108,MASCOTAS                                ,Boyaca,Sogamoso,2024-Octubre,$50K-$100K,10
2024,Octubre,4123343,61200,CHUNKY ADULTOS 25KG                ,BULTO          ,1,163000.0,0,163000,1,4123343,612,612,612,MASCOTAS                                ,Boyaca,Sogamoso,2024-Octubre,$100K-$250K,10
2024,Octubre,4210992,10400,POTROS  CINTA AZUL                 ,BULTO          ,3,91666.67,0,275000,2,4210992,104,104,104,EQUINOS                                 ,Boyaca,Sogamoso,2024-Octubre,$250K-$500K,10
2024,Octubre,4210992,10402,CINTA AZUL  ADULTOS                ,BULTO          ,3,80000.0,0,240000,3,4210992,104,104,104,EQUINOS                                 ,Boyaca,Sogamoso,2024-Octubre,$100K-$250K,10
2024,Octubre,4210992,10507,PRELACTANCIA                       ,BULTO          ,1,75000.0,0,75000,1,4210992,105,105,105,GANADERIA                               ,Boyaca,Sogamoso,2024-Octubre,$50K-$100K,10
2024,Octubre,4210992,10842,MIRRINGO 8KG                       ,BULTO          ,1,9500.0,0,9500,1,4210992,108,108,108,MASCOTAS                                ,Boyaca,Sogamoso,2024-Octubre,<$50K,10
2024,Octubre,4272458,10515,NOVILLOS CEBA P                    ,BULTO          ,1,78000.0,0,78000,1,4272458,105,105,105,GANADERIA                               ,Boyaca,Sogamoso,2024-Octubre,$50K-$100K,10
2024,Octubre,4272458,50117,FIBRAMIX PELETIZADO                ,BULTO          ,1,58000.0,0,58000,1,4272458,501,501,105,GANADERIA                               ,Boyaca,Sogamoso,2024-Octubre,$50K-$100K,10
2024,Octubre,7125529,10833,FILPO ADULTO 30KG                  ,BULTO          ,2,107000.0,0,214000,2,7125529,108,108,108,MASCOTAS                                ,Boyaca,Sogamoso,2024-Octubre,$100K-$250K,10
2024,Octubre,7125529,50206,SUPERCAN CROQUETAS 30KG            ,BULTO          ,1,128000.0,0,128000,1,7125529,502,502,502,MASCOTAS                                ,Boyaca,Sogamoso,2024-Octubre,$100K-$250K,10
2024,Octubre,7125529,60129,RATAQUILL SOBRE 10G*70             ,SOBRE          ,1,10000.0,0,10000,1,7125529,601,601,610,DROGA VETERINARIA                       ,Boyaca,Sogamoso,2024-Octubre,<$50K,10
2024,Octubre,7126611,20608,PODIUM                             ,BULTO          ,2,78000.0,0,156000,1,7126611,206,206,206,EQUINOS                                 ,Boyaca,Sogamoso,2024-Octubre,$100K-$250K,10
2024,Octubre,9399579,10833,FILPO ADULTO 30KG                  ,BULTO          ,1,107000.0,0,107000,1,9399579,108,108,108,MASCOTAS                                ,Boyaca,Sogamoso,2024-Octubre,$100K-$250K,10
2024,Octubre,9524221,20304,CERDO FINALIZADOR NARANJA          ,BULTO          ,3,89333.33,0,268000,2,9524221,203,203,203,PORCICULTURA                            ,Boyaca,Sogamoso,2024-Octubre,$250K-$500K,10
2024,Octubre,9524221,20307,CERDO LEVANTE                      ,BULTO          ,1,84000.0,0,84000,1,9524221,203,203,203,PORCICULTURA                            ,Boyaca,Sogamoso,2024-Octubre,$50K-$100K,10
2024,Octubre,9524221,20704,MOJARRA 20 EXTR                    ,BULTO          ,1,110000.0,0,110000,1,9524221,207,207,207,ACUACULTURA                             ,Boyaca,Sogamoso,2024-Octubre,$100K-$250K,10
2024,Octubre,9525427,20503,CREMOSA                            ,BULTO          ,30,68000.0,0,2040000,1,9525427,205,205,205,GANADERIA                               ,Boyaca,Sogamoso,2024-Octubre,>$1M,10
2024,Octubre,9525427,20505,ITAL LECHE PELLET                  ,BULTO          ,30,75000.0,0,2250000,1,9525427,205,205,205,GANADERIA                               ,Boyaca,Sogamoso,2024-Octubre,>$1M,10
2024,Octubre,9525427,20600,EQUINOS                            ,BULTO          ,15,90000.0,0,1350000,1,9525427,206,206,206,EQUINOS                                 ,Boyaca,Sogamoso,2024-Octubre,>$1M,10
2024,Octubre,9525427,20607,MULTIFORRAJE EQUINO                ,BULTO          ,30,84000.0,0,2520000,1,9525427,206,206,206,EQUINOS                                 ,Boyaca,Sogamoso,2024-Octubre,>$1M,10
2024,Octubre,9525427,20608,PODIUM                             ,BULTO          ,25,85000.0,0,2125000,1,9525427,206,206,206,EQUINOS                                 ,Boyaca,Sogamoso,2024-Octubre,>$1M,10
2024,Octubre,9527933,10600,CERDOS LEVANTE P TULIPAN           ,BULTO          ,1,58000.0,0,58000,1,9527933,106,106,102,PORCICULTURA                            ,Boyaca,Sogamoso,2024-Octubre,$50K-$100K,10
2024,Octubre,9527933,10602,FORRAJE GANADERIA H TULIPAN        ,BULTO          ,1,58000.0,0,58000,1,9527933,106,106,105,GANADERIA                               ,Boyaca,Sogamoso,2024-Octubre,$50K-$100K,10
2024,Octubre,9527933,10603,FORRAJE GANADERIA P TULIPAN        ,BULTO          ,1,58000.0,0,58000,1,9527933,106,106,105,GANADERIA                               ,Boyaca,Sogamoso,2024-Octubre,$50K-$100K,10
2024,Octubre,9527933,10824,RINGO PREMIUM 30KG                 ,BULTO          ,1,30000.0,0,30000,1,9527933,108,108,108,MASCOTAS                                ,Boyaca,Sogamoso,2024-Octubre,<$50K,10
2024,Octubre,9527933,30117,NUTRECAN SENIOR 2K*8               ,BOLSA          ,1,32000.0,0,32000,1,9527933,301,301,108,MASCOTAS                                ,Boyaca,Sogamoso,2024-Octubre,<$50K,10
2024,Octubre,9527933,50201,RAZA PERROS 30KG                   ,BULTO          ,4,105000.0,0,420000,4,9527933,502,502,502,MASCOTAS                                ,Boyaca,Sogamoso,2024-Octubre,$250K-$500K,10
2024,Octubre,9531884,10826,RINGO CROQUETAS 20KG               ,BULTO          ,1,90000.0,0,90000,1,9531884,108,108,108,MASCOTAS                                ,Boyaca,Sogamoso,2024-Octubre,$50K-$100K,10
2024,Octubre,9534538,20302,CERDO LEVANTE 1 NARANJA            ,BULTO          ,3,91000.0,0,273000,2,9534538,203,203,203,PORCICULTURA                            ,Boyaca,Sogamoso,2024-Octubre,$250K-$500K,10
2024,Octubre,9534538,30123,NUTRECAN CROQUETAS CACHORROS 15KG  ,BULTO          ,2,123000.0,0,246000,2,9534538,301,301,108,MASCOTAS                                ,Boyaca,Sogamoso,2024-Octubre,$100K-$250K,10
2024,Octubre,17037305,10500,TERNERAS LEVANTE                   ,BULTO          ,3,92000.0,0,276000,1,17037305,105,105,105,GANADERIA                               ,Boyaca,Sogamoso,2024-Octubre,$250K-$500K,10
2024,Octubre,17037305,10833,FILPO ADULTO 30KG                  ,BULTO          ,2,112000.0,0,224000,1,17037305,108,108,108,MASCOTAS                                ,Boyaca,Sogamoso,2024-Octubre,$100K-$250K,10
2024,Octubre,17037305,20503,CREMOSA                            ,BULTO          ,14,65000.0,0,910000,1,17037305,205,205,205,GANADERIA                               ,Boyaca,Sogamoso,2024-Octubre,$500K-$1M,10
2024,Octubre,17037305,60504,SAL 11% X 40KG                     ,BOLSA          ,3,77000.0,0,231000,1,17037305,605,605,605,SALES                                   ,Boyaca,Sogamoso,2024-Octubre,$100K-$250K,10
2024,Octubre,17580559,10120,MAXI HUEVO H                       ,BULTO          ,30,84000.0,0,2520000,1,17580559,101,101,101,AVICULTURA                              ,Boyaca,Tasco,2024-Octubre,>$1M,10
2024,Octubre,17580559,20203,SUPER HUEVO PREPICO 100            ,BULTO          ,200,83000.0,0,16600000,1,17580559,202,202,101,AVICULTURA                              ,Boyaca,Tasco,2024-Octubre,>$1M,10
2024,Octubre,22222222,10101,MAXI POLLITOS H.                   ,BULTO          ,4,91500.0,0,366000,2,22222222,101,101,101,AVICULTURA                              ,Boyaca,Sogamoso,2024-Octubre,$250K-$500K,10
2024,Octubre,22222222,10102,MAXI POLLITOS 1K*20                ,BOLSA          ,1,26000.0,0,26000,1,22222222,101,101,101,AVICULTURA                              ,Boyaca,Sogamoso,2024-Octubre,<$50K,10
2024,Octubre,22222222,10103,MAXI POLLITOS C.                   ,BULTO          ,52,98884.62,0,5142000,8,22222222,101,101,101,AVICULTURA                              ,Boyaca,Sogamoso,2024-Octubre,>$1M,10
2024,Octubre,22222222,10105,POLLITOS INICIACION                ,BULTO          ,10,89000.0,0,890000,1,22222222,101,101,101,AVICULTURA                              ,Boyaca,Sogamoso,2024-Octubre,$500K-$1M,10
2024,Octubre,22222222,10108,MAXI BROILER P                     ,BULTO          ,5,105600.0,0,528000,4,22222222,101,101,101,AVICULTURA                              ,Boyaca,Sogamoso,2024-Octubre,$500K-$1M,10
2024,Octubre,22222222,10109,MAXI BROILER PIGMENTO C            ,BULTO          ,58,105862.07,0,6140000,23,22222222,101,101,101,AVICULTURA                              ,Boyaca,Sogamoso,2024-Octubre,>$1M,10
2024,Octubre,22222222,10112,BROILER P                          ,BULTO          ,82,104243.9,0,8548000,15,22222222,101,101,101,AVICULTURA                              ,Boyaca,Sogamoso,2024-Octubre,>$1M,10
2024,Octubre,22222222,10113,POLLO CAMPESINO C 1K*20            ,BOLSA          ,10,17500.0,0,175000,2,22222222,101,101,101,AVICULTURA                              ,Boyaca,Sogamoso,2024-Octubre,$100K-$250K,10
2024,Octubre,22222222,10115,POLLO CAMPESINO P 1K*20            ,BOLSA          ,2,40000.0,0,80000,1,22222222,101,101,101,AVICULTURA                              ,Boyaca,Sogamoso,2024-Octubre,$50K-$100K,10
2024,Octubre,22222222,10118,POLLAS                             ,BULTO          ,29,91724.14,0,2660000,3,22222222,101,101,101,AVICULTURA                              ,Boyaca,Sogamoso,2024-Octubre,>$1M,10
2024,Octubre,22222222,10120,MAXI HUEVO H                       ,BULTO          ,7,84000.0,0,588000,6,22222222,101,101,101,AVICULTURA                              ,Boyaca,Sogamoso,2024-Octubre,$500K-$1M,10
2024,Octubre,22222222,10121,MAXI HUEVO C                       ,BULTO          ,279,85086.02,0,23739000,44,22222222,101,101,101,AVICULTURA                              ,Boyaca,Sogamoso,2024-Octubre,>$1M,10
2024,Octubre,22222222,10122,PONEDORA EXTRA I C 1K*20           ,BOLSA          ,1,40000.0,0,40000,1,22222222,101,101,101,AVICULTURA                              ,Boyaca,Sogamoso,2024-Octubre,<$50K,10
2024,Octubre,22222222,10123,PONEDORA EXTRA I C                 ,BULTO          ,92,83586.96,0,7690000,18,22222222,101,101,101,AVICULTURA                              ,Boyaca,Sogamoso,2024-Octubre,>$1M,10
2024,Octubre,22222222,10125,PONEDORA EXTRA I P                 ,BULTO          ,1,84000.0,0,84000,1,22222222,101,101,101,AVICULTURA                              ,Boyaca,Sogamoso,2024-Octubre,$50K-$100K,10
2024,Octubre,22222222,10133,CODORNICES CONTEGRAL               ,BULTO          ,73,99835.62,0,7288000,5,22222222,101,101,101,AVICULTURA                              ,Boyaca,Sogamoso,2024-Octubre,>$1M,10
2024,Octubre,22222222,10202,INICIACION CERDOS                  ,BULTO          ,3,116000.0,0,348000,3,22222222,102,102,102,PORCICULTURA                            ,Boyaca,Sogamoso,2024-Octubre,$250K-$500K,10
2024,Octubre,22222222,10204,MAXI LECHONES                      ,BULTO          ,30,94666.67,0,2840000,6,22222222,102,102,102,PORCICULTURA                            ,Boyaca,Sogamoso,2024-Octubre,>$1M,10
2024,Octubre,22222222,10205,CERDOS LEVANTE                     ,BULTO          ,3,83333.33,0,250000,2,22222222,102,102,102,PORCICULTURA                            ,Boyaca,Sogamoso,2024-Octubre,$100K-$250K,10
2024,Octubre,22222222,10207,MAXI CERDOS FINALIZADOR            ,BULTO          ,17,95764.71,0,1628000,2,22222222,102,102,102,PORCICULTURA                            ,Boyaca,Sogamoso,2024-Octubre,>$1M,10
2024,Octubre,22222222,10209,CERDOS ENGORDE                     ,BULTO          ,15,74000.0,0,1110000,1,22222222,102,102,102,PORCICULTURA                            ,Boyaca,Sogamoso,2024-Octubre,>$1M,10
2024,Octubre,22222222,10212,MAXI CERDAS GESTACION              ,BULTO          ,30,87733.33,0,2632000,7,22222222,102,102,102,PORCICULTURA                            ,Boyaca,Sogamoso,2024-Octubre,>$1M,10
2024,Octubre,22222222,10214,MAXI CERDAS LACTANCIA              ,BULTO          ,25,93600.0,0,2340000,5,22222222,102,102,102,PORCICULTURA                            ,Boyaca,Sogamoso,2024-Octubre,>$1M,10
2024,Octubre,22222222,10300,"MAXI PECES 38 1,8 E                ",BULTO          ,11,157818.18,0,1736000,2,22222222,103,103,103,ACUACULTURA                             ,Boyaca,Sogamoso,2024-Octubre,>$1M,10
2024,Octubre,22222222,10301,"MAXI PECES 32 2,5 E                ",BULTO          ,25,135960.0,0,3399000,6,22222222,103,103,103,ACUACULTURA                             ,Boyaca,Sogamoso,2024-Octubre,>$1M,10
2024,Octubre,22222222,10303,PECES 25                           ,BULTO          ,8,120000.0,0,960000,1,22222222,103,103,103,ACUACULTURA                             ,Boyaca,Sogamoso,2024-Octubre,$500K-$1M,10
2024,Octubre,22222222,10304,"MAXI TRUCHAS 45 SP 1,8 E           ",BULTO          ,37,211621.62,0,7830000,5,22222222,103,103,103,ACUACULTURA                             ,Boyaca,Sogamoso,2024-Octubre,>$1M,10
2024,Octubre,22222222,10305,"MAXI TRUCHAS 45 SP 3,5 E           ",BULTO          ,21,209428.57,0,4398000,5,22222222,103,103,103,ACUACULTURA                             ,Boyaca,Sogamoso,2024-Octubre,>$1M,10
2024,Octubre,22222222,10306,TRUCHAS 40 CP E                    ,BULTO          ,89,219123.6,0,19502000,6,22222222,103,103,103,ACUACULTURA                             ,Boyaca,Sogamoso,2024-Octubre,>$1M,10
2024,Octubre,22222222,10400,POTROS  CINTA AZUL                 ,BULTO          ,3,85000.0,0,255000,3,22222222,104,104,104,EQUINOS                                 ,Boyaca,Sogamoso,2024-Octubre,$250K-$500K,10
2024,Octubre,22222222,10401,YEGUAS                             ,BULTO          ,4,82000.0,0,328000,3,22222222,104,104,104,EQUINOS                                 ,Boyaca,Sogamoso,2024-Octubre,$250K-$500K,10
2024,Octubre,22222222,10403,CORCEL                             ,BULTO          ,8,70750.0,0,566000,7,22222222,104,104,104,EQUINOS                                 ,Boyaca,Sogamoso,2024-Octubre,$500K-$1M,10
2024,Octubre,22222222,10404,RODEO FIBRA H X30KG                ,BULTO          ,1,63000.0,0,63000,1,22222222,104,104,104,EQUINOS                                 ,Boyaca,Sogamoso,2024-Octubre,$50K-$100K,10
2024,Octubre,22222222,10500,TERNERAS LEVANTE                   ,BULTO          ,29,91206.9,0,2645000,6,22222222,105,105,105,GANADERIA                               ,Boyaca,Sogamoso,2024-Octubre,>$1M,10
2024,Octubre,22222222,10501,NOVILLONAS                         ,BULTO          ,47,82106.38,0,3859000,13,22222222,105,105,105,GANADERIA                               ,Boyaca,Sogamoso,2024-Octubre,>$1M,10
2024,Octubre,22222222,10504,CONTELAC 14%                       ,BULTO          ,178,76988.76,0,13704000,14,22222222,105,105,105,GANADERIA                               ,Boyaca,Sogamoso,2024-Octubre,>$1M,10
2024,Octubre,22222222,10506,CONTELAC 18%                       ,BULTO          ,123,84349.59,0,10375000,10,22222222,105,105,105,GANADERIA                               ,Boyaca,Sogamoso,2024-Octubre,>$1M,10
2024,Octubre,22222222,10507,PRELACTANCIA                       ,BULTO          ,10,75000.0,0,750000,8,22222222,105,105,105,GANADERIA                               ,Boyaca,Sogamoso,2024-Octubre,$500K-$1M,10
2024,Octubre,22222222,10515,NOVILLOS CEBA P                    ,BULTO          ,23,78000.0,0,1794000,18,22222222,105,105,105,GANADERIA                               ,Boyaca,Sogamoso,2024-Octubre,>$1M,10
2024,Octubre,22222222,10518,MAXI SAL 6%  H                     ,BULTO          ,1,22000.0,0,22000,1,22222222,105,105,105,GANADERIA                               ,Boyaca,Sogamoso,2024-Octubre,<$50K,10
2024,Octubre,22222222,10602,FORRAJE GANADERIA H TULIPAN        ,BULTO          ,2,58000.0,0,116000,1,22222222,106,106,105,GANADERIA                               ,Boyaca,Sogamoso,2024-Octubre,$100K-$250K,10
2024,Octubre,22222222,10603,FORRAJE GANADERIA P TULIPAN        ,BULTO          ,231,78398.27,0,18110000,21,22222222,106,106,105,GANADERIA                               ,Boyaca,Sogamoso,2024-Octubre,>$1M,10
2024,Octubre,22222222,10700,CONEJOS 1K*20                      ,BOLSA          ,11,6545.45,0,72000,2,22222222,107,107,107,CONEJOS                                 ,Boyaca,Sogamoso,2024-Octubre,$50K-$100K,10
2024,Octubre,22222222,10701,CONEJOS                            ,BULTO          ,63,85523.81,0,5388000,32,22222222,107,107,107,CONEJOS                                 ,Boyaca,Sogamoso,2024-Octubre,>$1M,10
2024,Octubre,22222222,10806,NUTRISS ADULTOS CARNE Y VEG 20KG   ,BULTO          ,1,117000.0,0,117000,1,22222222,108,108,108,MASCOTAS                                ,Boyaca,Sogamoso,2024-Octubre,$100K-$250K,10
2024,Octubre,22222222,10809,NUTRISS ADULTOS CARNE Y VEG  30KG  ,BULTO          ,15,168000.0,0,2520000,4,22222222,108,108,108,MASCOTAS                                ,Boyaca,Sogamoso,2024-Octubre,>$1M,10
2024,Octubre,22222222,10811,NUTRISS ADULTOS POLLO Y VEG 20KG   ,BULTO          ,1,116000.0,0,116000,1,22222222,108,108,108,MASCOTAS                                ,Boyaca,Sogamoso,2024-Octubre,$100K-$250K,10
2024,Octubre,22222222,10814,NUTRISS ADULTOS POLLO Y VEG 30KG   ,BULTO          ,2,160000.0,0,320000,2,22222222,108,108,108,MASCOTAS                                ,Boyaca,Sogamoso,2024-Octubre,$250K-$500K,10
2024,Octubre,22222222,10816,RINGO CACHORROS 15KG               ,BULTO          ,1,80000.0,0,80000,1,22222222,108,108,108,MASCOTAS                                ,Boyaca,Sogamoso,2024-Octubre,$50K-$100K,10
2024,Octubre,22222222,10818,RINGO CACHORROS 2K*5               ,BOLSA          ,2,15000.0,0,30000,1,22222222,108,108,108,MASCOTAS                                ,Boyaca,Sogamoso,2024-Octubre,<$50K,10
2024,Octubre,22222222,10819,RINGO CACHORROS 30KG               ,BULTO          ,2,148500.0,0,297000,2,22222222,108,108,108,MASCOTAS                                ,Boyaca,Sogamoso,2024-Octubre,$250K-$500K,10
2024,Octubre,22222222,10821,RINGO PREMIUM 20KG                 ,BULTO          ,1,107000.0,0,107000,1,22222222,108,108,108,MASCOTAS                                ,Boyaca,Sogamoso,2024-Octubre,$100K-$250K,10
2024,Octubre,22222222,10824,RINGO PREMIUM 30KG                 ,BULTO          ,86,153302.33,0,13184000,28,22222222,108,108,108,MASCOTAS                                ,Boyaca,Sogamoso,2024-Octubre,>$1M,10
2024,Octubre,22222222,10826,RINGO CROQUETAS 20KG               ,BULTO          ,4,90000.0,0,360000,4,22222222,108,108,108,MASCOTAS                                ,Boyaca,Sogamoso,2024-Octubre,$250K-$500K,10
2024,Octubre,22222222,10829,RINGO CROQUETAS 30KG               ,BULTO          ,104,128990.38,0,13415000,36,22222222,108,108,108,MASCOTAS                                ,Boyaca,Sogamoso,2024-Octubre,>$1M,10
2024,Octubre,22222222,10830,FILPO CACHORROS 10KG               ,BULTO          ,1,62000.0,0,62000,1,22222222,108,108,108,MASCOTAS                                ,Boyaca,Sogamoso,2024-Octubre,$50K-$100K,10
2024,Octubre,22222222,10831,FILPO ADULTO 10KG                  ,BULTO          ,10,39800.0,0,398000,10,22222222,108,108,108,MASCOTAS                                ,Boyaca,Sogamoso,2024-Octubre,$250K-$500K,10
2024,Octubre,22222222,10833,FILPO ADULTO 30KG                  ,BULTO          ,109,107330.28,0,11699000,61,22222222,108,108,108,MASCOTAS                                ,Boyaca,Sogamoso,2024-Octubre,>$1M,10
2024,Octubre,22222222,10842,MIRRINGO 8KG                       ,BULTO          ,13,67000.0,0,871000,12,22222222,108,108,108,MASCOTAS                                ,Boyaca,Sogamoso,2024-Octubre,$500K-$1M,10
2024,Octubre,22222222,10854,MIRRINGO ARENA 10 KG               ,BOLSA          ,3,50000.0,0,150000,3,22222222,108,108,108,MASCOTAS                                ,Boyaca,Sogamoso,2024-Octubre,$100K-$250K,10
2024,Octubre,22222222,20100,SUPER POLLITO INICIACION GRANJA    ,BULTO          ,15,85866.67,0,1288000,4,22222222,201,201,101,AVICULTURA                              ,Boyaca,Sogamoso,2024-Octubre,>$1M,10
2024,Octubre,22222222,20104,SUPER POLLO ENGORDE GRANJA         ,BULTO          ,20,96850.0,0,1937000,5,22222222,201,201,101,AVICULTURA                              ,Boyaca,Sogamoso,2024-Octubre,>$1M,10
2024,Octubre,22222222,20106,SUPER POLLO ENGORDE DORADO         ,BULTO          ,2,106000.0,0,212000,2,22222222,201,201,101,AVICULTURA                              ,Boyaca,Sogamoso,2024-Octubre,$100K-$250K,10
2024,Octubre,22222222,20108,POLLO CRIOLLO P                    ,BULTO          ,92,87010.87,0,8005000,7,22222222,201,201,101,AVICULTURA                              ,Boyaca,Sogamoso,2024-Octubre,>$1M,10
2024,Octubre,22222222,20109,POLLO CRIOLLO Q                    ,BULTO          ,23,77521.74,0,1783000,4,22222222,201,201,101,AVICULTURA                              ,Boyaca,Sogamoso,2024-Octubre,>$1M,10
2024,Octubre,22222222,20201,POLLA LEVANTE                      ,BULTO          ,1,86000.0,0,86000,1,22222222,202,202,101,AVICULTURA                              ,Boyaca,Sogamoso,2024-Octubre,$50K-$100K,10
2024,Octubre,22222222,20202,SUPER HUEVO PREPICO                ,BULTO          ,104,81230.77,0,8448000,27,22222222,202,202,101,AVICULTURA                              ,Boyaca,Sogamoso,2024-Octubre,>$1M,10
2024,Octubre,22222222,20203,SUPER HUEVO PREPICO 100            ,BULTO          ,254,87330.71,0,22182000,33,22222222,202,202,101,AVICULTURA                              ,Boyaca,Sogamoso,2024-Octubre,>$1M,10
2024,Octubre,22222222,20205,PONEDORA CAMPESINA                 ,BULTO          ,14,73142.86,0,1024000,5,22222222,202,202,101,AVICULTURA                              ,Boyaca,Sogamoso,2024-Octubre,>$1M,10
2024,Octubre,22222222,20301,CERDITOS INICIACION NARANJA        ,BULTO          ,3,116000.0,0,348000,2,22222222,203,203,203,PORCICULTURA                            ,Boyaca,Sogamoso,2024-Octubre,$250K-$500K,10
2024,Octubre,22222222,20302,CERDO LEVANTE 1 NARANJA            ,BULTO          ,172,90877.91,0,15631000,38,22222222,203,203,203,PORCICULTURA                            ,Boyaca,Sogamoso,2024-Octubre,>$1M,10
2024,Octubre,22222222,20303,CERDO ENGORDE NARANJA              ,BULTO          ,8,88000.0,0,704000,5,22222222,203,203,203,PORCICULTURA                            ,Boyaca,Sogamoso,2024-Octubre,$500K-$1M,10
2024,Octubre,22222222,20304,CERDO FINALIZADOR NARANJA          ,BULTO          ,3,89666.67,0,269000,3,22222222,203,203,203,PORCICULTURA                            ,Boyaca,Sogamoso,2024-Octubre,$250K-$500K,10
2024,Octubre,22222222,20305,CERDA GESTACION NARANJA            ,BULTO          ,61,93934.43,0,5730000,6,22222222,203,203,203,PORCICULTURA                            ,Boyaca,Sogamoso,2024-Octubre,>$1M,10
2024,Octubre,22222222,20306,CERDA LACTANCIA NARANJA            ,BULTO          ,11,92818.18,0,1021000,2,22222222,203,203,203,PORCICULTURA                            ,Boyaca,Sogamoso,2024-Octubre,>$1M,10
2024,Octubre,22222222,20307,CERDO LEVANTE                      ,BULTO          ,187,88703.21,0,16587500,37,22222222,203,203,203,PORCICULTURA                            ,Boyaca,Sogamoso,2024-Octubre,>$1M,10
2024,Octubre,22222222,20308,CERDO ENGORDE                      ,BULTO          ,186,84413.98,0,15701000,19,22222222,203,203,203,PORCICULTURA                            ,Boyaca,Sogamoso,2024-Octubre,>$1M,10
2024,Octubre,22222222,20503,CREMOSA                            ,BULTO          ,191,82272.25,0,15714000,13,22222222,205,205,205,GANADERIA                               ,Boyaca,Sogamoso,2024-Octubre,>$1M,10
2024,Octubre,22222222,20505,ITAL LECHE PELLET                  ,BULTO          ,272,81474.26,0,22161000,24,22222222,205,205,205,GANADERIA                               ,Boyaca,Sogamoso,2024-Octubre,>$1M,10
2024,Octubre,22222222,20600,EQUINOS                            ,BULTO          ,31,79838.71,0,2475000,6,22222222,206,206,206,EQUINOS                                 ,Boyaca,Sogamoso,2024-Octubre,>$1M,10
2024,Octubre,22222222,20603,BRIO YEGUAS                        ,BULTO          ,1,83000.0,0,83000,1,22222222,206,206,206,EQUINOS                                 ,Boyaca,Sogamoso,2024-Octubre,$50K-$100K,10
2024,Octubre,22222222,20604,BRIO POTROS                        ,BULTO          ,1,84000.0,0,84000,1,22222222,206,206,206,EQUINOS                                 ,Boyaca,Sogamoso,2024-Octubre,$50K-$100K,10
2024,Octubre,22222222,20606,FURIA TOTAL                        ,BULTO          ,46,74086.96,0,3408000,12,22222222,206,206,206,EQUINOS                                 ,Boyaca,Sogamoso,2024-Octubre,>$1M,10
2024,Octubre,22222222,20607,MULTIFORRAJE EQUINO                ,BULTO          ,2,64000.0,0,128000,2,22222222,206,206,206,EQUINOS                                 ,Boyaca,Sogamoso,2024-Octubre,$100K-$250K,10
2024,Octubre,22222222,20608,PODIUM                             ,BULTO          ,20,81750.0,0,1635000,6,22222222,206,206,206,EQUINOS                                 ,Boyaca,Sogamoso,2024-Octubre,>$1M,10
2024,Octubre,22222222,20700,MOJARRA 34 EXTR                    ,BULTO          ,2,143500.0,0,287000,2,22222222,207,207,207,ACUACULTURA                             ,Boyaca,Sogamoso,2024-Octubre,$250K-$500K,10
2024,Octubre,22222222,20704,MOJARRA 20 EXTR                    ,BULTO          ,5,110400.0,0,552000,3,22222222,207,207,207,ACUACULTURA                             ,Boyaca,Sogamoso,2024-Octubre,$500K-$1M,10
2024,Octubre,22222222,20705,TRUCHA INICIACION 50               ,BULTO          ,7,75285.71,0,527000,3,22222222,207,207,207,ACUACULTURA                             ,Boyaca,Sogamoso,2024-Octubre,$500K-$1M,10
2024,Octubre,22222222,20706,TRUCHA LEVANTE 40                  ,BULTO          ,60,189500.0,0,11370000,15,22222222,207,207,207,ACUACULTURA                             ,Boyaca,Sogamoso,2024-Octubre,>$1M,10
2024,Octubre,22222222,20707,TRUCHA FINALIZACION 40             ,BULTO          ,166,207385.54,0,34426000,32,22222222,207,207,207,ACUACULTURA                             ,Boyaca,Sogamoso,2024-Octubre,>$1M,10
2024,Octubre,22222222,30104,NUTRECAN ADULTOS RAZAS PEQUE 2K*8  ,BOLSA          ,1,23000.0,0,23000,1,22222222,301,301,108,MASCOTAS                                ,Boyaca,Sogamoso,2024-Octubre,<$50K,10
2024,Octubre,22222222,30108,NUTRECAN ADULTOS RM Y RG 2K*8      ,BOLSA          ,2,19000.0,0,38000,1,22222222,301,301,108,MASCOTAS                                ,Boyaca,Sogamoso,2024-Octubre,<$50K,10
2024,Octubre,22222222,30110,NUTRECAN ADULTOS RM Y RG 8KG       ,BULTO          ,1,74000.0,0,74000,1,22222222,301,301,108,MASCOTAS                                ,Boyaca,Sogamoso,2024-Octubre,$50K-$100K,10
2024,Octubre,22222222,30112,NUTRECAN ADULTOS RM Y RG 25KG      ,BULTO          ,1,223000.0,0,223000,1,22222222,301,301,108,MASCOTAS                                ,Boyaca,Sogamoso,2024-Octubre,$100K-$250K,10
2024,Octubre,22222222,30117,NUTRECAN SENIOR 2K*8               ,BOLSA          ,1,97000.0,0,97000,1,22222222,301,301,108,MASCOTAS                                ,Boyaca,Sogamoso,2024-Octubre,$50K-$100K,10
2024,Octubre,22222222,30118,NUTRECAN SENIOR 8KG                ,BULTO          ,3,88666.67,0,266000,2,22222222,301,301,108,MASCOTAS                                ,Boyaca,Sogamoso,2024-Octubre,$250K-$500K,10
2024,Octubre,22222222,30123,NUTRECAN CROQUETAS CACHORROS 15KG  ,BULTO          ,1,97000.0,0,97000,1,22222222,301,301,108,MASCOTAS                                ,Boyaca,Sogamoso,2024-Octubre,$50K-$100K,10
2024,Octubre,22222222,30126,NUTRECAN CROQUETAS ADULTOS 15KG    ,BULTO          ,6,96500.0,0,579000,6,22222222,301,301,108,MASCOTAS                                ,Boyaca,Sogamoso,2024-Octubre,$500K-$1M,10
2024,Octubre,22222222,30134,NUTRECAN CAMPO 8KG                 ,BULTO          ,1,52000.0,0,52000,1,22222222,301,301,108,MASCOTAS                                ,Boyaca,Sogamoso,2024-Octubre,$50K-$100K,10
2024,Octubre,22222222,30135,NUTRECAN CAMPO 25KG                ,BULTO          ,1,165000.0,0,165000,1,22222222,301,301,108,MASCOTAS                                ,Boyaca,Sogamoso,2024-Octubre,$100K-$250K,10
2024,Octubre,22222222,30203,SMART 8KG                          ,BULTO          ,1,77000.0,0,77000,1,22222222,302,302,108,MASCOTAS                                ,Boyaca,Sogamoso,2024-Octubre,$50K-$100K,10
2024,Octubre,22222222,30211,NUTRECAT LIBERTY 8KG               ,BULTO          ,1,92000.0,0,92000,1,22222222,302,302,108,MASCOTAS                                ,Boyaca,Sogamoso,2024-Octubre,$50K-$100K,10
2024,Octubre,22222222,30401,NUTREPOLLO C.                      ,BULTO          ,1,98000.0,0,98000,1,22222222,304,304,304,AVICULTURA                              ,Boyaca,Sogamoso,2024-Octubre,$50K-$100K,10
2024,Octubre,22222222,30503,CHANCHITOS I.C                     ,BULTO          ,64,93515.63,0,5985000,11,22222222,305,305,305,PORCICULTURA                            ,Boyaca,Sogamoso,2024-Octubre,>$1M,10
2024,Octubre,22222222,30506,CHANCHITOS PET                     ,BULTO          ,2,90000.0,0,180000,2,22222222,305,305,305,PORCICULTURA                            ,Boyaca,Sogamoso,2024-Octubre,$100K-$250K,10
2024,Octubre,22222222,30508,FINALIZADOR 70                     ,BULTO          ,19,79000.0,0,1501000,4,22222222,305,305,305,PORCICULTURA                            ,Boyaca,Sogamoso,2024-Octubre,>$1M,10
2024,Octubre,22222222,30600,MANNA EXT                          ,BULTO          ,1,103000.0,0,103000,1,22222222,306,306,306,GANADERIA                               ,Boyaca,Sogamoso,2024-Octubre,$100K-$250K,10
2024,Octubre,22222222,30601,MANNA P                            ,BULTO          ,2,88000.0,0,176000,2,22222222,306,306,306,GANADERIA                               ,Boyaca,Sogamoso,2024-Octubre,$100K-$250K,10
2024,Octubre,22222222,30602,NOVILLAS                           ,BULTO          ,8,75000.0,0,600000,1,22222222,306,306,306,GANADERIA                               ,Boyaca,Sogamoso,2024-Octubre,$500K-$1M,10
2024,Octubre,22222222,30603,PREPARTO                           ,BULTO          ,2,81500.0,0,163000,2,22222222,306,306,306,GANADERIA                               ,Boyaca,Sogamoso,2024-Octubre,$100K-$250K,10
2024,Octubre,22222222,30612,CREMALECHE                         ,BULTO          ,17,95294.12,0,1620000,3,22222222,306,306,306,GANADERIA                               ,Boyaca,Sogamoso,2024-Octubre,>$1M,10
2024,Octubre,22222222,30701,CAMPEON DORADO TEXT                ,BULTO          ,3,97000.0,0,291000,2,22222222,307,307,307,EQUINOS                                 ,Boyaca,Sogamoso,2024-Octubre,$250K-$500K,10
2024,Octubre,22222222,40202,POLLO INICIACION C                 ,BULTO          ,59,89220.34,0,5264000,7,22222222,402,402,402,AVICULTURA                              ,Boyaca,Sogamoso,2024-Octubre,>$1M,10
2024,Octubre,22222222,50112,PONEDORA 18                        ,BULTO          ,1,83000.0,0,83000,1,22222222,501,501,101,AVICULTURA                              ,Boyaca,Sogamoso,2024-Octubre,$50K-$100K,10
2024,Octubre,22222222,50117,FIBRAMIX PELETIZADO                ,BULTO          ,6,58000.0,0,348000,5,22222222,501,501,105,GANADERIA                               ,Boyaca,Sogamoso,2024-Octubre,$250K-$500K,10
2024,Octubre,22222222,50200,RAZA PERROS 10KG                   ,BULTO          ,7,40000.0,0,280000,5,22222222,502,502,502,MASCOTAS                                ,Boyaca,Sogamoso,2024-Octubre,$250K-$500K,10
2024,Octubre,22222222,50201,RAZA PERROS 30KG                   ,BULTO          ,91,112417.58,0,10230000,32,22222222,502,502,502,MASCOTAS                                ,Boyaca,Sogamoso,2024-Octubre,>$1M,10
2024,Octubre,22222222,50214,SUPERCAN DELI CACHORROS 15KG       ,BULTO          ,1,80000.0,0,80000,1,22222222,502,502,502,MASCOTAS                                ,Boyaca,Sogamoso,2024-Octubre,$50K-$100K,10
2024,Octubre,22222222,60127,POMADA BETA-BEST POTE X 400G       ,POTE           ,1,30000.0,0,30000,1,22222222,601,601,610,DROGA VETERINARIA                       ,Boyaca,Sogamoso,2024-Octubre,<$50K,10
2024,Octubre,22222222,60202,CUTAMYCON VF X 35G                 ,CREMA          ,1,24000.0,0,24000,1,22222222,602,602,610,DROGA VETERINARIA                       ,Boyaca,Sogamoso,2024-Octubre,<$50K,10
2024,Octubre,22222222,60209,MATARRAZ X 30ML                    ,FRASCO         ,1,13000.0,0,13000,1,22222222,602,602,610,DROGA VETERINARIA                       ,Boyaca,Sogamoso,2024-Octubre,<$50K,10
2024,Octubre,22222222,60339,TENAZA NARIGUERA                   ,UNIDAD         ,1,15000.0,0,15000,1,22222222,603,603,603,OTROS,Boyaca,Sogamoso,2024-Octubre,<$50K,10
2024,Octubre,22222222,60501,MOCHILA SAL 6%                     ,MOCHILA        ,1,23000.0,0,23000,1,22222222,605,605,605,SALES                                   ,Boyaca,Sogamoso,2024-Octubre,<$50K,10
2024,Octubre,22222222,60502,SAL 11% X 5KG*10                   ,BOLSA          ,2,23000.0,0,46000,2,22222222,605,605,605,SALES                                   ,Boyaca,Sogamoso,2024-Octubre,<$50K,10
2024,Octubre,22222222,60504,SAL 11% X 40KG                     ,BOLSA          ,2,77000.0,0,154000,2,22222222,605,605,605,SALES                                   ,Boyaca,Sogamoso,2024-Octubre,$100K-$250K,10
2024,Octubre,22222222,60507,SAL 6% X 40KG                      ,BOLSA          ,9,65888.89,0,593000,8,22222222,605,605,605,SALES                                   ,Boyaca,Sogamoso,2024-Octubre,$500K-$1M,10
2024,Octubre,22222222,60700,MAIZ NACIONAL X50KG                ,BULTO          ,15,85066.67,0,1276000,13,22222222,607,607,607,MAIZ                                    ,Boyaca,Sogamoso,2024-Octubre,>$1M,10
2024,Octubre,22222222,60701,MAIZ NACIONAL @                    ,BOLSA          ,2,26000.0,0,52000,1,22222222,607,607,607,MAIZ                                    ,Boyaca,Sogamoso,2024-Octubre,$50K-$100K,10
2024,Octubre,22222222,60810,DONKAT GATOS ADULTOS X 7KG         ,BULTO          ,11,73636.36,0,810000,6,22222222,608,608,608,MASCOTAS                                ,Boyaca,Sogamoso,2024-Octubre,$500K-$1M,10
2024,Octubre,22222222,60811,DONKAT GATOS CACHORROS X 500G      ,BOLSA          ,2,12000.0,0,24000,2,22222222,608,608,608,MASCOTAS                                ,Boyaca,Sogamoso,2024-Octubre,<$50K,10
2024,Octubre,22222222,60822,"MONELLO CAT SALMON, ATUN, POLLO X 7",BULTO          ,4,125000.0,0,500000,4,22222222,608,608,608,MASCOTAS                                ,Boyaca,Sogamoso,2024-Octubre,$250K-$500K,10
2024,Octubre,22222222,60823,MONELLO DOG RAZAS PEQUEÑAS X 1KG   ,BOLSA          ,1,17000.0,0,17000,1,22222222,608,608,608,MASCOTAS                                ,Boyaca,Sogamoso,2024-Octubre,<$50K,10
2024,Octubre,22222222,60826,MONELLO CACHORRO X7KG              ,BULTO          ,2,111500.0,0,223000,2,22222222,608,608,608,MASCOTAS                                ,Boyaca,Sogamoso,2024-Octubre,$100K-$250K,10
2024,Octubre,22222222,60828,MONELLO RAZA PEQUEÑA X 7KG         ,BULTO          ,4,97750.0,0,391000,3,22222222,608,608,608,MASCOTAS                                ,Boyaca,Sogamoso,2024-Octubre,$250K-$500K,10
2024,Octubre,22222222,60832,DOG CHOW ADULTOS RAZAS MEDIANAS X 8,BULTO          ,1,110000.0,0,110000,1,22222222,608,608,608,MASCOTAS                                ,Boyaca,Sogamoso,2024-Octubre,$100K-$250K,10
2024,Octubre,22222222,60834,DOG CHOW ADULTO RAZA PEQUEÑA X 8KG ,BULTO          ,8,110000.0,0,880000,1,22222222,608,608,608,MASCOTAS                                ,Boyaca,Sogamoso,2024-Octubre,$500K-$1M,10
2024,Octubre,22222222,60842,DOGOURMET CARNE PARRILLA ADULTO X 2,BULTO          ,1,185000.0,0,185000,1,22222222,608,608,608,MASCOTAS                                ,Boyaca,Sogamoso,2024-Octubre,$100K-$250K,10
2024,Octubre,22222222,60843,DONKAN CARNE CEREALES X 12KG       ,BULTO          ,1,60000.0,0,60000,1,22222222,608,608,608,MASCOTAS                                ,Boyaca,Sogamoso,2024-Octubre,$50K-$100K,10
2024,Octubre,22222222,60848,MONELLO TRADICIONAL X 7KG          ,BULTO          ,5,131600.0,0,658000,4,22222222,608,608,608,MASCOTAS                                ,Boyaca,Sogamoso,2024-Octubre,$500K-$1M,10
2024,Octubre,22222222,60858,SHAMPOO CANAMOR FRASCO             ,FRASCO         ,1,25000.0,0,25000,1,22222222,608,608,608,MASCOTAS                                ,Boyaca,Sogamoso,2024-Octubre,<$50K,10
2024,Octubre,22222222,60881,CHUNKY ADULTO X 9KG                ,BULTO          ,8,67500.0,0,540000,8,22222222,608,608,608,MASCOTAS                                ,Boyaca,Sogamoso,2024-Octubre,$500K-$1M,10
2024,Octubre,22222222,60883,CHUNKY CACHORRO X 9KG              ,BULTO          ,3,78000.0,0,234000,3,22222222,608,608,608,MASCOTAS                                ,Boyaca,Sogamoso,2024-Octubre,$100K-$250K,10
2024,Octubre,22222222,60884,CHUNKY CACHORRO X 18KG             ,BULTO          ,2,148000.0,0,296000,2,22222222,608,608,608,MASCOTAS                                ,Boyaca,Sogamoso,2024-Octubre,$250K-$500K,10
2024,Octubre,22222222,61002,CREOLINA GOLD COOPERS X 470ML      ,FRASCO         ,1,23000.0,0,23000,1,22222222,610,610,610,DROGA VETERINARIA                       ,Boyaca,Sogamoso,2024-Octubre,<$50K,10
2024,Octubre,22222222,61085,MELAZA X 30KG                      ,BULTO          ,2,44000.0,0,88000,2,22222222,610,610,610,DROGA VETERINARIA                       ,Boyaca,Sogamoso,2024-Octubre,$50K-$100K,10
2024,Octubre,22222222,61096,CABANOS PERROS                     ,UNIDAD         ,2,14000.0,0,28000,2,22222222,610,610,610,DROGA VETERINARIA                       ,Boyaca,Sogamoso,2024-Octubre,<$50K,10
2024,Octubre,22222222,61200,CHUNKY ADULTOS 25KG                ,BULTO          ,18,163888.89,0,2950000,9,22222222,612,612,612,MASCOTAS                                ,Boyaca,Sogamoso,2024-Octubre,>$1M,10
2024,Octubre,22222222,61201,ITALCAN CARNE Y VERD 25KG          ,BULTO          ,29,98103.45,0,2845000,14,22222222,612,612,612,MASCOTAS                                ,Boyaca,Sogamoso,2024-Octubre,>$1M,10
2024,Octubre,22222222,61203,ITALCAN PLUS POLLO Y ARROZ 25KG    ,BULTO          ,1,96000.0,0,96000,1,22222222,612,612,612,MASCOTAS                                ,Boyaca,Sogamoso,2024-Octubre,$50K-$100K,10
2024,Octubre,22222222,61205,AGILITY GOLD GRAN CACHORROS 15KG   ,BULTO          ,2,258000.0,0,516000,2,22222222,612,612,612,MASCOTAS                                ,Boyaca,Sogamoso,2024-Octubre,$500K-$1M,10
2024,Octubre,22222222,61206,CHUNKY ADULTO RAZAS PEQUEÑAS 8KG   ,BULTO          ,1,64000.0,0,64000,1,22222222,612,612,612,MASCOTAS                                ,Boyaca,Sogamoso,2024-Octubre,$50K-$100K,10
2024,Octubre,22222222,61207,CHUNKY ADULTO CORDERO 8KG          ,BULTO          ,1,34000.0,0,34000,1,22222222,612,612,612,MASCOTAS                                ,Boyaca,Sogamoso,2024-Octubre,<$50K,10
2024,Octubre,22222222,61210,CHUNKY ADULTO X2KG                 ,BOLSA          ,1,19000.0,0,19000,1,22222222,612,612,612,MASCOTAS                                ,Boyaca,Sogamoso,2024-Octubre,<$50K,10
2024,Octubre,22222222,61218,MONELLO TRADICIONAL 25KG           ,BULTO          ,17,276941.18,0,4708000,7,22222222,612,612,612,MASCOTAS                                ,Boyaca,Sogamoso,2024-Octubre,>$1M,10
2024,Octubre,22222222,61221,NUTRION ADULTO 30KG                ,BULTO          ,1,157000.0,0,157000,1,22222222,612,612,612,MASCOTAS                                ,Boyaca,Sogamoso,2024-Octubre,$100K-$250K,10
2024,Octubre,22222222,61226,BIRBO CACHORRO 7KG                 ,BULTO          ,1,92000.0,0,92000,1,22222222,612,612,612,MASCOTAS                                ,Boyaca,Sogamoso,2024-Octubre,$50K-$100K,10
2024,Octubre,22222222,61229,DONKAT ADULTO X1KG                 ,BOLSA          ,1,12000.0,0,12000,1,22222222,612,612,612,MASCOTAS                                ,Boyaca,Sogamoso,2024-Octubre,<$50K,10
2024,Octubre,22222222,61264,BRAVECTO 20KG-40KG                 ,UNIDAD         ,1,123000.0,0,123000,1,22222222,612,612,612,MASCOTAS                                ,Boyaca,Sogamoso,2024-Octubre,$100K-$250K,10
2024,Octubre,22222222,61280,AGILITY GOLD GRAN ADULT 15 KG      ,BULTO          ,1,247000.0,0,247000,1,22222222,612,612,612,MASCOTAS                                ,Boyaca,Sogamoso,2024-Octubre,$100K-$250K,10
2024,Octubre,22222222,61282,CHUNKY CORDERO 12 KG               ,UNIDAD         ,2,149000.0,0,298000,2,22222222,612,612,612,MASCOTAS                                ,Boyaca,Sogamoso,2024-Octubre,$250K-$500K,10
2024,Octubre,22222222,61298,CHUNKY GATICOS POLLO/CORD X 1.5K   ,BOLSA          ,1,24500.0,0,24500,1,22222222,612,612,612,MASCOTAS                                ,Boyaca,Sogamoso,2024-Octubre,<$50K,10
2024,Octubre,24113253,30118,NUTRECAN SENIOR 8KG                ,BULTO          ,1,90000.0,0,90000,1,24113253,301,301,108,MASCOTAS                                ,Boyaca,Sogamoso,2024-Octubre,$50K-$100K,10
2024,Octubre,33448889,10506,CONTELAC 18%                       ,BULTO          ,2,74000.0,0,148000,1,33448889,105,105,105,GANADERIA                               ,Boyaca,Sogamoso,2024-Octubre,$100K-$250K,10
2024,Octubre,33448889,10824,RINGO PREMIUM 30KG                 ,BULTO          ,1,152000.0,0,152000,1,33448889,108,108,108,MASCOTAS                                ,Boyaca,Sogamoso,2024-Octubre,$100K-$250K,10
2024,Octubre,33448889,10833,FILPO ADULTO 30KG                  ,BULTO          ,1,107000.0,0,107000,1,33448889,108,108,108,MASCOTAS                                ,Boyaca,Sogamoso,2024-Octubre,$100K-$250K,10
2024,Octubre,33448889,20203,SUPER HUEVO PREPICO 100            ,BULTO          ,2,83000.0,0,166000,1,33448889,202,202,101,AVICULTURA                              ,Boyaca,Sogamoso,2024-Octubre,$100K-$250K,10
2024,Octubre,40022620,10824,RINGO PREMIUM 30KG                 ,BULTO          ,2,152000.0,0,304000,1,40022620,108,108,108,MASCOTAS                                ,Boyaca,Tunja,2024-Octubre,$250K-$500K,10
2024,Octubre,46376087,61214,CHUNKY GATOS POLLO 8KG             ,BULTO          ,2,24500.0,0,49000,1,46376087,612,612,612,MASCOTAS                                ,Boyaca,Sogamoso,2024-Octubre,<$50K,10
2024,Octubre,46376488,10123,PONEDORA EXTRA I C                 ,BULTO          ,2,81000.0,0,162000,1,46376488,101,101,101,AVICULTURA                              ,Boyaca,Sogamoso,2024-Octubre,$100K-$250K,10
2024,Octubre,47428820,20104,SUPER POLLO ENGORDE GRANJA         ,BULTO          ,6,84000.0,0,504000,2,47428820,201,201,101,AVICULTURA                              ,Boyaca,Sogamoso,2024-Octubre,$500K-$1M,10
2024,Octubre,47428820,61200,CHUNKY ADULTOS 25KG                ,BULTO          ,1,162000.0,0,162000,1,47428820,612,612,612,MASCOTAS                                ,Boyaca,Sogamoso,2024-Octubre,$100K-$250K,10
2024,Octubre,47428820,61301,NEXGARD                            ,PASTA          ,1,58000.0,0,58000,1,47428820,613,613,613,MASCOTAS                                ,Boyaca,Sogamoso,2024-Octubre,$50K-$100K,10
2024,Octubre,52824658,10400,POTROS  CINTA AZUL                 ,BULTO          ,1,85000.0,0,85000,1,52824658,104,104,104,EQUINOS                                 ,Boyaca,Sogamoso,2024-Octubre,$50K-$100K,10
2024,Octubre,52824658,20303,CERDO ENGORDE NARANJA              ,BULTO          ,1,88000.0,0,88000,1,52824658,203,203,203,PORCICULTURA                            ,Boyaca,Sogamoso,2024-Octubre,$50K-$100K,10
2024,Octubre,52824658,20604,BRIO POTROS                        ,BULTO          ,1,84000.0,0,84000,1,52824658,206,206,206,EQUINOS                                 ,Boyaca,Sogamoso,2024-Octubre,$50K-$100K,10
2024,Octubre,52824658,20608,PODIUM                             ,BULTO          ,2,78000.0,0,156000,1,52824658,206,206,206,EQUINOS                                 ,Boyaca,Sogamoso,2024-Octubre,$100K-$250K,10
2024,Octubre,74081683,10829,RINGO CROQUETAS 30KG               ,BULTO          ,1,125000.0,0,125000,1,74081683,108,108,108,MASCOTAS                                ,Boyaca,Nobsa,2024-Octubre,$100K-$250K,10
2024,Octubre,74083883,10515,NOVILLOS CEBA P                    ,BULTO          ,2,78000.0,0,156000,1,74083883,105,105,105,GANADERIA                               ,Boyaca,Corrales,2024-Octubre,$100K-$250K,10
2024,Octubre,74083883,10833,FILPO ADULTO 30KG                  ,BULTO          ,2,107000.0,0,214000,2,74083883,108,108,108,MASCOTAS                                ,Boyaca,Corrales,2024-Octubre,$100K-$250K,10
2024,Octubre,74083883,20706,TRUCHA LEVANTE 40                  ,BULTO          ,1,190000.0,0,190000,1,74083883,207,207,207,ACUACULTURA                             ,Boyaca,Corrales,2024-Octubre,$100K-$250K,10
2024,Octubre,74084607,10833,FILPO ADULTO 30KG                  ,BULTO          ,2,105000.0,0,210000,1,74084607,108,108,108,MASCOTAS                                ,Boyaca,Sogamoso,2024-Octubre,$100K-$250K,10
2024,Octubre,74183098,10504,CONTELAC 14%                       ,BULTO          ,5,68000.0,0,340000,2,74183098,105,105,105,GANADERIA                               ,Boyaca,Sogamoso,2024-Octubre,$250K-$500K,10
2024,Octubre,74185696,50201,RAZA PERROS 30KG                   ,BULTO          ,1,105000.0,0,105000,1,74185696,502,502,502,MASCOTAS                                ,Boyaca,Sogamoso,2024-Octubre,$100K-$250K,10
2024,Octubre,74186654,10701,CONEJOS                            ,BULTO          ,3,87000.0,0,261000,2,74186654,107,107,107,CONEJOS                                 ,Boyaca,Nobsa,2024-Octubre,$250K-$500K,10
2024,Octubre,74188527,10400,POTROS  CINTA AZUL                 ,BULTO          ,3,82000.0,0,246000,1,74188527,104,104,104,EQUINOS                                 ,Boyaca,Sogamoso,2024-Octubre,$100K-$250K,10
2024,Octubre,74188527,10831,FILPO ADULTO 10KG                  ,BULTO          ,1,40000.0,0,40000,1,74188527,108,108,108,MASCOTAS                                ,Boyaca,Sogamoso,2024-Octubre,<$50K,10
2024,Octubre,826002633,10833,FILPO ADULTO 30KG                  ,BULTO          ,1,105000.0,0,105000,1,826002633,108,108,108,MASCOTAS                                ,Boyaca,Sogamoso,2024-Octubre,$100K-$250K,10
2024,Octubre,826002633,10844,MIRRINGO 1KG*20                    ,BOLSA          ,1,9500.0,0,9500,1,826002633,108,108,108,MASCOTAS                                ,Boyaca,Sogamoso,2024-Octubre,<$50K,10
2024,Octubre,826002633,30121,NUTRECAN CROQUETAS CACHORROS 2K*8  ,BOLSA          ,1,23000.0,0,23000,1,826002633,301,301,108,MASCOTAS                                ,Boyaca,Sogamoso,2024-Octubre,<$50K,10
2024,Octubre,900092905,10102,MAXI POLLITOS 1K*20                ,BOLSA          ,5,1020.0,0,5100,5,900092905,101,101,101,AVICULTURA                              ,Boyaca,Sogamoso,2024-Octubre,<$50K,10
2024,Octubre,900092905,10104,POLLITOS INICIACION 1K*20          ,BOLSA          ,2,1350.0,0,2700,2,900092905,101,101,101,AVICULTURA                              ,Boyaca,Sogamoso,2024-Octubre,<$50K,10
2024,Octubre,900092905,10109,MAXI BROILER PIGMENTO C            ,BULTO          ,1,108000.0,0,108000,1,900092905,101,101,101,AVICULTURA                              ,Boyaca,Sogamoso,2024-Octubre,$100K-$250K,10
2024,Octubre,900092905,10123,PONEDORA EXTRA I C                 ,BULTO          ,10,82000.0,0,820000,1,900092905,101,101,101,AVICULTURA                              ,Boyaca,Sogamoso,2024-Octubre,$500K-$1M,10
2024,Octubre,900092905,10306,TRUCHAS 40 CP E                    ,BULTO          ,1,218000.0,0,218000,1,900092905,103,103,103,ACUACULTURA                             ,Boyaca,Sogamoso,2024-Octubre,$100K-$250K,10
2024,Octubre,900092905,10603,FORRAJE GANADERIA P TULIPAN        ,BULTO          ,1,58000.0,0,58000,1,900092905,106,106,105,GANADERIA                               ,Boyaca,Sogamoso,2024-Octubre,$50K-$100K,10
2024,Octubre,900092905,10829,RINGO CROQUETAS 30KG               ,BULTO          ,1,90000.0,0,90000,1,900092905,108,108,108,MASCOTAS                                ,Boyaca,Sogamoso,2024-Octubre,$50K-$100K,10
2024,Octubre,900092905,10831,FILPO ADULTO 10KG                  ,BULTO          ,1,40000.0,0,40000,1,900092905,108,108,108,MASCOTAS                                ,Boyaca,Sogamoso,2024-Octubre,<$50K,10
2024,Octubre,900092905,10833,FILPO ADULTO 30KG                  ,BULTO          ,1,107000.0,0,107000,1,900092905,108,108,108,MASCOTAS                                ,Boyaca,Sogamoso,2024-Octubre,$100K-$250K,10
2024,Octubre,900092905,20105,SUPER POLLO ENGORDE 5K*4           ,BOLSA          ,1,500.0,0,500,1,900092905,201,201,101,AVICULTURA                              ,Boyaca,Sogamoso,2024-Octubre,<$50K,10
2024,Octubre,900092905,20307,CERDO LEVANTE                      ,BULTO          ,7,83428.57,0,584000,2,900092905,203,203,203,PORCICULTURA                            ,Boyaca,Sogamoso,2024-Octubre,$500K-$1M,10
2024,Octubre,900092905,20505,ITAL LECHE PELLET                  ,BULTO          ,3,56333.33,0,169000,2,900092905,205,205,205,GANADERIA                               ,Boyaca,Sogamoso,2024-Octubre,$100K-$250K,10
2024,Octubre,900092905,61201,ITALCAN CARNE Y VERD 25KG          ,BULTO          ,1,95000.0,0,95000,1,900092905,612,612,612,MASCOTAS                                ,Boyaca,Sogamoso,2024-Octubre,$50K-$100K,10
2024,Octubre,900147227,10501,NOVILLONAS                         ,BULTO          ,1,75000.0,0,75000,1,900147227,105,105,105,GANADERIA                               ,Boyaca,Sogamoso,2024-Octubre,$50K-$100K,10
2024,Octubre,900147227,10506,CONTELAC 18%                       ,BULTO          ,1,73000.0,0,73000,1,900147227,105,105,105,GANADERIA                               ,Boyaca,Sogamoso,2024-Octubre,$50K-$100K,10
2024,Octubre,900147227,60503,SAL 11% X 1KG*50                   ,BOLSA          ,1,24000.0,0,24000,1,900147227,605,605,605,SALES                                   ,Boyaca,Sogamoso,2024-Octubre,<$50K,10
2024,Octubre,900399098,10829,RINGO CROQUETAS 30KG               ,BULTO          ,1,126000.0,0,126000,1,900399098,108,108,108,MASCOTAS                                ,Boyaca,Sogamoso,2024-Octubre,$100K-$250K,10
2024,Octubre,901040704,10819,RINGO CACHORROS 30KG               ,BULTO          ,1,149000.0,0,149000,1,901040704,108,108,108,MASCOTAS                                ,Boyaca,Sogamoso,2024-Octubre,$100K-$250K,10
2024,Octubre,901206877,10401,YEGUAS                             ,BULTO          ,2,82500.0,0,165000,2,901206877,104,104,104,EQUINOS                                 ,Boyaca,Sogamoso,2024-Octubre,$100K-$250K,10
2024,Octubre,901206877,10402,CINTA AZUL  ADULTOS                ,BULTO          ,1,83000.0,0,83000,1,901206877,104,104,104,EQUINOS                                 ,Boyaca,Sogamoso,2024-Octubre,$50K-$100K,10
2024,Octubre,901206877,10819,RINGO CACHORROS 30KG               ,BULTO          ,1,126000.0,0,126000,1,901206877,108,108,108,MASCOTAS                                ,Boyaca,Sogamoso,2024-Octubre,$100K-$250K,10
2024,Octubre,901206877,10824,RINGO PREMIUM 30KG                 ,BULTO          ,2,124500.0,0,249000,2,901206877,108,108,108,MASCOTAS                                ,Boyaca,Sogamoso,2024-Octubre,$100K-$250K,10
2024,Octubre,901206877,60842,DOGOURMET CARNE PARRILLA ADULTO X 2,BULTO          ,1,60000.0,0,60000,1,901206877,608,608,608,MASCOTAS                                ,Boyaca,Sogamoso,2024-Octubre,$50K-$100K,10
2024,Octubre,901206877,61169,CANCUN GRANDE                      ,FRASCO         ,2,28000.0,0,56000,1,901206877,611,611,611,DROGA VETERINARIA                       ,Boyaca,Sogamoso,2024-Octubre,$50K-$100K,10
2024,Octubre,901206877,61202,ITALCAN CARNE Y VERD 10KG          ,BULTO          ,1,96000.0,0,96000,1,901206877,612,612,612,MASCOTAS                                ,Boyaca,Sogamoso,2024-Octubre,$50K-$100K,10
2024,Octubre,901206877,61205,AGILITY GOLD GRAN CACHORROS 15KG   ,BULTO          ,2,35500.0,0,71000,2,901206877,612,612,612,MASCOTAS                                ,Boyaca,Sogamoso,2024-Octubre,$50K-$100K,10
2024,Octubre,901591495,10701,CONEJOS                            ,BULTO          ,3,87000.0,0,261000,2,901591495,107,107,107,CONEJOS                                 ,Boyaca,Sogamoso,2024-Octubre,$250K-$500K,10
2024,Octubre,901624523,20203,SUPER HUEVO PREPICO 100            ,BULTO          ,15,83000.0,0,1245000,1,901624523,202,202,101,AVICULTURA                              ,Boyaca,Tunja,2024-Octubre,>$1M,10
2024,Octubre,901624523,20301,CERDITOS INICIACION NARANJA        ,BULTO          ,16,116000.0,0,1856000,2,901624523,203,203,203,PORCICULTURA                            ,Boyaca,Tunja,2024-Octubre,>$1M,10
2024,Octubre,901624523,20302,CERDO LEVANTE 1 NARANJA            ,BULTO          ,60,91000.0,0,5460000,2,901624523,203,203,203,PORCICULTURA                            ,Boyaca,Tunja,2024-Octubre,>$1M,10
2024,Octubre,901624523,20305,CERDA GESTACION NARANJA            ,BULTO          ,95,82000.0,0,7790000,2,901624523,203,203,203,PORCICULTURA                            ,Boyaca,Tunja,2024-Octubre,>$1M,10
2024,Octubre,901709156,10829,RINGO CROQUETAS 30KG               ,BULTO          ,1,125000.0,0,125000,1,901709156,108,108,108,MASCOTAS                                ,Boyaca,Sogamoso,2024-Octubre,$100K-$250K,10
2024,Octubre,901709156,61200,CHUNKY ADULTOS 25KG                ,BULTO          ,1,163000.0,0,163000,1,901709156,612,612,612,MASCOTAS                                ,Boyaca,Sogamoso,2024-Octubre,$100K-$250K,10
2024,Octubre,901786502,20202,SUPER HUEVO PREPICO                ,BULTO          ,100,76500.0,0,7650000,2,901786502,202,202,101,AVICULTURA                              ,Boyaca,Nobsa,2024-Octubre,>$1M,10
2024,Octubre,901795156,10202,INICIACION CERDOS                  ,BULTO          ,1,115000.0,0,115000,1,901795156,102,102,102,PORCICULTURA                            ,Boyaca,Sogamoso,2024-Octubre,$100K-$250K,10
2024,Octubre,901795156,10203,MAXI LECHONES   R                  ,BULTO          ,1,93000.0,0,93000,1,901795156,102,102,102,PORCICULTURA                            ,Boyaca,Sogamoso,2024-Octubre,$50K-$100K,10
2024,Octubre,901795156,10204,MAXI LECHONES                      ,BULTO          ,2,94000.0,0,188000,2,901795156,102,102,102,PORCICULTURA                            ,Boyaca,Sogamoso,2024-Octubre,$100K-$250K,10
2024,Octubre,901795156,10207,MAXI CERDOS FINALIZADOR            ,BULTO          ,3,92000.0,0,276000,2,901795156,102,102,102,PORCICULTURA                            ,Boyaca,Sogamoso,2024-Octubre,$250K-$500K,10
2024,Octubre,901795156,20303,CERDO ENGORDE NARANJA              ,BULTO          ,2,88000.0,0,176000,1,901795156,203,203,203,PORCICULTURA                            ,Boyaca,Sogamoso,2024-Octubre,$100K-$250K,10
2024,Octubre,901795156,30507,FINALIZADOR                        ,BULTO          ,2,92000.0,0,184000,1,901795156,305,305,305,PORCICULTURA                            ,Boyaca,Sogamoso,2024-Octubre,$100K-$250K,10
2024,Octubre,1007382853,10824,RINGO PREMIUM 30KG                 ,BULTO          ,5,151200.0,0,756000,2,1007382853,108,108,108,MASCOTAS                                ,Boyaca,Sogamoso,2024-Octubre,$500K-$1M,10
2024,Octubre,1049629064,20606,FURIA TOTAL                        ,BULTO          ,2,126000.0,0,252000,1,1049629064,206,206,206,EQUINOS                                 ,Boyaca,Sogamoso,2024-Octubre,$250K-$500K,10
2024,Octubre,1051474093,60849,MONELLO TRADICIONAL X 15KG         ,BULTO          ,1,125000.0,0,125000,1,1051474093,608,608,608,MASCOTAS                                ,Boyaca,Sogamoso,2024-Octubre,$100K-$250K,10
2024,Octubre,1051474093,61302,CREDELIO                           ,PASTA          ,1,45000.0,0,45000,1,1051474093,613,613,613,MASCOTAS                                ,Boyaca,Sogamoso,2024-Octubre,<$50K,10
2024,Octubre,1051588968,10105,POLLITOS INICIACION                ,BULTO          ,2,6000.0,0,12000,1,1051588968,101,101,101,AVICULTURA                              ,Boyaca,Firavitoba,2024-Octubre,<$50K,10
2024,Octubre,1051588968,20608,PODIUM                             ,BULTO          ,1,78000.0,0,78000,1,1051588968,206,206,206,EQUINOS                                 ,Boyaca,Firavitoba,2024-Octubre,$50K-$100K,10
2024,Octubre,1051588968,60701,MAIZ NACIONAL @                    ,BOLSA          ,1,92000.0,0,92000,1,1051588968,607,607,607,MAIZ                                    ,Boyaca,Firavitoba,2024-Octubre,$50K-$100K,10
2024,Octubre,1057579440,10109,MAXI BROILER PIGMENTO C            ,BULTO          ,1,108000.0,0,108000,1,1057579440,101,101,101,AVICULTURA                              ,Boyaca,Sogamoso,2024-Octubre,$100K-$250K,10
2024,Octubre,1057579440,10205,CERDOS LEVANTE                     ,BULTO          ,4,84000.0,0,336000,1,1057579440,102,102,102,PORCICULTURA                            ,Boyaca,Sogamoso,2024-Octubre,$250K-$500K,10
2024,Octubre,1057579440,10515,NOVILLOS CEBA P                    ,BULTO          ,2,78000.0,0,156000,2,1057579440,105,105,105,GANADERIA                               ,Boyaca,Sogamoso,2024-Octubre,$100K-$250K,10
2024,Octubre,1057579440,10831,FILPO ADULTO 10KG                  ,BULTO          ,1,40000.0,0,40000,1,1057579440,108,108,108,MASCOTAS                                ,Boyaca,Sogamoso,2024-Octubre,<$50K,10
2024,Octubre,1057579440,20203,SUPER HUEVO PREPICO 100            ,BULTO          ,2,83000.0,0,166000,2,1057579440,202,202,101,AVICULTURA                              ,Boyaca,Sogamoso,2024-Octubre,$100K-$250K,10
2024,Octubre,1057579440,20301,CERDITOS INICIACION NARANJA        ,BULTO          ,1,115000.0,0,115000,1,1057579440,203,203,203,PORCICULTURA                            ,Boyaca,Sogamoso,2024-Octubre,$100K-$250K,10
2024,Octubre,1057579440,20302,CERDO LEVANTE 1 NARANJA            ,BULTO          ,2,91000.0,0,182000,1,1057579440,203,203,203,PORCICULTURA                            ,Boyaca,Sogamoso,2024-Octubre,$100K-$250K,10
2024,Octubre,1057579440,20503,CREMOSA                            ,BULTO          ,3,63000.0,0,189000,3,1057579440,205,205,205,GANADERIA                               ,Boyaca,Sogamoso,2024-Octubre,$100K-$250K,10
2024,Octubre,1057579440,20505,ITAL LECHE PELLET                  ,BULTO          ,5,57000.0,0,285000,3,1057579440,205,205,205,GANADERIA                               ,Boyaca,Sogamoso,2024-Octubre,$250K-$500K,10
2024,Octubre,1057579440,20706,TRUCHA LEVANTE 40                  ,BULTO          ,4,190000.0,0,760000,2,1057579440,207,207,207,ACUACULTURA                             ,Boyaca,Sogamoso,2024-Octubre,$500K-$1M,10
2024,Octubre,1057579440,30612,CREMALECHE                         ,BULTO          ,4,69000.0,0,276000,2,1057579440,306,306,306,GANADERIA                               ,Boyaca,Sogamoso,2024-Octubre,$250K-$500K,10
2024,Octubre,1057579440,61085,MELAZA X 30KG                      ,BULTO          ,1,55000.0,0,55000,1,1057579440,610,610,610,DROGA VETERINARIA                       ,Boyaca,Sogamoso,2024-Octubre,$50K-$100K,10
2024,Octubre,1057596377,10506,CONTELAC 18%                       ,BULTO          ,1,78000.0,0,78000,1,1057596377,105,105,105,GANADERIA                               ,Boyaca,Sogamoso,2024-Octubre,$50K-$100K,10
2024,Octubre,1057596377,10701,CONEJOS                            ,BULTO          ,4,87250.0,0,349000,3,1057596377,107,107,107,CONEJOS                                 ,Boyaca,Sogamoso,2024-Octubre,$250K-$500K,10
2024,Octubre,1057596377,20307,CERDO LEVANTE                      ,BULTO          ,1,84000.0,0,84000,1,1057596377,203,203,203,PORCICULTURA                            ,Boyaca,Sogamoso,2024-Octubre,$50K-$100K,10
2024,Octubre,1057603666,10701,CONEJOS                            ,BULTO          ,12,82000.0,0,984000,3,1057603666,107,107,107,CONEJOS                                 ,Boyaca,Iza,2024-Octubre,$500K-$1M,10
2024,Octubre,1057603666,20503,CREMOSA                            ,BULTO          ,11,63909.09,0,703000,2,1057603666,205,205,205,GANADERIA                               ,Boyaca,Iza,2024-Octubre,$500K-$1M,10
2024,Octubre,1057603666,50201,RAZA PERROS 30KG                   ,BULTO          ,1,107000.0,0,107000,1,1057603666,502,502,502,MASCOTAS                                ,Boyaca,Iza,2024-Octubre,$100K-$250K,10
2024,Octubre,1057603666,60600,SEMILLAS                           ,SOBRE          ,2,13500.0,0,27000,2,1057603666,606,606,606,SEMILLAS                                ,Boyaca,Iza,2024-Octubre,<$50K,10
2024,Octubre,1057603666,60701,MAIZ NACIONAL @                    ,BOLSA          ,1,92000.0,0,92000,1,1057603666,607,607,607,MAIZ                                    ,Boyaca,Iza,2024-Octubre,$50K-$100K,10
2024,Octubre,1057603666,60845,DONKAT GATOS ADULTOS X 500G        ,BOLSA          ,1,9500.0,0,9500,1,1057603666,608,608,608,MASCOTAS                                ,Boyaca,Iza,2024-Octubre,<$50K,10
2024,Octubre,9007889571,10121,MAXI HUEVO C                       ,BULTO          ,1,84000.0,0,84000,1,9007889571,101,101,101,AVICULTURA                              ,Boyaca,Sogamoso,2024-Octubre,$50K-$100K,10
2024,Octubre,9007889571,10501,NOVILLONAS                         ,BULTO          ,1,74000.0,0,74000,1,9007889571,105,105,105,GANADERIA                               ,Boyaca,Sogamoso,2024-Octubre,$50K-$100K,10
2024,Octubre,9007889571,10515,NOVILLOS CEBA P                    ,BULTO          ,1,80000.0,0,80000,1,9007889571,105,105,105,GANADERIA                               ,Boyaca,Sogamoso,2024-Octubre,$50K-$100K,10
2024,Octubre,9007889571,10701,CONEJOS                            ,BULTO          ,1,87000.0,0,87000,1,9007889571,107,107,107,CONEJOS                                 ,Boyaca,Sogamoso,2024-Octubre,$50K-$100K,10
2024,Octubre,9007889571,60505,SAL 6% X 5KG*10                    ,BOLSA          ,1,5000.0,0,5000,1,9007889571,605,605,605,SALES                                   ,Boyaca,Sogamoso,2024-Octubre,<$50K,10
2024,Septiembre,4117002,10202,INICIACION CERDOS                  ,BULTO          ,3,116000.0,0,348000,1,4117002,102,102,102,PORCICULTURA                            ,Boyaca,Firavitoba,2024-Septiembre,$250K-$500K,9
2024,Septiembre,4117002,10204,MAXI LECHONES                      ,BULTO          ,13,94000.0,0,1222000,2,4117002,102,102,102,PORCICULTURA                            ,Boyaca,Firavitoba,2024-Septiembre,>$1M,9
2024,Septiembre,4117002,10207,MAXI CERDOS FINALIZADOR            ,BULTO          ,12,92000.0,0,1104000,2,4117002,102,102,102,PORCICULTURA                            ,Boyaca,Firavitoba,2024-Septiembre,>$1M,9
2024,Septiembre,4117002,10212,MAXI CERDAS GESTACION              ,BULTO          ,8,84000.0,0,672000,2,4117002,102,102,102,PORCICULTURA                            ,Boyaca,Firavitoba,2024-Septiembre,$500K-$1M,9
2024,Septiembre,4117002,10213,CERDAS LACTANCIA PRIMERIZAS        ,BULTO          ,4,97000.0,0,388000,2,4117002,102,102,102,PORCICULTURA                            ,Boyaca,Firavitoba,2024-Septiembre,$250K-$500K,9
2024,Septiembre,4119727,20301,CERDITOS INICIACION NARANJA        ,BULTO          ,1,115000.0,0,115000,1,4119727,203,203,203,PORCICULTURA                            ,Boyaca,Firavitoba,2024-Septiembre,$100K-$250K,9
2024,Septiembre,4119727,20304,CERDO FINALIZADOR NARANJA          ,BULTO          ,2,90000.0,0,180000,1,4119727,203,203,203,PORCICULTURA                            ,Boyaca,Firavitoba,2024-Septiembre,$100K-$250K,9
2024,Septiembre,4119727,20305,CERDA GESTACION NARANJA            ,BULTO          ,3,82000.0,0,246000,1,4119727,203,203,203,PORCICULTURA                            ,Boyaca,Firavitoba,2024-Septiembre,$100K-$250K,9
2024,Septiembre,4119727,20307,CERDO LEVANTE                      ,BULTO          ,1,91000.0,0,91000,1,4119727,203,203,203,PORCICULTURA                            ,Boyaca,Firavitoba,2024-Septiembre,$50K-$100K,9
2024,Septiembre,4119727,20308,CERDO ENGORDE                      ,BULTO          ,6,88000.0,0,528000,2,4119727,203,203,203,PORCICULTURA                            ,Boyaca,Firavitoba,2024-Septiembre,$500K-$1M,9
2024,Septiembre,4119727,20312,CERDO LEVANTE 1 NARANJA ESP        ,BULTO          ,5,91000.0,0,455000,1,4119727,203,203,203,PORCICULTURA                            ,Boyaca,Firavitoba,2024-Septiembre,$250K-$500K,9
2024,Septiembre,4123343,10701,CONEJOS                            ,BULTO          ,1,82000.0,0,82000,1,4123343,107,107,107,CONEJOS                                 ,Boyaca,Sogamoso,2024-Septiembre,$50K-$100K,9
2024,Septiembre,4123343,20600,EQUINOS                            ,BULTO          ,4,70000.0,0,280000,2,4123343,206,206,206,EQUINOS                                 ,Boyaca,Sogamoso,2024-Septiembre,$250K-$500K,9
2024,Septiembre,4123343,20607,MULTIFORRAJE EQUINO                ,BULTO          ,4,64000.0,0,256000,2,4123343,206,206,206,EQUINOS                                 ,Boyaca,Sogamoso,2024-Septiembre,$250K-$500K,9
2024,Septiembre,4123343,50117,FIBRAMIX PELETIZADO                ,BULTO          ,1,60000.0,0,60000,1,4123343,501,501,105,GANADERIA                               ,Boyaca,Sogamoso,2024-Septiembre,$50K-$100K,9
2024,Septiembre,4144476,10829,RINGO CROQUETAS 30KG               ,BULTO          ,1,126000.0,0,126000,1,4144476,108,108,108,MASCOTAS                                ,Boyaca,Labranzagrande,2024-Septiembre,$100K-$250K,9
2024,Septiembre,4208254,20303,CERDO ENGORDE NARANJA              ,BULTO          ,1,90000.0,0,90000,1,4208254,203,203,203,PORCICULTURA                            ,Boyaca,Nobsa,2024-Septiembre,$50K-$100K,9
2024,Septiembre,4208254,60701,MAIZ NACIONAL @                    ,BOLSA          ,1,25000.0,0,25000,1,4208254,607,607,607,MAIZ                                    ,Boyaca,Nobsa,2024-Septiembre,<$50K,9
2024,Septiembre,4210992,10402,CINTA AZUL  ADULTOS                ,BULTO          ,2,85000.0,0,170000,1,4210992,104,104,104,EQUINOS                                 ,Boyaca,Sogamoso,2024-Septiembre,$100K-$250K,9
2024,Septiembre,4210992,10500,TERNERAS LEVANTE                   ,BULTO          ,1,86000.0,0,86000,1,4210992,105,105,105,GANADERIA                               ,Boyaca,Sogamoso,2024-Septiembre,$50K-$100K,9
2024,Septiembre,4211190,10507,PRELACTANCIA                       ,BULTO          ,1,75000.0,0,75000,1,4211190,105,105,105,GANADERIA                               ,Boyaca,Sogamoso,2024-Septiembre,$50K-$100K,9
2024,Septiembre,4211190,20203,SUPER HUEVO PREPICO 100            ,BULTO          ,1,83000.0,0,83000,1,4211190,202,202,101,AVICULTURA                              ,Boyaca,Sogamoso,2024-Septiembre,$50K-$100K,9
2024,Septiembre,4211190,20505,ITAL LECHE PELLET                  ,BULTO          ,1,57000.0,0,57000,1,4211190,205,205,205,GANADERIA                               ,Boyaca,Sogamoso,2024-Septiembre,$50K-$100K,9
2024,Septiembre,4218315,10205,CERDOS LEVANTE                     ,BULTO          ,1,84000.0,0,84000,1,4218315,102,102,102,PORCICULTURA                            ,Boyaca,Aquitania,2024-Septiembre,$50K-$100K,9
2024,Septiembre,4218315,10214,MAXI CERDAS LACTANCIA              ,BULTO          ,1,93000.0,0,93000,1,4218315,102,102,102,PORCICULTURA                            ,Boyaca,Aquitania,2024-Septiembre,$50K-$100K,9
2024,Septiembre,4218315,10506,CONTELAC 18%                       ,BULTO          ,2,73000.0,0,146000,2,4218315,105,105,105,GANADERIA                               ,Boyaca,Aquitania,2024-Septiembre,$100K-$250K,9
2024,Septiembre,4218315,20302,CERDO LEVANTE 1 NARANJA            ,BULTO          ,1,91000.0,0,91000,1,4218315,203,203,203,PORCICULTURA                            ,Boyaca,Aquitania,2024-Septiembre,$50K-$100K,9
2024,Septiembre,4272485,10121,MAXI HUEVO C                       ,BULTO          ,1,84000.0,0,84000,1,4272485,101,101,101,AVICULTURA                              ,Boyaca,Sogamoso,2024-Septiembre,$50K-$100K,9
2024,Septiembre,7125529,10833,FILPO ADULTO 30KG                  ,BULTO          ,1,107000.0,0,107000,1,7125529,108,108,108,MASCOTAS                                ,Boyaca,Sogamoso,2024-Septiembre,$100K-$250K,9
2024,Septiembre,9395832,10306,TRUCHAS 40 CP E                    ,BULTO          ,2,211000.0,0,422000,2,9395832,103,103,103,ACUACULTURA                             ,Boyaca,Sogamoso,2024-Septiembre,$250K-$500K,9
2024,Septiembre,9395832,20706,TRUCHA LEVANTE 40                  ,BULTO          ,1,193000.0,0,193000,1,9395832,207,207,207,ACUACULTURA                             ,Boyaca,Sogamoso,2024-Septiembre,$100K-$250K,9
2024,Septiembre,9524221,10833,FILPO ADULTO 30KG                  ,BULTO          ,1,107000.0,0,107000,1,9524221,108,108,108,MASCOTAS                                ,Boyaca,Sogamoso,2024-Septiembre,$100K-$250K,9
2024,Septiembre,9524221,10842,MIRRINGO 8KG                       ,BULTO          ,1,67000.0,0,67000,1,9524221,108,108,108,MASCOTAS                                ,Boyaca,Sogamoso,2024-Septiembre,$50K-$100K,9
2024,Septiembre,9524221,20301,CERDITOS INICIACION NARANJA        ,BULTO          ,1,115000.0,0,115000,1,9524221,203,203,203,PORCICULTURA                            ,Boyaca,Sogamoso,2024-Septiembre,$100K-$250K,9
2024,Septiembre,9524221,20302,CERDO LEVANTE 1 NARANJA            ,BULTO          ,1,91000.0,0,91000,1,9524221,203,203,203,PORCICULTURA                            ,Boyaca,Sogamoso,2024-Septiembre,$50K-$100K,9
2024,Septiembre,9524221,20304,CERDO FINALIZADOR NARANJA          ,BULTO          ,5,90000.0,0,450000,1,9524221,203,203,203,PORCICULTURA                            ,Boyaca,Sogamoso,2024-Septiembre,$250K-$500K,9
2024,Septiembre,9527933,10602,FORRAJE GANADERIA H TULIPAN        ,BULTO          ,2,60000.0,0,120000,2,9527933,106,106,105,GANADERIA                               ,Boyaca,Sogamoso,2024-Septiembre,$100K-$250K,9
2024,Septiembre,9527933,50201,RAZA PERROS 30KG                   ,BULTO          ,2,106000.0,0,212000,2,9527933,502,502,502,MASCOTAS                                ,Boyaca,Sogamoso,2024-Septiembre,$100K-$250K,9
2024,Septiembre,9527933,60881,CHUNKY ADULTO X 9KG                ,BULTO          ,1,32000.0,0,32000,1,9527933,608,608,608,MASCOTAS                                ,Boyaca,Sogamoso,2024-Septiembre,<$50K,9
2024,Septiembre,9533772,10842,MIRRINGO 8KG                       ,BULTO          ,2,67000.0,0,134000,2,9533772,108,108,108,MASCOTAS                                ,Boyaca,Sogamoso,2024-Septiembre,$100K-$250K,9
2024,Septiembre,9533772,10844,MIRRINGO 1KG*20                    ,BOLSA          ,2,11000.0,0,22000,2,9533772,108,108,108,MASCOTAS                                ,Boyaca,Sogamoso,2024-Septiembre,<$50K,9
2024,Septiembre,17037305,10500,TERNERAS LEVANTE                   ,BULTO          ,3,92000.0,0,276000,1,17037305,105,105,105,GANADERIA                               ,Boyaca,Sogamoso,2024-Septiembre,$250K-$500K,9
2024,Septiembre,17037305,10516,MAXI SAL 11% H                     ,BULTO          ,3,77000.0,0,231000,1,17037305,105,105,105,GANADERIA                               ,Boyaca,Sogamoso,2024-Septiembre,$100K-$250K,9
2024,Septiembre,17037305,10833,FILPO ADULTO 30KG                  ,BULTO          ,2,112000.0,0,224000,1,17037305,108,108,108,MASCOTAS                                ,Boyaca,Sogamoso,2024-Septiembre,$100K-$250K,9
2024,Septiembre,17037305,20503,CREMOSA                            ,BULTO          ,14,65000.0,0,910000,1,17037305,205,205,205,GANADERIA                               ,Boyaca,Sogamoso,2024-Septiembre,$500K-$1M,9
2024,Septiembre,17580559,10121,MAXI HUEVO C                       ,BULTO          ,12,83500.0,0,1002000,1,17580559,101,101,101,AVICULTURA                              ,Boyaca,Tasco,2024-Septiembre,>$1M,9
2024,Septiembre,17580559,20203,SUPER HUEVO PREPICO 100            ,BULTO          ,46,82000.0,0,3772000,1,17580559,202,202,101,AVICULTURA                              ,Boyaca,Tasco,2024-Septiembre,>$1M,9
2024,Septiembre,22222222,10101,MAXI POLLITOS H.                   ,BULTO          ,2,88500.0,0,177000,2,22222222,101,101,101,AVICULTURA                              ,Boyaca,Sogamoso,2024-Septiembre,$100K-$250K,9
2024,Septiembre,22222222,10103,MAXI POLLITOS C.                   ,BULTO          ,4,101000.0,0,404000,4,22222222,101,101,101,AVICULTURA                              ,Boyaca,Sogamoso,2024-Septiembre,$250K-$500K,9
2024,Septiembre,22222222,10105,POLLITOS INICIACION                ,BULTO          ,1,85000.0,0,85000,1,22222222,101,101,101,AVICULTURA                              ,Boyaca,Sogamoso,2024-Septiembre,$50K-$100K,9
2024,Septiembre,22222222,10107,MAXI BROILER C.                    ,BULTO          ,6,95000.0,0,570000,2,22222222,101,101,101,AVICULTURA                              ,Boyaca,Sogamoso,2024-Septiembre,$500K-$1M,9
2024,Septiembre,22222222,10108,MAXI BROILER P                     ,BULTO          ,5,101200.0,0,506000,4,22222222,101,101,101,AVICULTURA                              ,Boyaca,Sogamoso,2024-Septiembre,$500K-$1M,9
2024,Septiembre,22222222,10109,MAXI BROILER PIGMENTO C            ,BULTO          ,1,109000.0,0,109000,1,22222222,101,101,101,AVICULTURA                              ,Boyaca,Sogamoso,2024-Septiembre,$100K-$250K,9
2024,Septiembre,22222222,10112,BROILER P                          ,BULTO          ,41,96975.61,0,3976000,10,22222222,101,101,101,AVICULTURA                              ,Boyaca,Sogamoso,2024-Septiembre,>$1M,9
2024,Septiembre,22222222,10114,POLLO CAMPESINO C                  ,BULTO          ,2,90000.0,0,180000,2,22222222,101,101,101,AVICULTURA                              ,Boyaca,Sogamoso,2024-Septiembre,$100K-$250K,9
2024,Septiembre,22222222,10118,POLLAS                             ,BULTO          ,6,85666.67,0,514000,4,22222222,101,101,101,AVICULTURA                              ,Boyaca,Sogamoso,2024-Septiembre,$500K-$1M,9
2024,Septiembre,22222222,10120,MAXI HUEVO H                       ,BULTO          ,32,84281.25,0,2697000,13,22222222,101,101,101,AVICULTURA                              ,Boyaca,Sogamoso,2024-Septiembre,>$1M,9
2024,Septiembre,22222222,10121,MAXI HUEVO C                       ,BULTO          ,80,84187.5,0,6735000,32,22222222,101,101,101,AVICULTURA                              ,Boyaca,Sogamoso,2024-Septiembre,>$1M,9
2024,Septiembre,22222222,10123,PONEDORA EXTRA I C                 ,BULTO          ,26,83538.46,0,2172000,15,22222222,101,101,101,AVICULTURA                              ,Boyaca,Sogamoso,2024-Septiembre,>$1M,9
2024,Septiembre,22222222,10133,CODORNICES CONTEGRAL               ,BULTO          ,27,26296.3,0,710000,7,22222222,101,101,101,AVICULTURA                              ,Boyaca,Sogamoso,2024-Septiembre,$500K-$1M,9
2024,Septiembre,22222222,10202,INICIACION CERDOS                  ,BULTO          ,3,117333.33,0,352000,3,22222222,102,102,102,PORCICULTURA                            ,Boyaca,Sogamoso,2024-Septiembre,$250K-$500K,9
2024,Septiembre,22222222,10204,MAXI LECHONES                      ,BULTO          ,4,94000.0,0,376000,3,22222222,102,102,102,PORCICULTURA                            ,Boyaca,Sogamoso,2024-Septiembre,$250K-$500K,9
2024,Septiembre,22222222,10205,CERDOS LEVANTE                     ,BULTO          ,3,84000.0,0,252000,3,22222222,102,102,102,PORCICULTURA                            ,Boyaca,Sogamoso,2024-Septiembre,$250K-$500K,9
2024,Septiembre,22222222,10209,CERDOS ENGORDE                     ,BULTO          ,7,74000.0,0,518000,4,22222222,102,102,102,PORCICULTURA                            ,Boyaca,Sogamoso,2024-Septiembre,$500K-$1M,9
2024,Septiembre,22222222,10212,MAXI CERDAS GESTACION              ,BULTO          ,9,78666.67,0,708000,5,22222222,102,102,102,PORCICULTURA                            ,Boyaca,Sogamoso,2024-Septiembre,$500K-$1M,9
2024,Septiembre,22222222,10214,MAXI CERDAS LACTANCIA              ,BULTO          ,2,87500.0,0,175000,2,22222222,102,102,102,PORCICULTURA                            ,Boyaca,Sogamoso,2024-Septiembre,$100K-$250K,9
2024,Septiembre,22222222,10300,"MAXI PECES 38 1,8 E                ",BULTO          ,1,158000.0,0,158000,1,22222222,103,103,103,ACUACULTURA                             ,Boyaca,Sogamoso,2024-Septiembre,$100K-$250K,9
2024,Septiembre,22222222,10301,"MAXI PECES 32 2,5 E                ",BULTO          ,2,136000.0,0,272000,1,22222222,103,103,103,ACUACULTURA                             ,Boyaca,Sogamoso,2024-Septiembre,$250K-$500K,9
2024,Septiembre,22222222,10304,"MAXI TRUCHAS 45 SP 1,8 E           ",BULTO          ,3,219000.0,0,657000,3,22222222,103,103,103,ACUACULTURA                             ,Boyaca,Sogamoso,2024-Septiembre,$500K-$1M,9
2024,Septiembre,22222222,10305,"MAXI TRUCHAS 45 SP 3,5 E           ",BULTO          ,15,208000.0,0,3120000,7,22222222,103,103,103,ACUACULTURA                             ,Boyaca,Sogamoso,2024-Septiembre,>$1M,9
2024,Septiembre,22222222,10306,TRUCHAS 40 CP E                    ,BULTO          ,1,210000.0,0,210000,1,22222222,103,103,103,ACUACULTURA                             ,Boyaca,Sogamoso,2024-Septiembre,$100K-$250K,9
2024,Septiembre,22222222,10400,POTROS  CINTA AZUL                 ,BULTO          ,1,85000.0,0,85000,1,22222222,104,104,104,EQUINOS                                 ,Boyaca,Sogamoso,2024-Septiembre,$50K-$100K,9
2024,Septiembre,22222222,10401,YEGUAS                             ,BULTO          ,2,82000.0,0,164000,2,22222222,104,104,104,EQUINOS                                 ,Boyaca,Sogamoso,2024-Septiembre,$100K-$250K,9
2024,Septiembre,22222222,10402,CINTA AZUL  ADULTOS                ,BULTO          ,1,80000.0,0,80000,1,22222222,104,104,104,EQUINOS                                 ,Boyaca,Sogamoso,2024-Septiembre,$50K-$100K,9
2024,Septiembre,22222222,10500,TERNERAS LEVANTE                   ,BULTO          ,11,86000.0,0,946000,7,22222222,105,105,105,GANADERIA                               ,Boyaca,Sogamoso,2024-Septiembre,$500K-$1M,9
2024,Septiembre,22222222,10501,NOVILLONAS                         ,BULTO          ,13,74538.46,0,969000,9,22222222,105,105,105,GANADERIA                               ,Boyaca,Sogamoso,2024-Septiembre,$500K-$1M,9
2024,Septiembre,22222222,10504,CONTELAC 14%                       ,BULTO          ,45,69511.11,0,3128000,9,22222222,105,105,105,GANADERIA                               ,Boyaca,Sogamoso,2024-Septiembre,>$1M,9
2024,Septiembre,22222222,10506,CONTELAC 18%                       ,BULTO          ,15,73800.0,0,1107000,11,22222222,105,105,105,GANADERIA                               ,Boyaca,Sogamoso,2024-Septiembre,>$1M,9
2024,Septiembre,22222222,10507,PRELACTANCIA                       ,BULTO          ,3,75000.0,0,225000,3,22222222,105,105,105,GANADERIA                               ,Boyaca,Sogamoso,2024-Septiembre,$100K-$250K,9
2024,Septiembre,22222222,10515,NOVILLOS CEBA P                    ,BULTO          ,25,78080.0,0,1952000,19,22222222,105,105,105,GANADERIA                               ,Boyaca,Sogamoso,2024-Septiembre,>$1M,9
2024,Septiembre,22222222,10602,FORRAJE GANADERIA H TULIPAN        ,BULTO          ,1,60000.0,0,60000,1,22222222,106,106,105,GANADERIA                               ,Boyaca,Sogamoso,2024-Septiembre,$50K-$100K,9
2024,Septiembre,22222222,10603,FORRAJE GANADERIA P TULIPAN        ,BULTO          ,6,58333.33,0,350000,4,22222222,106,106,105,GANADERIA                               ,Boyaca,Sogamoso,2024-Septiembre,$250K-$500K,9
2024,Septiembre,22222222,10701,CONEJOS                            ,BULTO          ,27,84666.67,0,2286000,21,22222222,107,107,107,CONEJOS                                 ,Boyaca,Sogamoso,2024-Septiembre,>$1M,9
2024,Septiembre,22222222,10809,NUTRISS ADULTOS CARNE Y VEG  30KG  ,BULTO          ,7,160000.0,0,1120000,6,22222222,108,108,108,MASCOTAS                                ,Boyaca,Sogamoso,2024-Septiembre,>$1M,9
2024,Septiembre,22222222,10814,NUTRISS ADULTOS POLLO Y VEG 30KG   ,BULTO          ,1,160000.0,0,160000,1,22222222,108,108,108,MASCOTAS                                ,Boyaca,Sogamoso,2024-Septiembre,$100K-$250K,9
2024,Septiembre,22222222,10816,RINGO CACHORROS 15KG               ,BULTO          ,1,80000.0,0,80000,1,22222222,108,108,108,MASCOTAS                                ,Boyaca,Sogamoso,2024-Septiembre,$50K-$100K,9
2024,Septiembre,22222222,10818,RINGO CACHORROS 2K*5               ,BOLSA          ,1,12000.0,0,12000,1,22222222,108,108,108,MASCOTAS                                ,Boyaca,Sogamoso,2024-Septiembre,<$50K,9
2024,Septiembre,22222222,10824,RINGO PREMIUM 30KG                 ,BULTO          ,22,151909.09,0,3342000,17,22222222,108,108,108,MASCOTAS                                ,Boyaca,Sogamoso,2024-Septiembre,>$1M,9
2024,Septiembre,22222222,10829,RINGO CROQUETAS 30KG               ,BULTO          ,23,126130.43,0,2901000,19,22222222,108,108,108,MASCOTAS                                ,Boyaca,Sogamoso,2024-Septiembre,>$1M,9
2024,Septiembre,22222222,10830,FILPO CACHORROS 10KG               ,BULTO          ,1,47000.0,0,47000,1,22222222,108,108,108,MASCOTAS                                ,Boyaca,Sogamoso,2024-Septiembre,<$50K,9
2024,Septiembre,22222222,10831,FILPO ADULTO 10KG                  ,BULTO          ,6,44000.0,0,264000,6,22222222,108,108,108,MASCOTAS                                ,Boyaca,Sogamoso,2024-Septiembre,$250K-$500K,9
2024,Septiembre,22222222,10833,FILPO ADULTO 30KG                  ,BULTO          ,54,107074.07,0,5782000,31,22222222,108,108,108,MASCOTAS                                ,Boyaca,Sogamoso,2024-Septiembre,>$1M,9
2024,Septiembre,22222222,10842,MIRRINGO 8KG                       ,BULTO          ,5,67000.0,0,335000,5,22222222,108,108,108,MASCOTAS                                ,Boyaca,Sogamoso,2024-Septiembre,$250K-$500K,9
2024,Septiembre,22222222,10844,MIRRINGO 1KG*20                    ,BOLSA          ,5,9200.0,0,46000,4,22222222,108,108,108,MASCOTAS                                ,Boyaca,Sogamoso,2024-Septiembre,<$50K,9
2024,Septiembre,22222222,20100,SUPER POLLITO INICIACION GRANJA    ,BULTO          ,8,98000.0,0,784000,1,22222222,201,201,101,AVICULTURA                              ,Boyaca,Sogamoso,2024-Septiembre,$500K-$1M,9
2024,Septiembre,22222222,20102,SUPER POLLITO INICIACION 5K*4      ,BOLSA          ,4,2500.0,0,10000,1,22222222,201,201,101,AVICULTURA                              ,Boyaca,Sogamoso,2024-Septiembre,<$50K,9
2024,Septiembre,22222222,20104,SUPER POLLO ENGORDE GRANJA         ,BULTO          ,1,84000.0,0,84000,1,22222222,201,201,101,AVICULTURA                              ,Boyaca,Sogamoso,2024-Septiembre,$50K-$100K,9
2024,Septiembre,22222222,20106,SUPER POLLO ENGORDE DORADO         ,BULTO          ,3,107666.67,0,323000,3,22222222,201,201,101,AVICULTURA                              ,Boyaca,Sogamoso,2024-Septiembre,$250K-$500K,9
2024,Septiembre,22222222,20107,SUPER POLLO ENGORDE DIS            ,BULTO          ,2,86500.0,0,173000,2,22222222,201,201,101,AVICULTURA                              ,Boyaca,Sogamoso,2024-Septiembre,$100K-$250K,9
2024,Septiembre,22222222,20108,POLLO CRIOLLO P                    ,BULTO          ,2,74000.0,0,148000,2,22222222,201,201,101,AVICULTURA                              ,Boyaca,Sogamoso,2024-Septiembre,$100K-$250K,9
2024,Septiembre,22222222,20109,POLLO CRIOLLO Q                    ,BULTO          ,11,75000.0,0,825000,2,22222222,201,201,101,AVICULTURA                              ,Boyaca,Sogamoso,2024-Septiembre,$500K-$1M,9
2024,Septiembre,22222222,20202,SUPER HUEVO PREPICO                ,BULTO          ,17,79235.29,0,1347000,9,22222222,202,202,101,AVICULTURA                              ,Boyaca,Sogamoso,2024-Septiembre,>$1M,9
2024,Septiembre,22222222,20203,SUPER HUEVO PREPICO 100            ,BULTO          ,50,83560.0,0,4178000,18,22222222,202,202,101,AVICULTURA                              ,Boyaca,Sogamoso,2024-Septiembre,>$1M,9
2024,Septiembre,22222222,20205,PONEDORA CAMPESINA                 ,BULTO          ,2,68000.0,0,136000,2,22222222,202,202,101,AVICULTURA                              ,Boyaca,Sogamoso,2024-Septiembre,$100K-$250K,9
2024,Septiembre,22222222,20301,CERDITOS INICIACION NARANJA        ,BULTO          ,2,115500.0,0,231000,2,22222222,203,203,203,PORCICULTURA                            ,Boyaca,Sogamoso,2024-Septiembre,$100K-$250K,9
2024,Septiembre,22222222,20302,CERDO LEVANTE 1 NARANJA            ,BULTO          ,70,91242.86,0,6387000,32,22222222,203,203,203,PORCICULTURA                            ,Boyaca,Sogamoso,2024-Septiembre,>$1M,9
2024,Septiembre,22222222,20303,CERDO ENGORDE NARANJA              ,BULTO          ,5,88000.0,0,440000,4,22222222,203,203,203,PORCICULTURA                            ,Boyaca,Sogamoso,2024-Septiembre,$250K-$500K,9
2024,Septiembre,22222222,20304,CERDO FINALIZADOR NARANJA          ,BULTO          ,6,90333.33,0,542000,5,22222222,203,203,203,PORCICULTURA                            ,Boyaca,Sogamoso,2024-Septiembre,$500K-$1M,9
2024,Septiembre,22222222,20305,CERDA GESTACION NARANJA            ,BULTO          ,3,81333.33,0,244000,3,22222222,203,203,203,PORCICULTURA                            ,Boyaca,Sogamoso,2024-Septiembre,$100K-$250K,9
2024,Septiembre,22222222,20306,CERDA LACTANCIA NARANJA            ,BULTO          ,5,83800.0,0,419000,2,22222222,203,203,203,PORCICULTURA                            ,Boyaca,Sogamoso,2024-Septiembre,$250K-$500K,9
2024,Septiembre,22222222,20307,CERDO LEVANTE                      ,BULTO          ,59,83830.51,0,4946000,21,22222222,203,203,203,PORCICULTURA                            ,Boyaca,Sogamoso,2024-Septiembre,>$1M,9
2024,Septiembre,22222222,20308,CERDO ENGORDE                      ,BULTO          ,32,74156.25,0,2373000,17,22222222,203,203,203,PORCICULTURA                            ,Boyaca,Sogamoso,2024-Septiembre,>$1M,9
2024,Septiembre,22222222,20503,CREMOSA                            ,BULTO          ,12,63916.67,0,767000,3,22222222,205,205,205,GANADERIA                               ,Boyaca,Sogamoso,2024-Septiembre,$500K-$1M,9
2024,Septiembre,22222222,20505,ITAL LECHE PELLET                  ,BULTO          ,15,57800.0,0,867000,12,22222222,205,205,205,GANADERIA                               ,Boyaca,Sogamoso,2024-Septiembre,$500K-$1M,9
2024,Septiembre,22222222,20600,EQUINOS                            ,BULTO          ,6,71666.67,0,430000,5,22222222,206,206,206,EQUINOS                                 ,Boyaca,Sogamoso,2024-Septiembre,$250K-$500K,9
2024,Septiembre,22222222,20604,BRIO POTROS                        ,BULTO          ,1,85000.0,0,85000,1,22222222,206,206,206,EQUINOS                                 ,Boyaca,Sogamoso,2024-Septiembre,$50K-$100K,9
2024,Septiembre,22222222,20606,FURIA TOTAL                        ,BULTO          ,11,63272.73,0,696000,6,22222222,206,206,206,EQUINOS                                 ,Boyaca,Sogamoso,2024-Septiembre,$500K-$1M,9
2024,Septiembre,22222222,20607,MULTIFORRAJE EQUINO                ,BULTO          ,5,64000.0,0,320000,5,22222222,206,206,206,EQUINOS                                 ,Boyaca,Sogamoso,2024-Septiembre,$250K-$500K,9
2024,Septiembre,22222222,20608,PODIUM                             ,BULTO          ,6,78333.33,0,470000,6,22222222,206,206,206,EQUINOS                                 ,Boyaca,Sogamoso,2024-Septiembre,$250K-$500K,9
2024,Septiembre,22222222,20700,MOJARRA 34 EXTR                    ,BULTO          ,1,142000.0,0,142000,1,22222222,207,207,207,ACUACULTURA                             ,Boyaca,Sogamoso,2024-Septiembre,$100K-$250K,9
2024,Septiembre,22222222,20704,MOJARRA 20 EXTR                    ,BULTO          ,2,112500.0,0,225000,2,22222222,207,207,207,ACUACULTURA                             ,Boyaca,Sogamoso,2024-Septiembre,$100K-$250K,9
2024,Septiembre,22222222,20705,TRUCHA INICIACION 50               ,BULTO          ,2,239500.0,0,479000,2,22222222,207,207,207,ACUACULTURA                             ,Boyaca,Sogamoso,2024-Septiembre,$250K-$500K,9
2024,Septiembre,22222222,20706,TRUCHA LEVANTE 40                  ,BULTO          ,46,189347.83,0,8710000,16,22222222,207,207,207,ACUACULTURA                             ,Boyaca,Sogamoso,2024-Septiembre,>$1M,9
2024,Septiembre,22222222,20707,TRUCHA FINALIZACION 40             ,BULTO          ,75,207546.67,0,15566000,20,22222222,207,207,207,ACUACULTURA                             ,Boyaca,Sogamoso,2024-Septiembre,>$1M,9
2024,Septiembre,22222222,30104,NUTRECAN ADULTOS RAZAS PEQUE 2K*8  ,BOLSA          ,1,23500.0,0,23500,1,22222222,301,301,108,MASCOTAS                                ,Boyaca,Sogamoso,2024-Septiembre,<$50K,9
2024,Septiembre,22222222,30110,NUTRECAN ADULTOS RM Y RG 8KG       ,BULTO          ,2,75000.0,0,150000,1,22222222,301,301,108,MASCOTAS                                ,Boyaca,Sogamoso,2024-Septiembre,$100K-$250K,9
2024,Septiembre,22222222,30112,NUTRECAN ADULTOS RM Y RG 25KG      ,BULTO          ,2,224000.0,0,448000,2,22222222,301,301,108,MASCOTAS                                ,Boyaca,Sogamoso,2024-Septiembre,$250K-$500K,9
2024,Septiembre,22222222,30117,NUTRECAN SENIOR 2K*8               ,BOLSA          ,2,23000.0,0,46000,1,22222222,301,301,108,MASCOTAS                                ,Boyaca,Sogamoso,2024-Septiembre,<$50K,9
2024,Septiembre,22222222,30126,NUTRECAN CROQUETAS ADULTOS 15KG    ,BULTO          ,3,97000.0,0,291000,3,22222222,301,301,108,MASCOTAS                                ,Boyaca,Sogamoso,2024-Septiembre,$250K-$500K,9
2024,Septiembre,22222222,30127,NUTRECAN CROQUETAS ADULTOS 25KG    ,BULTO          ,1,160000.0,0,160000,1,22222222,301,301,108,MASCOTAS                                ,Boyaca,Sogamoso,2024-Septiembre,$100K-$250K,9
2024,Septiembre,22222222,30211,NUTRECAT LIBERTY 8KG               ,BULTO          ,1,90000.0,0,90000,1,22222222,302,302,108,MASCOTAS                                ,Boyaca,Sogamoso,2024-Septiembre,$50K-$100K,9
2024,Septiembre,22222222,30503,CHANCHITOS I.C                     ,BULTO          ,20,90000.0,0,1800000,6,22222222,305,305,305,PORCICULTURA                            ,Boyaca,Sogamoso,2024-Septiembre,>$1M,9
2024,Septiembre,22222222,30506,CHANCHITOS PET                     ,BULTO          ,6,90000.0,0,540000,3,22222222,305,305,305,PORCICULTURA                            ,Boyaca,Sogamoso,2024-Septiembre,$500K-$1M,9
2024,Septiembre,22222222,30508,FINALIZADOR 70                     ,BULTO          ,5,81200.0,0,406000,4,22222222,305,305,305,PORCICULTURA                            ,Boyaca,Sogamoso,2024-Septiembre,$250K-$500K,9
2024,Septiembre,22222222,30509,CEBA CERDOS                        ,BULTO          ,1,77000.0,0,77000,1,22222222,305,305,305,PORCICULTURA                            ,Boyaca,Sogamoso,2024-Septiembre,$50K-$100K,9
2024,Septiembre,22222222,30612,CREMALECHE                         ,BULTO          ,2,68000.0,0,136000,1,22222222,306,306,306,GANADERIA                               ,Boyaca,Sogamoso,2024-Septiembre,$100K-$250K,9
2024,Septiembre,22222222,30613,SOLLA PRO 40                       ,BULTO          ,1,115000.0,0,115000,1,22222222,306,306,306,GANADERIA                               ,Boyaca,Sogamoso,2024-Septiembre,$100K-$250K,9
2024,Septiembre,22222222,30702,CAMPEON ADULTOS                    ,BULTO          ,3,80000.0,0,240000,2,22222222,307,307,307,EQUINOS                                 ,Boyaca,Sogamoso,2024-Septiembre,$100K-$250K,9
2024,Septiembre,22222222,40202,POLLO INICIACION C                 ,BULTO          ,1,84000.0,0,84000,1,22222222,402,402,402,AVICULTURA                              ,Boyaca,Sogamoso,2024-Septiembre,$50K-$100K,9
2024,Septiembre,22222222,40204,Q-IDA SUPLEPOLLO C 1K*20           ,BOLSA          ,2,21000.0,0,42000,2,22222222,402,402,402,AVICULTURA                              ,Boyaca,Sogamoso,2024-Septiembre,<$50K,9
2024,Septiembre,22222222,40405,PURALFALFA                         ,BULTO          ,1,78000.0,0,78000,1,22222222,404,404,404,EQUINOS                                 ,Boyaca,Sogamoso,2024-Septiembre,$50K-$100K,9
2024,Septiembre,22222222,50117,FIBRAMIX PELETIZADO                ,BULTO          ,9,59555.56,0,536000,6,22222222,501,501,105,GANADERIA                               ,Boyaca,Sogamoso,2024-Septiembre,$500K-$1M,9
2024,Septiembre,22222222,50200,RAZA PERROS 10KG                   ,BULTO          ,3,40000.0,0,120000,3,22222222,502,502,502,MASCOTAS                                ,Boyaca,Sogamoso,2024-Septiembre,$100K-$250K,9
2024,Septiembre,22222222,50201,RAZA PERROS 30KG                   ,BULTO          ,16,105500.0,0,1688000,16,22222222,502,502,502,MASCOTAS                                ,Boyaca,Sogamoso,2024-Septiembre,>$1M,9
2024,Septiembre,22222222,60220,MATARRAZ X250ML                    ,FRASCO         ,1,52000.0,0,52000,1,22222222,602,602,610,DROGA VETERINARIA                       ,Boyaca,Sogamoso,2024-Septiembre,$50K-$100K,9
2024,Septiembre,22222222,60503,SAL 11% X 1KG*50                   ,BOLSA          ,5,2500.0,0,12500,1,22222222,605,605,605,SALES                                   ,Boyaca,Sogamoso,2024-Septiembre,<$50K,9
2024,Septiembre,22222222,60504,SAL 11% X 40KG                     ,BOLSA          ,2,77000.0,0,154000,2,22222222,605,605,605,SALES                                   ,Boyaca,Sogamoso,2024-Septiembre,$100K-$250K,9
2024,Septiembre,22222222,60505,SAL 6% X 5KG*10                    ,BOLSA          ,2,23000.0,0,46000,2,22222222,605,605,605,SALES                                   ,Boyaca,Sogamoso,2024-Septiembre,<$50K,9
2024,Septiembre,22222222,60507,SAL 6% X 40KG                      ,BOLSA          ,4,66000.0,0,264000,4,22222222,605,605,605,SALES                                   ,Boyaca,Sogamoso,2024-Septiembre,$250K-$500K,9
2024,Septiembre,22222222,60700,MAIZ NACIONAL X50KG                ,BULTO          ,5,75600.0,0,378000,5,22222222,607,607,607,MAIZ                                    ,Boyaca,Sogamoso,2024-Septiembre,$250K-$500K,9
2024,Septiembre,22222222,60701,MAIZ NACIONAL @                    ,BOLSA          ,1,25000.0,0,25000,1,22222222,607,607,607,MAIZ                                    ,Boyaca,Sogamoso,2024-Septiembre,<$50K,9
2024,Septiembre,22222222,60702,MAIZ PARTIDO NACIONAL @            ,BOLSA          ,1,25000.0,0,25000,1,22222222,607,607,607,MAIZ                                    ,Boyaca,Sogamoso,2024-Septiembre,<$50K,9
2024,Septiembre,22222222,60703,MAIZ PARTIDO NACIONAL X 40KG       ,BULTO          ,1,68000.0,0,68000,1,22222222,607,607,607,MAIZ                                    ,Boyaca,Sogamoso,2024-Septiembre,$50K-$100K,9
2024,Septiembre,22222222,60807,DOGOURMET CARNE PARRILLA ADULTO X 1,BOLSA          ,1,68000.0,0,68000,1,22222222,608,608,608,MASCOTAS                                ,Boyaca,Sogamoso,2024-Septiembre,$50K-$100K,9
2024,Septiembre,22222222,60810,DONKAT GATOS ADULTOS X 7KG         ,BULTO          ,5,71600.0,0,358000,5,22222222,608,608,608,MASCOTAS                                ,Boyaca,Sogamoso,2024-Septiembre,$250K-$500K,9
2024,Septiembre,22222222,60822,"MONELLO CAT SALMON, ATUN, POLLO X 7",BULTO          ,2,111000.0,0,222000,2,22222222,608,608,608,MASCOTAS                                ,Boyaca,Sogamoso,2024-Septiembre,$100K-$250K,9
2024,Septiembre,22222222,60828,MONELLO RAZA PEQUEÑA X 7KG         ,BULTO          ,3,95000.0,0,285000,3,22222222,608,608,608,MASCOTAS                                ,Boyaca,Sogamoso,2024-Septiembre,$250K-$500K,9
2024,Septiembre,22222222,60849,MONELLO TRADICIONAL X 15KG         ,BULTO          ,1,170000.0,0,170000,1,22222222,608,608,608,MASCOTAS                                ,Boyaca,Sogamoso,2024-Septiembre,$100K-$250K,9
2024,Septiembre,22222222,60850,JABON ASUNTOL                      ,BARRA          ,1,13000.0,0,13000,1,22222222,608,608,608,MASCOTAS                                ,Boyaca,Sogamoso,2024-Septiembre,<$50K,9
2024,Septiembre,22222222,60881,CHUNKY ADULTO X 9KG                ,BULTO          ,3,68000.0,0,204000,3,22222222,608,608,608,MASCOTAS                                ,Boyaca,Sogamoso,2024-Septiembre,$100K-$250K,9
2024,Septiembre,22222222,60883,CHUNKY CACHORRO X 9KG              ,BULTO          ,1,78000.0,0,78000,1,22222222,608,608,608,MASCOTAS                                ,Boyaca,Sogamoso,2024-Septiembre,$50K-$100K,9
2024,Septiembre,22222222,61070,ALBENDAZOL X 100ML                 ,FRASCO         ,1,24000.0,0,24000,1,22222222,610,610,610,DROGA VETERINARIA                       ,Boyaca,Sogamoso,2024-Septiembre,<$50K,9
2024,Septiembre,22222222,61084,MELAZA GARRAFA X 6KG               ,GARRAFA        ,1,15000.0,0,15000,1,22222222,610,610,610,DROGA VETERINARIA                       ,Boyaca,Sogamoso,2024-Septiembre,<$50K,9
2024,Septiembre,22222222,61085,MELAZA X 30KG                      ,BULTO          ,1,46000.0,0,46000,1,22222222,610,610,610,DROGA VETERINARIA                       ,Boyaca,Sogamoso,2024-Septiembre,<$50K,9
2024,Septiembre,22222222,61096,CABANOS PERROS                     ,UNIDAD         ,2,14000.0,0,28000,1,22222222,610,610,610,DROGA VETERINARIA                       ,Boyaca,Sogamoso,2024-Septiembre,<$50K,9
2024,Septiembre,22222222,61100,POMADA ALFA X220G                  ,UNIDAD         ,1,32000.0,0,32000,1,22222222,611,611,611,DROGA VETERINARIA                       ,Boyaca,Sogamoso,2024-Septiembre,<$50K,9
2024,Septiembre,22222222,61167,CURAGAN AEROSOL X375ML             ,FRASCO         ,1,27000.0,0,27000,1,22222222,611,611,611,DROGA VETERINARIA                       ,Boyaca,Sogamoso,2024-Septiembre,<$50K,9
2024,Septiembre,22222222,61200,CHUNKY ADULTOS 25KG                ,BULTO          ,8,162875.0,0,1303000,8,22222222,612,612,612,MASCOTAS                                ,Boyaca,Sogamoso,2024-Septiembre,>$1M,9
2024,Septiembre,22222222,61201,ITALCAN CARNE Y VERD 25KG          ,BULTO          ,4,96250.0,0,385000,3,22222222,612,612,612,MASCOTAS                                ,Boyaca,Sogamoso,2024-Septiembre,$250K-$500K,9
2024,Septiembre,22222222,61203,ITALCAN PLUS POLLO Y ARROZ 25KG    ,BULTO          ,1,96000.0,0,96000,1,22222222,612,612,612,MASCOTAS                                ,Boyaca,Sogamoso,2024-Septiembre,$50K-$100K,9
2024,Septiembre,22222222,61208,CHUNKY ADULTO CORDERO 1.5KG        ,BOLSA          ,1,15000.0,0,15000,1,22222222,612,612,612,MASCOTAS                                ,Boyaca,Sogamoso,2024-Septiembre,<$50K,9
2024,Septiembre,22222222,61214,CHUNKY GATOS POLLO 8KG             ,BULTO          ,1,98000.0,0,98000,1,22222222,612,612,612,MASCOTAS                                ,Boyaca,Sogamoso,2024-Septiembre,$50K-$100K,9
2024,Septiembre,22222222,61218,MONELLO TRADICIONAL 25KG           ,BULTO          ,5,266400.0,0,1332000,3,22222222,612,612,612,MASCOTAS                                ,Boyaca,Sogamoso,2024-Septiembre,>$1M,9
2024,Septiembre,22222222,61221,NUTRION ADULTO 30KG                ,BULTO          ,1,157000.0,0,157000,1,22222222,612,612,612,MASCOTAS                                ,Boyaca,Sogamoso,2024-Septiembre,$100K-$250K,9
2024,Septiembre,22222222,61225,MAXI CAT ARENA 10KG                ,BOLSA          ,2,85000.0,0,170000,2,22222222,612,612,612,MASCOTAS                                ,Boyaca,Sogamoso,2024-Septiembre,$100K-$250K,9
2024,Septiembre,22222222,61229,DONKAT ADULTO X1KG                 ,BOLSA          ,1,12000.0,0,12000,1,22222222,612,612,612,MASCOTAS                                ,Boyaca,Sogamoso,2024-Septiembre,<$50K,9
2024,Septiembre,22222222,61282,CHUNKY CORDERO 12 KG               ,UNIDAD         ,1,146000.0,0,146000,1,22222222,612,612,612,MASCOTAS                                ,Boyaca,Sogamoso,2024-Septiembre,$100K-$250K,9
2024,Septiembre,22222222,61301,NEXGARD                            ,PASTA          ,1,60000.0,0,60000,1,22222222,613,613,613,MASCOTAS                                ,Boyaca,Sogamoso,2024-Septiembre,$50K-$100K,9
2024,Septiembre,24113253,30119,NUTRECAN SENIOR 16KG               ,BULTO          ,1,90000.0,0,90000,1,24113253,301,301,108,MASCOTAS                                ,Boyaca,Sogamoso,2024-Septiembre,$50K-$100K,9
2024,Septiembre,33448889,10501,NOVILLONAS                         ,BULTO          ,1,75000.0,0,75000,1,33448889,105,105,105,GANADERIA                               ,Boyaca,Sogamoso,2024-Septiembre,$50K-$100K,9
2024,Septiembre,33448889,10506,CONTELAC 18%                       ,BULTO          ,2,73000.0,0,146000,1,33448889,105,105,105,GANADERIA                               ,Boyaca,Sogamoso,2024-Septiembre,$100K-$250K,9
2024,Septiembre,33448889,20203,SUPER HUEVO PREPICO 100            ,BULTO          ,2,84000.0,0,168000,1,33448889,202,202,101,AVICULTURA                              ,Boyaca,Sogamoso,2024-Septiembre,$100K-$250K,9
2024,Septiembre,40022620,10824,RINGO PREMIUM 30KG                 ,BULTO          ,6,126666.67,0,760000,2,40022620,108,108,108,MASCOTAS                                ,Boyaca,Tunja,2024-Septiembre,$500K-$1M,9
2024,Septiembre,46375504,10121,MAXI HUEVO C                       ,BULTO          ,20,84000.0,0,1680000,1,46375504,101,101,101,AVICULTURA                              ,Boyaca,Nobsa,2024-Septiembre,>$1M,9
2024,Septiembre,46376087,50201,RAZA PERROS 30KG                   ,BULTO          ,1,105000.0,0,105000,1,46376087,502,502,502,MASCOTAS                                ,Boyaca,Sogamoso,2024-Septiembre,$100K-$250K,9
2024,Septiembre,46376087,60820,MONELLO CAT GATITOS X 1KG          ,BOLSA          ,1,24000.0,0,24000,1,46376087,608,608,608,MASCOTAS                                ,Boyaca,Sogamoso,2024-Septiembre,<$50K,9
2024,Septiembre,46376087,60826,MONELLO CACHORRO X7KG              ,BULTO          ,1,89000.0,0,89000,1,46376087,608,608,608,MASCOTAS                                ,Boyaca,Sogamoso,2024-Septiembre,$50K-$100K,9
2024,Septiembre,47428820,20109,POLLO CRIOLLO Q                    ,BULTO          ,10,85000.0,0,850000,1,47428820,201,201,101,AVICULTURA                              ,Boyaca,Sogamoso,2024-Septiembre,$500K-$1M,9
2024,Septiembre,52824658,20604,BRIO POTROS                        ,BULTO          ,1,84000.0,0,84000,1,52824658,206,206,206,EQUINOS                                 ,Boyaca,Sogamoso,2024-Septiembre,$50K-$100K,9
2024,Septiembre,52824658,20607,MULTIFORRAJE EQUINO                ,BULTO          ,1,64000.0,0,64000,1,52824658,206,206,206,EQUINOS                                 ,Boyaca,Sogamoso,2024-Septiembre,$50K-$100K,9
2024,Septiembre,52824658,20608,PODIUM                             ,BULTO          ,2,78000.0,0,156000,1,52824658,206,206,206,EQUINOS                                 ,Boyaca,Sogamoso,2024-Septiembre,$100K-$250K,9
2024,Septiembre,74081683,10829,RINGO CROQUETAS 30KG               ,BULTO          ,1,127000.0,0,127000,1,74081683,108,108,108,MASCOTAS                                ,Boyaca,Nobsa,2024-Septiembre,$100K-$250K,9
2024,Septiembre,74083883,20503,CREMOSA                            ,BULTO          ,2,63000.0,0,126000,1,74083883,205,205,205,GANADERIA                               ,Boyaca,Corrales,2024-Septiembre,$100K-$250K,9
2024,Septiembre,74084607,10833,FILPO ADULTO 30KG                  ,BULTO          ,2,107000.0,0,214000,2,74084607,108,108,108,MASCOTAS                                ,Boyaca,Sogamoso,2024-Septiembre,$100K-$250K,9
2024,Septiembre,74084607,61282,CHUNKY CORDERO 12 KG               ,UNIDAD         ,1,148000.0,0,148000,1,74084607,612,612,612,MASCOTAS                                ,Boyaca,Sogamoso,2024-Septiembre,$100K-$250K,9
2024,Septiembre,74183961,10123,PONEDORA EXTRA I C                 ,BULTO          ,6,83000.0,0,498000,1,74183961,101,101,101,AVICULTURA                              ,Bogota DC,Bogota,2024-Septiembre,$250K-$500K,9
2024,Septiembre,74183961,10833,FILPO ADULTO 30KG                  ,BULTO          ,3,108000.0,0,324000,1,74183961,108,108,108,MASCOTAS                                ,Bogota DC,Bogota,2024-Septiembre,$250K-$500K,9
2024,Septiembre,74183961,30610,ORDEÑO P                           ,BULTO          ,38,69000.0,0,2622000,1,74183961,306,306,306,GANADERIA                               ,Bogota DC,Bogota,2024-Septiembre,>$1M,9
2024,Septiembre,74183961,60504,SAL 11% X 40KG                     ,BOLSA          ,2,77000.0,0,154000,1,74183961,605,605,605,SALES                                   ,Bogota DC,Bogota,2024-Septiembre,$100K-$250K,9
2024,Septiembre,74186547,10205,CERDOS LEVANTE                     ,BULTO          ,2,84000.0,0,168000,1,74186547,102,102,102,PORCICULTURA                            ,Boyaca,Sogamoso,2024-Septiembre,$100K-$250K,9
2024,Septiembre,74186547,20301,CERDITOS INICIACION NARANJA        ,BULTO          ,2,115000.0,0,230000,1,74186547,203,203,203,PORCICULTURA                            ,Boyaca,Sogamoso,2024-Septiembre,$100K-$250K,9
2024,Septiembre,74186654,10701,CONEJOS                            ,BULTO          ,3,87000.0,0,261000,2,74186654,107,107,107,CONEJOS                                 ,Boyaca,Nobsa,2024-Septiembre,$250K-$500K,9
2024,Septiembre,74186654,10832,FILPO ADULTO 0.5K*20               ,BOLSA          ,1,40000.0,0,40000,1,74186654,108,108,108,MASCOTAS                                ,Boyaca,Nobsa,2024-Septiembre,<$50K,9
2024,Septiembre,74186654,20503,CREMOSA                            ,BULTO          ,1,64000.0,0,64000,1,74186654,205,205,205,GANADERIA                               ,Boyaca,Nobsa,2024-Septiembre,$50K-$100K,9
2024,Septiembre,939777122,50201,RAZA PERROS 30KG                   ,BULTO          ,1,105000.0,0,105000,1,939777122,502,502,502,MASCOTAS                                ,Boyaca,Sogamoso,2024-Septiembre,$100K-$250K,9
2024,Septiembre,741870161,10831,FILPO ADULTO 10KG                  ,BULTO          ,1,40000.0,0,40000,1,741870161,108,108,108,MASCOTAS                                ,Boyaca,Tibasosa,2024-Septiembre,<$50K,9
2024,Septiembre,741870161,60810,DONKAT GATOS ADULTOS X 7KG         ,BULTO          ,1,72000.0,0,72000,1,741870161,608,608,608,MASCOTAS                                ,Boyaca,Tibasosa,2024-Septiembre,$50K-$100K,9
2024,Septiembre,741870161,60881,CHUNKY ADULTO X 9KG                ,BULTO          ,1,71000.0,0,71000,1,741870161,608,608,608,MASCOTAS                                ,Boyaca,Tibasosa,2024-Septiembre,$50K-$100K,9
2024,Septiembre,741870161,61019,OXITETRAXICICLINA MK  100mg X 100ML,FRASCO         ,1,43000.0,0,43000,1,741870161,610,610,610,DROGA VETERINARIA                       ,Boyaca,Tibasosa,2024-Septiembre,<$50K,9
2024,Septiembre,741870161,61042,SOROL X 120ML                      ,FRASCO         ,1,42000.0,0,42000,1,741870161,610,610,610,DROGA VETERINARIA                       ,Boyaca,Tibasosa,2024-Septiembre,<$50K,9
2024,Septiembre,741870161,61121,UBREVET X100G                      ,BOLSA          ,1,42000.0,0,42000,1,741870161,611,611,611,DROGA VETERINARIA                       ,Boyaca,Tibasosa,2024-Septiembre,<$50K,9
2024,Septiembre,826002633,10832,FILPO ADULTO 0.5K*20               ,BOLSA          ,1,9500.0,0,9500,1,826002633,108,108,108,MASCOTAS                                ,Boyaca,Sogamoso,2024-Septiembre,<$50K,9
2024,Septiembre,826002633,10833,FILPO ADULTO 30KG                  ,BULTO          ,1,107000.0,0,107000,1,826002633,108,108,108,MASCOTAS                                ,Boyaca,Sogamoso,2024-Septiembre,$100K-$250K,9
2024,Septiembre,826002633,30106,NUTRECAN ADULTOS RAZAS PEQUE 8KG   ,BULTO          ,1,235000.0,0,235000,1,826002633,301,301,108,MASCOTAS                                ,Boyaca,Sogamoso,2024-Septiembre,$100K-$250K,9
2024,Septiembre,860006745,10829,RINGO CROQUETAS 30KG               ,BULTO          ,10,128000.0,0,1280000,1,860006745,108,108,108,MASCOTAS                                ,Bogota DC,Bogota,2024-Septiembre,>$1M,9
2024,Septiembre,900092905,10102,MAXI POLLITOS 1K*20                ,BOLSA          ,3,1800.0,0,5400,3,900092905,101,101,101,AVICULTURA                              ,Boyaca,Sogamoso,2024-Septiembre,<$50K,9
2024,Septiembre,900092905,10106,MAXI BROILER C. 1K*20              ,BOLSA          ,1,2200.0,0,2200,1,900092905,101,101,101,AVICULTURA                              ,Boyaca,Sogamoso,2024-Septiembre,<$50K,9
2024,Septiembre,900092905,10113,POLLO CAMPESINO C 1K*20            ,BOLSA          ,1,2000.0,0,2000,1,900092905,101,101,101,AVICULTURA                              ,Boyaca,Sogamoso,2024-Septiembre,<$50K,9
2024,Septiembre,900092905,20102,SUPER POLLITO INICIACION 5K*4      ,BOLSA          ,1,5000.0,0,5000,1,900092905,201,201,101,AVICULTURA                              ,Boyaca,Sogamoso,2024-Septiembre,<$50K,9
2024,Septiembre,900092905,20202,SUPER HUEVO PREPICO                ,BULTO          ,2,78000.0,0,156000,1,900092905,202,202,101,AVICULTURA                              ,Boyaca,Sogamoso,2024-Septiembre,$100K-$250K,9
2024,Septiembre,900092905,20301,CERDITOS INICIACION NARANJA        ,BULTO          ,1,115000.0,0,115000,1,900092905,203,203,203,PORCICULTURA                            ,Boyaca,Sogamoso,2024-Septiembre,$100K-$250K,9
2024,Septiembre,900092905,20307,CERDO LEVANTE                      ,BULTO          ,15,83000.0,0,1245000,1,900092905,203,203,203,PORCICULTURA                            ,Boyaca,Sogamoso,2024-Septiembre,>$1M,9
2024,Septiembre,900092905,20706,TRUCHA LEVANTE 40                  ,BULTO          ,10,188000.0,0,1880000,1,900092905,207,207,207,ACUACULTURA                             ,Boyaca,Sogamoso,2024-Septiembre,>$1M,9
2024,Septiembre,900092905,20707,TRUCHA FINALIZACION 40             ,BULTO          ,18,207000.0,0,3726000,1,900092905,207,207,207,ACUACULTURA                             ,Boyaca,Sogamoso,2024-Septiembre,>$1M,9
2024,Septiembre,900147227,10500,TERNERAS LEVANTE                   ,BULTO          ,1,88000.0,0,88000,1,900147227,105,105,105,GANADERIA                               ,Boyaca,Sogamoso,2024-Septiembre,$50K-$100K,9
2024,Septiembre,900147227,10501,NOVILLONAS                         ,BULTO          ,1,75000.0,0,75000,1,900147227,105,105,105,GANADERIA                               ,Boyaca,Sogamoso,2024-Septiembre,$50K-$100K,9
2024,Septiembre,900147227,10506,CONTELAC 18%                       ,BULTO          ,2,74000.0,0,148000,2,900147227,105,105,105,GANADERIA                               ,Boyaca,Sogamoso,2024-Septiembre,$100K-$250K,9
2024,Septiembre,900147227,61055,MOSKATION FRASCO X 100ML           ,FRASCO         ,1,22000.0,0,22000,1,900147227,610,610,610,DROGA VETERINARIA                       ,Boyaca,Sogamoso,2024-Septiembre,<$50K,9
2024,Septiembre,900400560,10842,MIRRINGO 8KG                       ,BULTO          ,1,67000.0,0,67000,1,900400560,108,108,108,MASCOTAS                                ,Boyaca,Sogamoso,2024-Septiembre,$50K-$100K,9
2024,Septiembre,900882573,20707,TRUCHA FINALIZACION 40             ,BULTO          ,1,210000.0,0,210000,1,900882573,207,207,207,ACUACULTURA                             ,Boyaca,Duitama,2024-Septiembre,$100K-$250K,9
2024,Septiembre,900882573,50201,RAZA PERROS 30KG                   ,BULTO          ,1,105000.0,0,105000,1,900882573,502,502,502,MASCOTAS                                ,Boyaca,Duitama,2024-Septiembre,$100K-$250K,9
2024,Septiembre,901040704,10819,RINGO CACHORROS 30KG               ,BULTO          ,1,149000.0,0,149000,1,901040704,108,108,108,MASCOTAS                                ,Boyaca,Sogamoso,2024-Septiembre,$100K-$250K,9
2024,Septiembre,901206877,10402,CINTA AZUL  ADULTOS                ,BULTO          ,3,83000.0,0,249000,2,901206877,104,104,104,EQUINOS                                 ,Boyaca,Sogamoso,2024-Septiembre,$100K-$250K,9
2024,Septiembre,901206877,10829,RINGO CROQUETAS 30KG               ,BULTO          ,2,126000.0,0,252000,1,901206877,108,108,108,MASCOTAS                                ,Boyaca,Sogamoso,2024-Septiembre,$250K-$500K,9
2024,Septiembre,901206877,30111,NUTRECAN ADULTOS RM Y RG 16KG      ,BULTO          ,1,225000.0,0,225000,1,901206877,301,301,108,MASCOTAS                                ,Boyaca,Sogamoso,2024-Septiembre,$100K-$250K,9
2024,Septiembre,901448076,20311,NUTRECAN LIGHT 25 KG               ,BULT           ,2,160000.0,0,320000,1,901448076,203,203,203,PORCICULTURA                            ,Boyaca,Sogamoso,2024-Septiembre,$250K-$500K,9
2024,Septiembre,901448076,30127,NUTRECAN CROQUETAS ADULTOS 25KG    ,BULTO          ,2,160000.0,0,320000,1,901448076,301,301,108,MASCOTAS                                ,Boyaca,Sogamoso,2024-Septiembre,$250K-$500K,9
2024,Septiembre,901448076,60819,MAXI CAT ARENA SANITARIA PARA GATOS,BOLSA          ,2,40000.0,0,80000,2,901448076,608,608,608,MASCOTAS                                ,Boyaca,Sogamoso,2024-Septiembre,$50K-$100K,9
2024,Septiembre,901591495,10701,CONEJOS                            ,BULTO          ,3,117333.33,0,352000,2,901591495,107,107,107,CONEJOS                                 ,Boyaca,Sogamoso,2024-Septiembre,$250K-$500K,9
2024,Septiembre,901624441,10117,POLLITAS INICIACION                ,BULTO          ,25,90000.0,0,2250000,1,901624441,101,101,101,AVICULTURA                              ,Boyaca,Sogamoso,2024-Septiembre,>$1M,9
2024,Septiembre,901624523,20302,CERDO LEVANTE 1 NARANJA            ,BULTO          ,12,91000.0,0,1092000,1,901624523,203,203,203,PORCICULTURA                            ,Boyaca,Tunja,2024-Septiembre,>$1M,9
2024,Septiembre,901624523,20305,CERDA GESTACION NARANJA            ,BULTO          ,35,82000.0,0,2870000,1,901624523,203,203,203,PORCICULTURA                            ,Boyaca,Tunja,2024-Septiembre,>$1M,9
2024,Septiembre,901624523,20306,CERDA LACTANCIA NARANJA            ,BULTO          ,5,91000.0,0,455000,1,901624523,203,203,203,PORCICULTURA                            ,Boyaca,Tunja,2024-Septiembre,$250K-$500K,9
2024,Septiembre,901786502,20202,SUPER HUEVO PREPICO                ,BULTO          ,50,76000.0,0,3800000,1,901786502,202,202,101,AVICULTURA                              ,Boyaca,Nobsa,2024-Septiembre,>$1M,9
2024,Septiembre,901795156,10824,RINGO PREMIUM 30KG                 ,BULTO          ,1,150000.0,0,150000,1,901795156,108,108,108,MASCOTAS                                ,Boyaca,Sogamoso,2024-Septiembre,$100K-$250K,9
2024,Septiembre,901795156,20303,CERDO ENGORDE NARANJA              ,BULTO          ,3,88000.0,0,264000,2,901795156,203,203,203,PORCICULTURA                            ,Boyaca,Sogamoso,2024-Septiembre,$250K-$500K,9
2024,Septiembre,1051588968,10402,CINTA AZUL  ADULTOS                ,BULTO          ,1,80000.0,0,80000,1,1051588968,104,104,104,EQUINOS                                 ,Boyaca,Firavitoba,2024-Septiembre,$50K-$100K,9
2024,Septiembre,1051588968,10833,FILPO ADULTO 30KG                  ,BULTO          ,2,73500.0,0,147000,2,1051588968,108,108,108,MASCOTAS                                ,Boyaca,Firavitoba,2024-Septiembre,$100K-$250K,9
2024,Septiembre,1051588968,60701,MAIZ NACIONAL @                    ,BOLSA          ,1,92000.0,0,92000,1,1051588968,607,607,607,MAIZ                                    ,Boyaca,Firavitoba,2024-Septiembre,$50K-$100K,9
2024,Septiembre,1051590093,10121,MAXI HUEVO C                       ,BULTO          ,1,84000.0,0,84000,1,1051590093,101,101,101,AVICULTURA                              ,Boyaca,Sogamoso,2024-Septiembre,$50K-$100K,9
2024,Septiembre,1057579440,10127,PONEDORA SUELTA                    ,BULTO          ,2,68000.0,0,136000,1,1057579440,101,101,101,AVICULTURA                              ,Boyaca,Sogamoso,2024-Septiembre,$100K-$250K,9
2024,Septiembre,1057579440,10205,CERDOS LEVANTE                     ,BULTO          ,3,86333.33,0,259000,2,1057579440,102,102,102,PORCICULTURA                            ,Boyaca,Sogamoso,2024-Septiembre,$250K-$500K,9
2024,Septiembre,1057579440,10701,CONEJOS                            ,BULTO          ,2,2500.0,0,5000,1,1057579440,107,107,107,CONEJOS                                 ,Boyaca,Sogamoso,2024-Septiembre,<$50K,9
2024,Septiembre,1057579440,20203,SUPER HUEVO PREPICO 100            ,BULTO          ,5,84600.0,0,423000,2,1057579440,202,202,101,AVICULTURA                              ,Boyaca,Sogamoso,2024-Septiembre,$250K-$500K,9
2024,Septiembre,1057579440,20303,CERDO ENGORDE NARANJA              ,BULTO          ,1,88000.0,0,88000,1,1057579440,203,203,203,PORCICULTURA                            ,Boyaca,Sogamoso,2024-Septiembre,$50K-$100K,9
2024,Septiembre,1057579440,20308,CERDO ENGORDE                      ,BULTO          ,1,74000.0,0,74000,1,1057579440,203,203,203,PORCICULTURA                            ,Boyaca,Sogamoso,2024-Septiembre,$50K-$100K,9
2024,Septiembre,1057579440,20503,CREMOSA                            ,BULTO          ,2,63000.0,0,126000,2,1057579440,205,205,205,GANADERIA                               ,Boyaca,Sogamoso,2024-Septiembre,$100K-$250K,9
2024,Septiembre,1057579440,20505,ITAL LECHE PELLET                  ,BULTO          ,1,57000.0,0,57000,1,1057579440,205,205,205,GANADERIA                               ,Boyaca,Sogamoso,2024-Septiembre,$50K-$100K,9
2024,Septiembre,1057579440,20706,TRUCHA LEVANTE 40                  ,BULTO          ,2,190000.0,0,380000,1,1057579440,207,207,207,ACUACULTURA                             ,Boyaca,Sogamoso,2024-Septiembre,$250K-$500K,9
2024,Septiembre,1057579440,30612,CREMALECHE                         ,BULTO          ,2,69000.0,0,138000,1,1057579440,306,306,306,GANADERIA                               ,Boyaca,Sogamoso,2024-Septiembre,$100K-$250K,9
2024,Septiembre,1057579440,60117,IVERBEST FRASCO X 500ML            ,FRASCO         ,1,89000.0,0,89000,1,1057579440,601,601,610,DROGA VETERINARIA                       ,Boyaca,Sogamoso,2024-Septiembre,$50K-$100K,9
2024,Septiembre,1057579440,61082,MELAZA X 1KG                       ,BOLSA          ,1,46000.0,0,46000,1,1057579440,610,610,610,DROGA VETERINARIA                       ,Boyaca,Sogamoso,2024-Septiembre,<$50K,9
2024,Septiembre,1057596377,10209,CERDOS ENGORDE                     ,BULTO          ,1,74000.0,0,74000,1,1057596377,102,102,102,PORCICULTURA                            ,Boyaca,Sogamoso,2024-Septiembre,$50K-$100K,9
2024,Septiembre,1057596377,10506,CONTELAC 18%                       ,BULTO          ,1,73000.0,0,73000,1,1057596377,105,105,105,GANADERIA                               ,Boyaca,Sogamoso,2024-Septiembre,$50K-$100K,9
2024,Septiembre,1057596377,10601,CERDOS ENGORDE P TULIPAN           ,BULTO          ,1,58000.0,0,58000,1,1057596377,106,106,102,PORCICULTURA                            ,Boyaca,Sogamoso,2024-Septiembre,$50K-$100K,9
2024,Septiembre,1057596377,10602,FORRAJE GANADERIA H TULIPAN        ,BULTO          ,1,59000.0,0,59000,1,1057596377,106,106,105,GANADERIA                               ,Boyaca,Sogamoso,2024-Septiembre,$50K-$100K,9
2024,Septiembre,1057596377,10701,CONEJOS                            ,BULTO          ,3,87000.0,0,261000,2,1057596377,107,107,107,CONEJOS                                 ,Boyaca,Sogamoso,2024-Septiembre,$250K-$500K,9
2024,Septiembre,1057596377,50110,SUPER ENGORDE EXTRA DISTRI         ,BULTO          ,1,82000.0,0,82000,1,1057596377,501,501,101,AVICULTURA                              ,Boyaca,Sogamoso,2024-Septiembre,$50K-$100K,9
2024,Septiembre,1057596377,50201,RAZA PERROS 30KG                   ,BULTO          ,1,105000.0,0,105000,1,1057596377,502,502,502,MASCOTAS                                ,Boyaca,Sogamoso,2024-Septiembre,$100K-$250K,9
2024,Septiembre,1057600244,10842,MIRRINGO 8KG                       ,BULTO          ,1,67000.0,0,67000,1,1057600244,108,108,108,MASCOTAS                                ,Boyaca,Sogamoso,2024-Septiembre,$50K-$100K,9
2024,Septiembre,1057603666,10701,CONEJOS                            ,BULTO          ,6,82500.0,0,495000,3,1057603666,107,107,107,CONEJOS                                 ,Boyaca,Iza,2024-Septiembre,$250K-$500K,9
2024,Septiembre,1057603666,10831,FILPO ADULTO 10KG                  ,BULTO          ,1,40000.0,0,40000,1,1057603666,108,108,108,MASCOTAS                                ,Boyaca,Iza,2024-Septiembre,<$50K,9
2024,Septiembre,1057603666,10844,MIRRINGO 1KG*20                    ,BOLSA          ,1,9500.0,0,9500,1,1057603666,108,108,108,MASCOTAS                                ,Boyaca,Iza,2024-Septiembre,<$50K,9
2024,Septiembre,1057603666,20503,CREMOSA                            ,BULTO          ,7,64000.0,0,448000,2,1057603666,205,205,205,GANADERIA                               ,Boyaca,Iza,2024-Septiembre,$250K-$500K,9
2024,Septiembre,1057603666,20606,FURIA TOTAL                        ,BULTO          ,5,63200.0,0,316000,2,1057603666,206,206,206,EQUINOS                                 ,Boyaca,Iza,2024-Septiembre,$250K-$500K,9
2024,Septiembre,1057603666,30125,NUTRECAN CROQUETAS ADULTOS 2K*8    ,BOLSA          ,1,14000.0,0,14000,1,1057603666,301,301,108,MASCOTAS                                ,Boyaca,Iza,2024-Septiembre,<$50K,9
2024,Septiembre,1057603666,30410,PONEDORAS I C.                     ,BULTO          ,1,72000.0,0,72000,1,1057603666,304,304,304,AVICULTURA                              ,Boyaca,Iza,2024-Septiembre,$50K-$100K,9
2024,Septiembre,1057603666,60600,SEMILLAS                           ,SOBRE          ,1,25500.0,0,25500,1,1057603666,606,606,606,SEMILLAS                                ,Boyaca,Iza,2024-Septiembre,<$50K,9
2024,Septiembre,1057603666,60701,MAIZ NACIONAL @                    ,BOLSA          ,1,80000.0,0,80000,1,1057603666,607,607,607,MAIZ                                    ,Boyaca,Iza,2024-Septiembre,$50K-$100K,9
2024,Septiembre,1057603666,61168,IVERMECTINA 1% X50ML               ,FRASCO         ,1,48000.0,0,48000,1,1057603666,611,611,611,DROGA VETERINARIA                       ,Boyaca,Iza,2024-Septiembre,<$50K,9
2024,Septiembre,8260002612,10209,CERDOS ENGORDE                     ,BULTO          ,2,76000.0,0,152000,2,8260002612,102,102,102,PORCICULTURA                            ,Boyaca,Sogamoso,2024-Septiembre,$100K-$250K,9
2024,Septiembre,8260002612,10500,TERNERAS LEVANTE                   ,BULTO          ,2,87500.0,0,175000,2,8260002612,105,105,105,GANADERIA                               ,Boyaca,Sogamoso,2024-Septiembre,$100K-$250K,9
2024,Septiembre,8260002612,10504,CONTELAC 14%                       ,BULTO          ,4,70000.0,0,280000,2,8260002612,105,105,105,GANADERIA                               ,Boyaca,Sogamoso,2024-Septiembre,$250K-$500K,9
2024,Septiembre,8260002612,10829,RINGO CROQUETAS 30KG               ,BULTO          ,1,127000.0,0,127000,1,8260002612,108,108,108,MASCOTAS                                ,Boyaca,Sogamoso,2024-Septiembre,$100K-$250K,9
2024,Septiembre,8260002612,50201,RAZA PERROS 30KG                   ,BULTO          ,1,107000.0,0,107000,1,8260002612,502,502,502,MASCOTAS                                ,Boyaca,Sogamoso,2024-Septiembre,$100K-$250K,9
2024,Septiembre,8260002612,60504,SAL 11% X 40KG                     ,BOLSA          ,1,76000.0,0,76000,1,8260002612,605,605,605,SALES                                   ,Boyaca,Sogamoso,2024-Septiembre,$50K-$100K,9
2024,Septiembre,8260002612,60505,SAL 6% X 5KG*10                    ,BOLSA          ,2,66000.0,0,132000,1,8260002612,605,605,605,SALES                                   ,Boyaca,Sogamoso,2024-Septiembre,$100K-$250K,9
2024,Septiembre,9003246621,20705,TRUCHA INICIACION 50               ,BULTO          ,1,245000.0,0,245000,1,9003246621,207,207,207,ACUACULTURA                             ,Boyaca,Aquitania,2024-Septiembre,$100K-$250K,9
2024,Septiembre,9007889571,10120,MAXI HUEVO H                       ,BULTO          ,1,85000.0,0,85000,1,9007889571,101,101,101,AVICULTURA                              ,Boyaca,Sogamoso,2024-Septiembre,$50K-$100K,9
2024,Septiembre,9010014511,20311,NUTRECAN LIGHT 25 KG               ,BULT           ,1,225000.0,0,225000,1,9010014511,203,203,203,PORCICULTURA                            ,Boyaca,Sogamoso,2024-Septiembre,$100K-$250K,9
2024,Septiembre,9010014511,60881,CHUNKY ADULTO X 9KG                ,BULTO          ,1,26000.0,0,26000,1,9010014511,608,608,608,MASCOTAS                                ,Boyaca,Sogamoso,2024-Septiembre,<$50K,9
2024,Agosto,2881484,10829,RINGO CROQUETAS 30KG               ,BULTO          ,1,126000.0,0,126000,1,2881484,108,108,108,MASCOTAS                                ,Boyaca,Sogamoso,2024-Agosto,$100K-$250K,8
2024,Agosto,2881484,10830,FILPO CACHORROS 10KG               ,BULTO          ,1,48000.0,0,48000,1,2881484,108,108,108,MASCOTAS                                ,Boyaca,Sogamoso,2024-Agosto,<$50K,8
2024,Agosto,2881484,10842,MIRRINGO 8KG                       ,BULTO          ,1,67000.0,0,67000,1,2881484,108,108,108,MASCOTAS                                ,Boyaca,Sogamoso,2024-Agosto,$50K-$100K,8
2024,Agosto,4117002,10202,INICIACION CERDOS                  ,BULTO          ,2,116000.0,0,232000,1,4117002,102,102,102,PORCICULTURA                            ,Boyaca,Firavitoba,2024-Agosto,$100K-$250K,8
2024,Agosto,4117002,10203,MAXI LECHONES   R                  ,BULTO          ,22,93000.0,0,2046000,2,4117002,102,102,102,PORCICULTURA                            ,Boyaca,Firavitoba,2024-Agosto,>$1M,8
2024,Agosto,4117002,10207,MAXI CERDOS FINALIZADOR            ,BULTO          ,4,92000.0,0,368000,2,4117002,102,102,102,PORCICULTURA                            ,Boyaca,Firavitoba,2024-Agosto,$250K-$500K,8
2024,Agosto,4117002,10211,MAXI CERDAS GESTACION   R          ,BULTO          ,15,89000.0,0,1335000,3,4117002,102,102,102,PORCICULTURA                            ,Boyaca,Firavitoba,2024-Agosto,>$1M,8
2024,Agosto,4117002,10213,CERDAS LACTANCIA PRIMERIZAS        ,BULTO          ,2,97000.0,0,194000,1,4117002,102,102,102,PORCICULTURA                            ,Boyaca,Firavitoba,2024-Agosto,$100K-$250K,8
2024,Agosto,4119727,20303,CERDO ENGORDE NARANJA              ,BULTO          ,8,88000.0,0,704000,1,4119727,203,203,203,PORCICULTURA                            ,Boyaca,Firavitoba,2024-Agosto,$500K-$1M,8
2024,Agosto,4119727,20304,CERDO FINALIZADOR NARANJA          ,BULTO          ,1,89000.0,0,89000,1,4119727,203,203,203,PORCICULTURA                            ,Boyaca,Firavitoba,2024-Agosto,$50K-$100K,8
2024,Agosto,4119727,20305,CERDA GESTACION NARANJA            ,BULTO          ,6,82000.0,0,492000,1,4119727,203,203,203,PORCICULTURA                            ,Boyaca,Firavitoba,2024-Agosto,$250K-$500K,8
2024,Agosto,4123343,20600,EQUINOS                            ,BULTO          ,1,70000.0,0,70000,1,4123343,206,206,206,EQUINOS                                 ,Boyaca,Sogamoso,2024-Agosto,$50K-$100K,8
2024,Agosto,4123343,20607,MULTIFORRAJE EQUINO                ,BULTO          ,1,64000.0,0,64000,1,4123343,206,206,206,EQUINOS                                 ,Boyaca,Sogamoso,2024-Agosto,$50K-$100K,8
2024,Agosto,4143843,10120,MAXI HUEVO H                       ,BULTO          ,1,84000.0,0,84000,1,4143843,101,101,101,AVICULTURA                              ,Boyaca,Paya,2024-Agosto,$50K-$100K,8
2024,Agosto,4143843,10821,RINGO PREMIUM 20KG                 ,BULTO          ,1,103000.0,0,103000,1,4143843,108,108,108,MASCOTAS                                ,Boyaca,Paya,2024-Agosto,$100K-$250K,8
2024,Agosto,4143843,20302,CERDO LEVANTE 1 NARANJA            ,BULTO          ,1,91000.0,0,91000,1,4143843,203,203,203,PORCICULTURA                            ,Boyaca,Paya,2024-Agosto,$50K-$100K,8
2024,Agosto,4143843,30601,MANNA P                            ,BULTO          ,2,86000.0,0,172000,1,4143843,306,306,306,GANADERIA                               ,Boyaca,Paya,2024-Agosto,$100K-$250K,8
2024,Agosto,4208254,20304,CERDO FINALIZADOR NARANJA          ,BULTO          ,1,90000.0,0,90000,1,4208254,203,203,203,PORCICULTURA                            ,Boyaca,Nobsa,2024-Agosto,$50K-$100K,8
2024,Agosto,4208254,20305,CERDA GESTACION NARANJA            ,BULTO          ,1,77000.0,0,77000,1,4208254,203,203,203,PORCICULTURA                            ,Boyaca,Nobsa,2024-Agosto,$50K-$100K,8
2024,Agosto,4272458,10515,NOVILLOS CEBA P                    ,BULTO          ,1,78000.0,0,78000,1,4272458,105,105,105,GANADERIA                               ,Boyaca,Sogamoso,2024-Agosto,$50K-$100K,8
2024,Agosto,4272485,10121,MAXI HUEVO C                       ,BULTO          ,1,84000.0,0,84000,1,4272485,101,101,101,AVICULTURA                              ,Boyaca,Sogamoso,2024-Agosto,$50K-$100K,8
2024,Agosto,4272485,20302,CERDO LEVANTE 1 NARANJA            ,BULTO          ,1,91000.0,0,91000,1,4272485,203,203,203,PORCICULTURA                            ,Boyaca,Sogamoso,2024-Agosto,$50K-$100K,8
2024,Agosto,7125529,10833,FILPO ADULTO 30KG                  ,BULTO          ,2,107000.0,0,214000,1,7125529,108,108,108,MASCOTAS                                ,Boyaca,Sogamoso,2024-Agosto,$100K-$250K,8
2024,Agosto,7125529,50206,SUPERCAN CROQUETAS 30KG            ,BULTO          ,1,128000.0,0,128000,1,7125529,502,502,502,MASCOTAS                                ,Boyaca,Sogamoso,2024-Agosto,$100K-$250K,8
2024,Agosto,9395832,20707,TRUCHA FINALIZACION 40             ,BULTO          ,3,208000.0,0,624000,1,9395832,207,207,207,ACUACULTURA                             ,Boyaca,Sogamoso,2024-Agosto,$500K-$1M,8
2024,Agosto,9399579,10833,FILPO ADULTO 30KG                  ,BULTO          ,1,107000.0,0,107000,1,9399579,108,108,108,MASCOTAS                                ,Boyaca,Sogamoso,2024-Agosto,$100K-$250K,8
2024,Agosto,9518455,50201,RAZA PERROS 30KG                   ,BULTO          ,1,105000.0,0,105000,1,9518455,502,502,502,MASCOTAS                                ,Bogota DC,Bogota,2024-Agosto,$100K-$250K,8
2024,Agosto,9527933,10603,FORRAJE GANADERIA P TULIPAN        ,BULTO          ,1,60000.0,0,60000,1,9527933,106,106,105,GANADERIA                               ,Boyaca,Sogamoso,2024-Agosto,$50K-$100K,8
2024,Agosto,9527933,50201,RAZA PERROS 30KG                   ,BULTO          ,5,105400.0,0,527000,2,9527933,502,502,502,MASCOTAS                                ,Boyaca,Sogamoso,2024-Agosto,$500K-$1M,8
2024,Agosto,9531884,10824,RINGO PREMIUM 30KG                 ,BULTO          ,1,150000.0,0,150000,1,9531884,108,108,108,MASCOTAS                                ,Boyaca,Sogamoso,2024-Agosto,$100K-$250K,8
2024,Agosto,9532024,20706,TRUCHA LEVANTE 40                  ,BULTO          ,4,190000.0,0,760000,1,9532024,207,207,207,ACUACULTURA                             ,Boyaca,Sogamoso,2024-Agosto,$500K-$1M,8
2024,Agosto,17037305,10500,TERNERAS LEVANTE                   ,BULTO          ,3,92000.0,0,276000,1,17037305,105,105,105,GANADERIA                               ,Boyaca,Sogamoso,2024-Agosto,$250K-$500K,8
2024,Agosto,17037305,10516,MAXI SAL 11% H                     ,BULTO          ,2,77000.0,0,154000,1,17037305,105,105,105,GANADERIA                               ,Boyaca,Sogamoso,2024-Agosto,$100K-$250K,8
2024,Agosto,17037305,10833,FILPO ADULTO 30KG                  ,BULTO          ,2,112000.0,0,224000,1,17037305,108,108,108,MASCOTAS                                ,Boyaca,Sogamoso,2024-Agosto,$100K-$250K,8
2024,Agosto,17037305,20503,CREMOSA                            ,BULTO          ,13,66000.0,0,858000,1,17037305,205,205,205,GANADERIA                               ,Boyaca,Sogamoso,2024-Agosto,$500K-$1M,8
2024,Agosto,19183672,10833,FILPO ADULTO 30KG                  ,BULTO          ,1,127000.0,0,127000,1,19183672,108,108,108,MASCOTAS                                ,Boyaca,Sogamoso,2024-Agosto,$100K-$250K,8
2024,Agosto,22222222,10101,MAXI POLLITOS H.                   ,BULTO          ,2,99000.0,0,198000,1,22222222,101,101,101,AVICULTURA                              ,Boyaca,Sogamoso,2024-Agosto,$100K-$250K,8
2024,Agosto,22222222,10103,MAXI POLLITOS C.                   ,BULTO          ,2,98500.0,0,197000,2,22222222,101,101,101,AVICULTURA                              ,Boyaca,Sogamoso,2024-Agosto,$100K-$250K,8
2024,Agosto,22222222,10107,MAXI BROILER C.                    ,BULTO          ,6,108000.0,0,648000,2,22222222,101,101,101,AVICULTURA                              ,Boyaca,Sogamoso,2024-Agosto,$500K-$1M,8
2024,Agosto,22222222,10108,MAXI BROILER P                     ,BULTO          ,5,101800.0,0,509000,5,22222222,101,101,101,AVICULTURA                              ,Boyaca,Sogamoso,2024-Agosto,$500K-$1M,8
2024,Agosto,22222222,10109,MAXI BROILER PIGMENTO C            ,BULTO          ,6,108333.33,0,650000,6,22222222,101,101,101,AVICULTURA                              ,Boyaca,Sogamoso,2024-Agosto,$500K-$1M,8
2024,Agosto,22222222,10112,BROILER P                          ,BULTO          ,3,97333.33,0,292000,3,22222222,101,101,101,AVICULTURA                              ,Boyaca,Sogamoso,2024-Agosto,$250K-$500K,8
2024,Agosto,22222222,10118,POLLAS                             ,BULTO          ,3,85333.33,0,256000,3,22222222,101,101,101,AVICULTURA                              ,Boyaca,Sogamoso,2024-Agosto,$250K-$500K,8
2024,Agosto,22222222,10120,MAXI HUEVO H                       ,BULTO          ,2,84000.0,0,168000,2,22222222,101,101,101,AVICULTURA                              ,Boyaca,Sogamoso,2024-Agosto,$100K-$250K,8
2024,Agosto,22222222,10121,MAXI HUEVO C                       ,BULTO          ,63,83968.25,0,5290000,31,22222222,101,101,101,AVICULTURA                              ,Boyaca,Sogamoso,2024-Agosto,>$1M,8
2024,Agosto,22222222,10123,PONEDORA EXTRA I C                 ,BULTO          ,33,82030.3,0,2707000,11,22222222,101,101,101,AVICULTURA                              ,Boyaca,Sogamoso,2024-Agosto,>$1M,8
2024,Agosto,22222222,10133,CODORNICES CONTEGRAL               ,BULTO          ,8,92750.0,0,742000,7,22222222,101,101,101,AVICULTURA                              ,Boyaca,Sogamoso,2024-Agosto,$500K-$1M,8
2024,Agosto,22222222,10202,INICIACION CERDOS                  ,BULTO          ,1,116000.0,0,116000,1,22222222,102,102,102,PORCICULTURA                            ,Boyaca,Sogamoso,2024-Agosto,$100K-$250K,8
2024,Agosto,22222222,10204,MAXI LECHONES                      ,BULTO          ,1,94000.0,0,94000,1,22222222,102,102,102,PORCICULTURA                            ,Boyaca,Sogamoso,2024-Agosto,$50K-$100K,8
2024,Agosto,22222222,10207,MAXI CERDOS FINALIZADOR            ,BULTO          ,1,80000.0,0,80000,1,22222222,102,102,102,PORCICULTURA                            ,Boyaca,Sogamoso,2024-Agosto,$50K-$100K,8
2024,Agosto,22222222,10209,CERDOS ENGORDE                     ,BULTO          ,3,74000.0,0,222000,3,22222222,102,102,102,PORCICULTURA                            ,Boyaca,Sogamoso,2024-Agosto,$100K-$250K,8
2024,Agosto,22222222,10212,MAXI CERDAS GESTACION              ,BULTO          ,13,81846.15,0,1064000,6,22222222,102,102,102,PORCICULTURA                            ,Boyaca,Sogamoso,2024-Agosto,>$1M,8
2024,Agosto,22222222,10213,CERDAS LACTANCIA PRIMERIZAS        ,BULTO          ,2,82000.0,0,164000,1,22222222,102,102,102,PORCICULTURA                            ,Boyaca,Sogamoso,2024-Agosto,$100K-$250K,8
2024,Agosto,22222222,10214,MAXI CERDAS LACTANCIA              ,BULTO          ,4,84750.0,0,339000,4,22222222,102,102,102,PORCICULTURA                            ,Boyaca,Sogamoso,2024-Agosto,$250K-$500K,8
2024,Agosto,22222222,10300,"MAXI PECES 38 1,8 E                ",BULTO          ,2,157000.0,0,314000,2,22222222,103,103,103,ACUACULTURA                             ,Boyaca,Sogamoso,2024-Agosto,$250K-$500K,8
2024,Agosto,22222222,10301,"MAXI PECES 32 2,5 E                ",BULTO          ,4,137500.0,0,550000,2,22222222,103,103,103,ACUACULTURA                             ,Boyaca,Sogamoso,2024-Agosto,$500K-$1M,8
2024,Agosto,22222222,10305,"MAXI TRUCHAS 45 SP 3,5 E           ",BULTO          ,2,208000.0,0,416000,1,22222222,103,103,103,ACUACULTURA                             ,Boyaca,Sogamoso,2024-Agosto,$250K-$500K,8
2024,Agosto,22222222,10400,POTROS  CINTA AZUL                 ,BULTO          ,2,85000.0,0,170000,1,22222222,104,104,104,EQUINOS                                 ,Boyaca,Sogamoso,2024-Agosto,$100K-$250K,8
2024,Agosto,22222222,10401,YEGUAS                             ,BULTO          ,1,82000.0,0,82000,1,22222222,104,104,104,EQUINOS                                 ,Boyaca,Sogamoso,2024-Agosto,$50K-$100K,8
2024,Agosto,22222222,10403,CORCEL                             ,BULTO          ,2,70000.0,0,140000,1,22222222,104,104,104,EQUINOS                                 ,Boyaca,Sogamoso,2024-Agosto,$100K-$250K,8
2024,Agosto,22222222,10500,TERNERAS LEVANTE                   ,BULTO          ,5,86200.0,0,431000,4,22222222,105,105,105,GANADERIA                               ,Boyaca,Sogamoso,2024-Agosto,$250K-$500K,8
2024,Agosto,22222222,10501,NOVILLONAS                         ,BULTO          ,7,73000.0,0,511000,7,22222222,105,105,105,GANADERIA                               ,Boyaca,Sogamoso,2024-Agosto,$500K-$1M,8
2024,Agosto,22222222,10504,CONTELAC 14%                       ,BULTO          ,9,68555.56,0,617000,6,22222222,105,105,105,GANADERIA                               ,Boyaca,Sogamoso,2024-Agosto,$500K-$1M,8
2024,Agosto,22222222,10505,CONTELAC 16%                       ,BULTO          ,2,71000.0,0,142000,1,22222222,105,105,105,GANADERIA                               ,Boyaca,Sogamoso,2024-Agosto,$100K-$250K,8
2024,Agosto,22222222,10506,CONTELAC 18%                       ,BULTO          ,6,72666.67,0,436000,4,22222222,105,105,105,GANADERIA                               ,Boyaca,Sogamoso,2024-Agosto,$250K-$500K,8
2024,Agosto,22222222,10507,PRELACTANCIA                       ,BULTO          ,2,75000.0,0,150000,2,22222222,105,105,105,GANADERIA                               ,Boyaca,Sogamoso,2024-Agosto,$100K-$250K,8
2024,Agosto,22222222,10515,NOVILLOS CEBA P                    ,BULTO          ,23,78043.48,0,1795000,16,22222222,105,105,105,GANADERIA                               ,Boyaca,Sogamoso,2024-Agosto,>$1M,8
2024,Agosto,22222222,10601,CERDOS ENGORDE P TULIPAN           ,BULTO          ,1,59000.0,0,59000,1,22222222,106,106,102,PORCICULTURA                            ,Boyaca,Sogamoso,2024-Agosto,$50K-$100K,8
2024,Agosto,22222222,10603,FORRAJE GANADERIA P TULIPAN        ,BULTO          ,19,58789.47,0,1117000,11,22222222,106,106,105,GANADERIA                               ,Boyaca,Sogamoso,2024-Agosto,>$1M,8
2024,Agosto,22222222,10701,CONEJOS                            ,BULTO          ,25,83480.0,0,2087000,19,22222222,107,107,107,CONEJOS                                 ,Boyaca,Sogamoso,2024-Agosto,>$1M,8
2024,Agosto,22222222,10809,NUTRISS ADULTOS CARNE Y VEG  30KG  ,BULTO          ,3,160000.0,0,480000,3,22222222,108,108,108,MASCOTAS                                ,Boyaca,Sogamoso,2024-Agosto,$250K-$500K,8
2024,Agosto,22222222,10811,NUTRISS ADULTOS POLLO Y VEG 20KG   ,BULTO          ,1,117000.0,0,117000,1,22222222,108,108,108,MASCOTAS                                ,Boyaca,Sogamoso,2024-Agosto,$100K-$250K,8
2024,Agosto,22222222,10814,NUTRISS ADULTOS POLLO Y VEG 30KG   ,BULTO          ,1,160000.0,0,160000,1,22222222,108,108,108,MASCOTAS                                ,Boyaca,Sogamoso,2024-Agosto,$100K-$250K,8
2024,Agosto,22222222,10816,RINGO CACHORROS 15KG               ,BULTO          ,1,80000.0,0,80000,1,22222222,108,108,108,MASCOTAS                                ,Boyaca,Sogamoso,2024-Agosto,$50K-$100K,8
2024,Agosto,22222222,10817,RINGO CACHORROS 1K*20              ,BOLSA          ,4,6000.0,0,24000,1,22222222,108,108,108,MASCOTAS                                ,Boyaca,Sogamoso,2024-Agosto,<$50K,8
2024,Agosto,22222222,10818,RINGO CACHORROS 2K*5               ,BOLSA          ,1,12000.0,0,12000,1,22222222,108,108,108,MASCOTAS                                ,Boyaca,Sogamoso,2024-Agosto,<$50K,8
2024,Agosto,22222222,10821,RINGO PREMIUM 20KG                 ,BULTO          ,2,105000.0,0,210000,2,22222222,108,108,108,MASCOTAS                                ,Boyaca,Sogamoso,2024-Agosto,$100K-$250K,8
2024,Agosto,22222222,10824,RINGO PREMIUM 30KG                 ,BULTO          ,12,151333.33,0,1816000,12,22222222,108,108,108,MASCOTAS                                ,Boyaca,Sogamoso,2024-Agosto,>$1M,8
2024,Agosto,22222222,10826,RINGO CROQUETAS 20KG               ,BULTO          ,4,90000.0,0,360000,4,22222222,108,108,108,MASCOTAS                                ,Boyaca,Sogamoso,2024-Agosto,$250K-$500K,8
2024,Agosto,22222222,10828,RINGO CROQUETAS 2K*5               ,BOLSA          ,2,10000.0,0,20000,2,22222222,108,108,108,MASCOTAS                                ,Boyaca,Sogamoso,2024-Agosto,<$50K,8
2024,Agosto,22222222,10829,RINGO CROQUETAS 30KG               ,BULTO          ,33,126393.94,0,4171000,23,22222222,108,108,108,MASCOTAS                                ,Boyaca,Sogamoso,2024-Agosto,>$1M,8
2024,Agosto,22222222,10830,FILPO CACHORROS 10KG               ,BULTO          ,5,48000.0,0,240000,4,22222222,108,108,108,MASCOTAS                                ,Boyaca,Sogamoso,2024-Agosto,$100K-$250K,8
2024,Agosto,22222222,10831,FILPO ADULTO 10KG                  ,BULTO          ,6,40000.0,0,240000,6,22222222,108,108,108,MASCOTAS                                ,Boyaca,Sogamoso,2024-Agosto,$100K-$250K,8
2024,Agosto,22222222,10832,FILPO ADULTO 0.5K*20               ,BOLSA          ,14,3000.0,0,42000,1,22222222,108,108,108,MASCOTAS                                ,Boyaca,Sogamoso,2024-Agosto,<$50K,8
2024,Agosto,22222222,10833,FILPO ADULTO 30KG                  ,BULTO          ,45,107222.22,0,4825000,37,22222222,108,108,108,MASCOTAS                                ,Boyaca,Sogamoso,2024-Agosto,>$1M,8
2024,Agosto,22222222,10842,MIRRINGO 8KG                       ,BULTO          ,10,66800.0,0,668000,10,22222222,108,108,108,MASCOTAS                                ,Boyaca,Sogamoso,2024-Agosto,$500K-$1M,8
2024,Agosto,22222222,10844,MIRRINGO 1KG*20                    ,BOLSA          ,1,9500.0,0,9500,1,22222222,108,108,108,MASCOTAS                                ,Boyaca,Sogamoso,2024-Agosto,<$50K,8
2024,Agosto,22222222,20104,SUPER POLLO ENGORDE GRANJA         ,BULTO          ,1,84000.0,0,84000,1,22222222,201,201,101,AVICULTURA                              ,Boyaca,Sogamoso,2024-Agosto,$50K-$100K,8
2024,Agosto,22222222,20107,SUPER POLLO ENGORDE DIS            ,BULTO          ,1,98000.0,0,98000,1,22222222,201,201,101,AVICULTURA                              ,Boyaca,Sogamoso,2024-Agosto,$50K-$100K,8
2024,Agosto,22222222,20108,POLLO CRIOLLO P                    ,BULTO          ,4,74000.0,0,296000,3,22222222,201,201,101,AVICULTURA                              ,Boyaca,Sogamoso,2024-Agosto,$250K-$500K,8
2024,Agosto,22222222,20202,SUPER HUEVO PREPICO                ,BULTO          ,25,79800.0,0,1995000,12,22222222,202,202,101,AVICULTURA                              ,Boyaca,Sogamoso,2024-Agosto,>$1M,8
2024,Agosto,22222222,20203,SUPER HUEVO PREPICO 100            ,BULTO          ,48,83333.33,0,4000000,21,22222222,202,202,101,AVICULTURA                              ,Boyaca,Sogamoso,2024-Agosto,>$1M,8
2024,Agosto,22222222,20301,CERDITOS INICIACION NARANJA        ,BULTO          ,4,115000.0,0,460000,4,22222222,203,203,203,PORCICULTURA                            ,Boyaca,Sogamoso,2024-Agosto,$250K-$500K,8
2024,Agosto,22222222,20302,CERDO LEVANTE 1 NARANJA            ,BULTO          ,67,88523.88,0,5931100,29,22222222,203,203,203,PORCICULTURA                            ,Boyaca,Sogamoso,2024-Agosto,>$1M,8
2024,Agosto,22222222,20303,CERDO ENGORDE NARANJA              ,BULTO          ,6,88000.0,0,528000,3,22222222,203,203,203,PORCICULTURA                            ,Boyaca,Sogamoso,2024-Agosto,$500K-$1M,8
2024,Agosto,22222222,20304,CERDO FINALIZADOR NARANJA          ,BULTO          ,23,89000.0,0,2047000,6,22222222,203,203,203,PORCICULTURA                            ,Boyaca,Sogamoso,2024-Agosto,>$1M,8
2024,Agosto,22222222,20305,CERDA GESTACION NARANJA            ,BULTO          ,3,82000.0,0,246000,1,22222222,203,203,203,PORCICULTURA                            ,Boyaca,Sogamoso,2024-Agosto,$100K-$250K,8
2024,Agosto,22222222,20306,CERDA LACTANCIA NARANJA            ,BULTO          ,1,82000.0,0,82000,1,22222222,203,203,203,PORCICULTURA                            ,Boyaca,Sogamoso,2024-Agosto,$50K-$100K,8
2024,Agosto,22222222,20307,CERDO LEVANTE                      ,BULTO          ,43,83325.58,0,3583000,26,22222222,203,203,203,PORCICULTURA                            ,Boyaca,Sogamoso,2024-Agosto,>$1M,8
2024,Agosto,22222222,20308,CERDO ENGORDE                      ,BULTO          ,7,74000.0,0,518000,6,22222222,203,203,203,PORCICULTURA                            ,Boyaca,Sogamoso,2024-Agosto,$500K-$1M,8
2024,Agosto,22222222,20503,CREMOSA                            ,BULTO          ,6,63666.67,0,382000,3,22222222,205,205,205,GANADERIA                               ,Boyaca,Sogamoso,2024-Agosto,$250K-$500K,8
2024,Agosto,22222222,20505,ITAL LECHE PELLET                  ,BULTO          ,6,56833.33,0,341000,5,22222222,205,205,205,GANADERIA                               ,Boyaca,Sogamoso,2024-Agosto,$250K-$500K,8
2024,Agosto,22222222,20600,EQUINOS                            ,BULTO          ,10,70000.0,0,700000,6,22222222,206,206,206,EQUINOS                                 ,Boyaca,Sogamoso,2024-Agosto,$500K-$1M,8
2024,Agosto,22222222,20603,BRIO YEGUAS                        ,BULTO          ,1,82000.0,0,82000,1,22222222,206,206,206,EQUINOS                                 ,Boyaca,Sogamoso,2024-Agosto,$50K-$100K,8
2024,Agosto,22222222,20606,FURIA TOTAL                        ,BULTO          ,17,63176.47,0,1074000,12,22222222,206,206,206,EQUINOS                                 ,Boyaca,Sogamoso,2024-Agosto,>$1M,8
2024,Agosto,22222222,20607,MULTIFORRAJE EQUINO                ,BULTO          ,1,64000.0,0,64000,1,22222222,206,206,206,EQUINOS                                 ,Boyaca,Sogamoso,2024-Agosto,$50K-$100K,8
2024,Agosto,22222222,20608,PODIUM                             ,BULTO          ,11,78181.82,0,860000,5,22222222,206,206,206,EQUINOS                                 ,Boyaca,Sogamoso,2024-Agosto,$500K-$1M,8
2024,Agosto,22222222,20700,MOJARRA 34 EXTR                    ,BULTO          ,1,142000.0,0,142000,1,22222222,207,207,207,ACUACULTURA                             ,Boyaca,Sogamoso,2024-Agosto,$100K-$250K,8
2024,Agosto,22222222,20705,TRUCHA INICIACION 50               ,BULTO          ,7,238714.29,0,1671000,7,22222222,207,207,207,ACUACULTURA                             ,Boyaca,Sogamoso,2024-Agosto,>$1M,8
2024,Agosto,22222222,20706,TRUCHA LEVANTE 40                  ,BULTO          ,31,189806.45,0,5884000,16,22222222,207,207,207,ACUACULTURA                             ,Boyaca,Sogamoso,2024-Agosto,>$1M,8
2024,Agosto,22222222,20707,TRUCHA FINALIZACION 40             ,BULTO          ,72,207027.78,0,14906000,20,22222222,207,207,207,ACUACULTURA                             ,Boyaca,Sogamoso,2024-Agosto,>$1M,8
2024,Agosto,22222222,30100,NUTRECAN BABIES 800G*20            ,BOLSA          ,1,18500.0,0,18500,1,22222222,301,301,108,MASCOTAS                                ,Boyaca,Sogamoso,2024-Agosto,<$50K,8
2024,Agosto,22222222,30104,NUTRECAN ADULTOS RAZAS PEQUE 2K*8  ,BOLSA          ,1,9500.0,0,9500,1,22222222,301,301,108,MASCOTAS                                ,Boyaca,Sogamoso,2024-Agosto,<$50K,8
2024,Agosto,22222222,30110,NUTRECAN ADULTOS RM Y RG 8KG       ,BULTO          ,2,75000.0,0,150000,2,22222222,301,301,108,MASCOTAS                                ,Boyaca,Sogamoso,2024-Agosto,$100K-$250K,8
2024,Agosto,22222222,30112,NUTRECAN ADULTOS RM Y RG 25KG      ,BULTO          ,1,224000.0,0,224000,1,22222222,301,301,108,MASCOTAS                                ,Boyaca,Sogamoso,2024-Agosto,$100K-$250K,8
2024,Agosto,22222222,30115,NUTRECAN LIGHT 8KG                 ,BULTO          ,1,108000.0,0,108000,1,22222222,301,301,108,MASCOTAS                                ,Boyaca,Sogamoso,2024-Agosto,$100K-$250K,8
2024,Agosto,22222222,30118,NUTRECAN SENIOR 8KG                ,BULTO          ,1,90000.0,0,90000,1,22222222,301,301,108,MASCOTAS                                ,Boyaca,Sogamoso,2024-Agosto,$50K-$100K,8
2024,Agosto,22222222,30126,NUTRECAN CROQUETAS ADULTOS 15KG    ,BULTO          ,5,96800.0,0,484000,5,22222222,301,301,108,MASCOTAS                                ,Boyaca,Sogamoso,2024-Agosto,$250K-$500K,8
2024,Agosto,22222222,30127,NUTRECAN CROQUETAS ADULTOS 25KG    ,BULTO          ,2,159000.0,0,318000,2,22222222,301,301,108,MASCOTAS                                ,Boyaca,Sogamoso,2024-Agosto,$250K-$500K,8
2024,Agosto,22222222,30205,Q-IDA CAT 8KG                      ,BULTO          ,1,70000.0,0,70000,1,22222222,302,302,108,MASCOTAS                                ,Boyaca,Sogamoso,2024-Agosto,$50K-$100K,8
2024,Agosto,22222222,30211,NUTRECAT LIBERTY 8KG               ,BULTO          ,1,93000.0,0,93000,1,22222222,302,302,108,MASCOTAS                                ,Boyaca,Sogamoso,2024-Agosto,$50K-$100K,8
2024,Agosto,22222222,30401,NUTREPOLLO C.                      ,BULTO          ,5,96400.0,0,482000,2,22222222,304,304,304,AVICULTURA                              ,Boyaca,Sogamoso,2024-Agosto,$250K-$500K,8
2024,Agosto,22222222,30502,CHANCHITOS GP                      ,BULTO          ,1,97000.0,0,97000,1,22222222,305,305,305,PORCICULTURA                            ,Boyaca,Sogamoso,2024-Agosto,$50K-$100K,8
2024,Agosto,22222222,30503,CHANCHITOS I.C                     ,BULTO          ,32,90000.0,0,2880000,6,22222222,305,305,305,PORCICULTURA                            ,Boyaca,Sogamoso,2024-Agosto,>$1M,8
2024,Agosto,22222222,30506,CHANCHITOS PET                     ,BULTO          ,6,90000.0,0,540000,4,22222222,305,305,305,PORCICULTURA                            ,Boyaca,Sogamoso,2024-Agosto,$500K-$1M,8
2024,Agosto,22222222,30508,FINALIZADOR 70                     ,BULTO          ,1,79000.0,0,79000,1,22222222,305,305,305,PORCICULTURA                            ,Boyaca,Sogamoso,2024-Agosto,$50K-$100K,8
2024,Agosto,22222222,30600,MANNA EXT                          ,BULTO          ,2,103000.0,0,206000,2,22222222,306,306,306,GANADERIA                               ,Boyaca,Sogamoso,2024-Agosto,$100K-$250K,8
2024,Agosto,22222222,30601,MANNA P                            ,BULTO          ,3,86333.33,0,259000,2,22222222,306,306,306,GANADERIA                               ,Boyaca,Sogamoso,2024-Agosto,$250K-$500K,8
2024,Agosto,22222222,30613,SOLLA PRO 40                       ,BULTO          ,5,115000.0,0,575000,2,22222222,306,306,306,GANADERIA                               ,Boyaca,Sogamoso,2024-Agosto,$500K-$1M,8
2024,Agosto,22222222,40106,TRUCHAS 48 INICIACION              ,BULTO          ,1,166000.0,0,166000,1,22222222,401,401,401,ACUACULTURA                             ,Boyaca,Sogamoso,2024-Agosto,$100K-$250K,8
2024,Agosto,22222222,40108,TRUCHAS 40 CP EXT                  ,BULTO          ,1,185000.0,0,185000,1,22222222,401,401,401,ACUACULTURA                             ,Boyaca,Sogamoso,2024-Agosto,$100K-$250K,8
2024,Agosto,22222222,40202,POLLO INICIACION C                 ,BULTO          ,5,72200.0,0,361000,4,22222222,402,402,402,AVICULTURA                              ,Boyaca,Sogamoso,2024-Agosto,$250K-$500K,8
2024,Agosto,22222222,40405,PURALFALFA                         ,BULTO          ,1,30000.0,0,30000,1,22222222,404,404,404,EQUINOS                                 ,Boyaca,Sogamoso,2024-Agosto,<$50K,8
2024,Agosto,22222222,50117,FIBRAMIX PELETIZADO                ,BULTO          ,14,59500.0,0,833000,9,22222222,501,501,105,GANADERIA                               ,Boyaca,Sogamoso,2024-Agosto,$500K-$1M,8
2024,Agosto,22222222,50118,FIBRAMIX PELETIZADO X 10KG         ,BULTO          ,20,17000.0,0,340000,1,22222222,501,501,105,GANADERIA                               ,Boyaca,Sogamoso,2024-Agosto,$250K-$500K,8
2024,Agosto,22222222,50200,RAZA PERROS 10KG                   ,BULTO          ,6,39333.33,0,236000,2,22222222,502,502,502,MASCOTAS                                ,Boyaca,Sogamoso,2024-Agosto,$100K-$250K,8
2024,Agosto,22222222,50201,RAZA PERROS 30KG                   ,BULTO          ,12,105000.0,0,1260000,12,22222222,502,502,502,MASCOTAS                                ,Boyaca,Sogamoso,2024-Agosto,>$1M,8
2024,Agosto,22222222,60144,TENIBEST JERINGA X 10ML            ,JERINGA        ,2,12000.0,0,24000,1,22222222,601,601,610,DROGA VETERINARIA                       ,Boyaca,Sogamoso,2024-Agosto,<$50K,8
2024,Agosto,22222222,60209,MATARRAZ X 30ML                    ,FRASCO         ,2,11000.0,0,22000,2,22222222,602,602,610,DROGA VETERINARIA                       ,Boyaca,Sogamoso,2024-Agosto,<$50K,8
2024,Agosto,22222222,60220,MATARRAZ X250ML                    ,FRASCO         ,1,50000.0,0,50000,1,22222222,602,602,610,DROGA VETERINARIA                       ,Boyaca,Sogamoso,2024-Agosto,<$50K,8
2024,Agosto,22222222,60223,MINAVIAR SOBRE                     ,SOBRE          ,2,10000.0,0,20000,1,22222222,602,602,610,DROGA VETERINARIA                       ,Boyaca,Sogamoso,2024-Agosto,<$50K,8
2024,Agosto,22222222,60501,MOCHILA SAL 6%                     ,MOCHILA        ,1,23000.0,0,23000,1,22222222,605,605,605,SALES                                   ,Boyaca,Sogamoso,2024-Agosto,<$50K,8
2024,Agosto,22222222,60504,SAL 11% X 40KG                     ,BOLSA          ,2,45000.0,0,90000,2,22222222,605,605,605,SALES                                   ,Boyaca,Sogamoso,2024-Agosto,$50K-$100K,8
2024,Agosto,22222222,60505,SAL 6% X 5KG*10                    ,BOLSA          ,2,23000.0,0,46000,2,22222222,605,605,605,SALES                                   ,Boyaca,Sogamoso,2024-Agosto,<$50K,8
2024,Agosto,22222222,60507,SAL 6% X 40KG                      ,BOLSA          ,4,64500.0,0,258000,3,22222222,605,605,605,SALES                                   ,Boyaca,Sogamoso,2024-Agosto,$250K-$500K,8
2024,Agosto,22222222,60700,MAIZ NACIONAL X50KG                ,BULTO          ,13,73230.77,0,952000,12,22222222,607,607,607,MAIZ                                    ,Boyaca,Sogamoso,2024-Agosto,$500K-$1M,8
2024,Agosto,22222222,60701,MAIZ NACIONAL @                    ,BOLSA          ,1,24000.0,0,24000,1,22222222,607,607,607,MAIZ                                    ,Boyaca,Sogamoso,2024-Agosto,<$50K,8
2024,Agosto,22222222,60703,MAIZ PARTIDO NACIONAL X 40KG       ,BULTO          ,2,70000.0,0,140000,2,22222222,607,607,607,MAIZ                                    ,Boyaca,Sogamoso,2024-Agosto,$100K-$250K,8
2024,Agosto,22222222,60810,DONKAT GATOS ADULTOS X 7KG         ,BULTO          ,8,71750.0,0,574000,7,22222222,608,608,608,MASCOTAS                                ,Boyaca,Sogamoso,2024-Agosto,$500K-$1M,8
2024,Agosto,22222222,60811,DONKAT GATOS CACHORROS X 500G      ,BOLSA          ,2,6200.0,0,12400,1,22222222,608,608,608,MASCOTAS                                ,Boyaca,Sogamoso,2024-Agosto,<$50K,8
2024,Agosto,22222222,60816,FOFI CAT MANZANA  X 5KG            ,BOLSA          ,1,20000.0,0,20000,1,22222222,608,608,608,MASCOTAS                                ,Boyaca,Sogamoso,2024-Agosto,<$50K,8
2024,Agosto,22222222,60822,"MONELLO CAT SALMON, ATUN, POLLO X 7",BULTO          ,2,125000.0,0,250000,2,22222222,608,608,608,MASCOTAS                                ,Boyaca,Sogamoso,2024-Agosto,$100K-$250K,8
2024,Agosto,22222222,60825,MONELLO CACHORRO X1KG              ,BOLSA          ,1,17000.0,0,17000,1,22222222,608,608,608,MASCOTAS                                ,Boyaca,Sogamoso,2024-Agosto,<$50K,8
2024,Agosto,22222222,60826,MONELLO CACHORRO X7KG              ,BULTO          ,1,98000.0,0,98000,1,22222222,608,608,608,MASCOTAS                                ,Boyaca,Sogamoso,2024-Agosto,$50K-$100K,8
2024,Agosto,22222222,60828,MONELLO RAZA PEQUEÑA X 7KG         ,BULTO          ,1,98000.0,0,98000,1,22222222,608,608,608,MASCOTAS                                ,Boyaca,Sogamoso,2024-Agosto,$50K-$100K,8
2024,Agosto,22222222,60842,DOGOURMET CARNE PARRILLA ADULTO X 2,BULTO          ,2,186000.0,0,372000,2,22222222,608,608,608,MASCOTAS                                ,Boyaca,Sogamoso,2024-Agosto,$250K-$500K,8
2024,Agosto,22222222,60848,MONELLO TRADICIONAL X 7KG          ,BULTO          ,1,88000.0,0,88000,1,22222222,608,608,608,MASCOTAS                                ,Boyaca,Sogamoso,2024-Agosto,$50K-$100K,8
2024,Agosto,22222222,60881,CHUNKY ADULTO X 9KG                ,BULTO          ,1,68000.0,0,68000,1,22222222,608,608,608,MASCOTAS                                ,Boyaca,Sogamoso,2024-Agosto,$50K-$100K,8
2024,Agosto,22222222,60884,CHUNKY CACHORRO X 18KG             ,BULTO          ,1,148000.0,0,148000,1,22222222,608,608,608,MASCOTAS                                ,Boyaca,Sogamoso,2024-Agosto,$100K-$250K,8
2024,Agosto,22222222,61005,YODO X 120ML                       ,FRASCO         ,1,10000.0,0,10000,1,22222222,610,610,610,DROGA VETERINARIA                       ,Boyaca,Sogamoso,2024-Agosto,<$50K,8
2024,Agosto,22222222,61043,PROMOCALIER L X 100ML              ,FRASCO         ,1,104000.0,0,104000,1,22222222,610,610,610,DROGA VETERINARIA                       ,Boyaca,Sogamoso,2024-Agosto,$100K-$250K,8
2024,Agosto,22222222,61046,ENROVET 10% X 1 LITRO              ,FRASCO         ,1,77000.0,0,77000,1,22222222,610,610,610,DROGA VETERINARIA                       ,Boyaca,Sogamoso,2024-Agosto,$50K-$100K,8
2024,Agosto,22222222,61050,COMPLEBET INYEC X 250ML            ,FRASCO         ,2,35000.0,0,70000,1,22222222,610,610,610,DROGA VETERINARIA                       ,Boyaca,Sogamoso,2024-Agosto,$50K-$100K,8
2024,Agosto,22222222,61112,ACEITE MINERAL X 500ML             ,UNIDAD         ,1,12000.0,0,12000,1,22222222,611,611,611,DROGA VETERINARIA                       ,Boyaca,Sogamoso,2024-Agosto,<$50K,8
2024,Agosto,22222222,61126,OXITETRACICLINA 50mg x100ML        ,FRASCO         ,2,55000.0,0,110000,2,22222222,611,611,611,DROGA VETERINARIA                       ,Boyaca,Sogamoso,2024-Agosto,$100K-$250K,8
2024,Agosto,22222222,61167,CURAGAN AEROSOL X375ML             ,FRASCO         ,3,28000.0,0,84000,2,22222222,611,611,611,DROGA VETERINARIA                       ,Boyaca,Sogamoso,2024-Agosto,$50K-$100K,8
2024,Agosto,22222222,61200,CHUNKY ADULTOS 25KG                ,BULTO          ,14,163071.43,0,2283000,14,22222222,612,612,612,MASCOTAS                                ,Boyaca,Sogamoso,2024-Agosto,>$1M,8
2024,Agosto,22222222,61201,ITALCAN CARNE Y VERD 25KG          ,BULTO          ,9,98666.67,0,888000,8,22222222,612,612,612,MASCOTAS                                ,Boyaca,Sogamoso,2024-Agosto,$500K-$1M,8
2024,Agosto,22222222,61203,ITALCAN PLUS POLLO Y ARROZ 25KG    ,BULTO          ,1,97000.0,0,97000,1,22222222,612,612,612,MASCOTAS                                ,Boyaca,Sogamoso,2024-Agosto,$50K-$100K,8
2024,Agosto,22222222,61206,CHUNKY ADULTO RAZAS PEQUEÑAS 8KG   ,BULTO          ,2,64000.0,0,128000,2,22222222,612,612,612,MASCOTAS                                ,Boyaca,Sogamoso,2024-Agosto,$100K-$250K,8
2024,Agosto,22222222,61208,CHUNKY ADULTO CORDERO 1.5KG        ,BOLSA          ,1,29000.0,0,29000,1,22222222,612,612,612,MASCOTAS                                ,Boyaca,Sogamoso,2024-Agosto,<$50K,8
2024,Agosto,22222222,61211,CHUNKY CACHORRO X2KG               ,BOLSA          ,1,22000.0,0,22000,1,22222222,612,612,612,MASCOTAS                                ,Boyaca,Sogamoso,2024-Agosto,<$50K,8
2024,Agosto,22222222,61214,CHUNKY GATOS POLLO 8KG             ,BULTO          ,1,98000.0,0,98000,1,22222222,612,612,612,MASCOTAS                                ,Boyaca,Sogamoso,2024-Agosto,$50K-$100K,8
2024,Agosto,22222222,61218,MONELLO TRADICIONAL 25KG           ,BULTO          ,7,246714.29,0,1727000,4,22222222,612,612,612,MASCOTAS                                ,Boyaca,Sogamoso,2024-Agosto,>$1M,8
2024,Agosto,22222222,61221,NUTRION ADULTO 30KG                ,BULTO          ,2,157000.0,0,314000,2,22222222,612,612,612,MASCOTAS                                ,Boyaca,Sogamoso,2024-Agosto,$250K-$500K,8
2024,Agosto,22222222,61229,DONKAT ADULTO X1KG                 ,BOLSA          ,2,12000.0,0,24000,1,22222222,612,612,612,MASCOTAS                                ,Boyaca,Sogamoso,2024-Agosto,<$50K,8
2024,Agosto,22222222,61258,NETECAN JERINGA X5ML               ,JERINGA        ,1,12000.0,0,12000,1,22222222,612,612,612,MASCOTAS                                ,Boyaca,Sogamoso,2024-Agosto,<$50K,8
2024,Agosto,22222222,61279,POLLOS MOSTRADOR                   ,UNIDAD         ,30,2900.0,0,87000,1,22222222,612,612,612,MASCOTAS                                ,Boyaca,Sogamoso,2024-Agosto,$50K-$100K,8
2024,Agosto,22222222,61280,AGILITY GOLD GRAN ADULT 15 KG      ,BULTO          ,2,247000.0,0,494000,1,22222222,612,612,612,MASCOTAS                                ,Boyaca,Sogamoso,2024-Agosto,$250K-$500K,8
2024,Agosto,22222222,61282,CHUNKY CORDERO 12 KG               ,UNIDAD         ,2,147500.0,0,295000,2,22222222,612,612,612,MASCOTAS                                ,Boyaca,Sogamoso,2024-Agosto,$250K-$500K,8
2024,Agosto,22222222,61288,AGILITY GOLD GRAN ADULTOS 1.5KG    ,0              ,1,37000.0,0,37000,1,22222222,612,612,612,MASCOTAS                                ,Boyaca,Sogamoso,2024-Agosto,<$50K,8
2024,Agosto,22222222,61301,NEXGARD                            ,PASTA          ,1,70000.0,0,70000,1,22222222,613,613,613,MASCOTAS                                ,Boyaca,Sogamoso,2024-Agosto,$50K-$100K,8
2024,Agosto,23943406,10104,POLLITOS INICIACION 1K*20          ,BOLSA          ,1,44000.0,0,44000,1,23943406,101,101,101,AVICULTURA                              ,Boyaca,Aquitania,2024-Agosto,<$50K,8
2024,Agosto,23943406,10122,PONEDORA EXTRA I C 1K*20           ,BOLSA          ,1,44000.0,0,44000,1,23943406,101,101,101,AVICULTURA                              ,Boyaca,Aquitania,2024-Agosto,<$50K,8
2024,Agosto,23943406,10700,CONEJOS 1K*20                      ,BOLSA          ,2,44000.0,0,88000,1,23943406,107,107,107,CONEJOS                                 ,Boyaca,Aquitania,2024-Agosto,$50K-$100K,8
2024,Agosto,24113253,30110,NUTRECAN ADULTOS RM Y RG 8KG       ,BULTO          ,1,75000.0,0,75000,1,24113253,301,301,108,MASCOTAS                                ,Boyaca,Sogamoso,2024-Agosto,$50K-$100K,8
2024,Agosto,24113253,30115,NUTRECAN LIGHT 8KG                 ,BULTO          ,2,110000.0,0,220000,1,24113253,301,301,108,MASCOTAS                                ,Boyaca,Sogamoso,2024-Agosto,$100K-$250K,8
2024,Agosto,33448889,10506,CONTELAC 18%                       ,BULTO          ,1,73000.0,0,73000,1,33448889,105,105,105,GANADERIA                               ,Boyaca,Sogamoso,2024-Agosto,$50K-$100K,8
2024,Agosto,33448889,10833,FILPO ADULTO 30KG                  ,BULTO          ,1,107000.0,0,107000,1,33448889,108,108,108,MASCOTAS                                ,Boyaca,Sogamoso,2024-Agosto,$100K-$250K,8
2024,Agosto,33448889,20203,SUPER HUEVO PREPICO 100            ,BULTO          ,2,84000.0,0,168000,1,33448889,202,202,101,AVICULTURA                              ,Boyaca,Sogamoso,2024-Agosto,$100K-$250K,8
2024,Agosto,40022620,10824,RINGO PREMIUM 30KG                 ,BULTO          ,2,152000.0,0,304000,1,40022620,108,108,108,MASCOTAS                                ,Boyaca,Tunja,2024-Agosto,$250K-$500K,8
2024,Agosto,46368837,10202,INICIACION CERDOS                  ,BULTO          ,1,115000.0,0,115000,1,46368837,102,102,102,PORCICULTURA                            ,Boyaca,Sogamoso,2024-Agosto,$100K-$250K,8
2024,Agosto,46368837,10516,MAXI SAL 11% H                     ,BULTO          ,1,27000.0,0,27000,1,46368837,105,105,105,GANADERIA                               ,Boyaca,Sogamoso,2024-Agosto,<$50K,8
2024,Agosto,46368837,20302,CERDO LEVANTE 1 NARANJA            ,BULTO          ,1,91000.0,0,91000,1,46368837,203,203,203,PORCICULTURA                            ,Boyaca,Sogamoso,2024-Agosto,$50K-$100K,8
2024,Agosto,46376087,60848,MONELLO TRADICIONAL X 7KG          ,BULTO          ,2,88500.0,0,177000,2,46376087,608,608,608,MASCOTAS                                ,Boyaca,Sogamoso,2024-Agosto,$100K-$250K,8
2024,Agosto,46376087,61213,CHUNKY CACHORRO CORDERO X1.5K      ,BOLSA          ,1,24000.0,0,24000,1,46376087,612,612,612,MASCOTAS                                ,Boyaca,Sogamoso,2024-Agosto,<$50K,8
2024,Agosto,46376488,10123,PONEDORA EXTRA I C                 ,BULTO          ,1,82000.0,0,82000,1,46376488,101,101,101,AVICULTURA                              ,Boyaca,Sogamoso,2024-Agosto,$50K-$100K,8
2024,Agosto,46376488,10602,FORRAJE GANADERIA H TULIPAN        ,BULTO          ,1,60000.0,0,60000,1,46376488,106,106,105,GANADERIA                               ,Boyaca,Sogamoso,2024-Agosto,$50K-$100K,8
2024,Agosto,46383319,20203,SUPER HUEVO PREPICO 100            ,BULTO          ,1,83000.0,0,83000,1,46383319,202,202,101,AVICULTURA                              ,Boyaca,Sogamoso,2024-Agosto,$50K-$100K,8
2024,Agosto,47428820,20108,POLLO CRIOLLO P                    ,BULTO          ,6,74000.0,0,444000,1,47428820,201,201,101,AVICULTURA                              ,Boyaca,Sogamoso,2024-Agosto,$250K-$500K,8
2024,Agosto,74081683,10829,RINGO CROQUETAS 30KG               ,BULTO          ,1,126000.0,0,126000,1,74081683,108,108,108,MASCOTAS                                ,Boyaca,Nobsa,2024-Agosto,$100K-$250K,8
2024,Agosto,74083883,10515,NOVILLOS CEBA P                    ,BULTO          ,1,78000.0,0,78000,1,74083883,105,105,105,GANADERIA                               ,Boyaca,Corrales,2024-Agosto,$50K-$100K,8
2024,Agosto,74083883,10833,FILPO ADULTO 30KG                  ,BULTO          ,4,107107.0,0,428428,2,74083883,108,108,108,MASCOTAS                                ,Boyaca,Corrales,2024-Agosto,$250K-$500K,8
2024,Agosto,74083883,10842,MIRRINGO 8KG                       ,BULTO          ,1,67000.0,0,67000,1,74083883,108,108,108,MASCOTAS                                ,Boyaca,Corrales,2024-Agosto,$50K-$100K,8
2024,Agosto,74083883,10844,MIRRINGO 1KG*20                    ,BOLSA          ,1,9500.0,0,9500,1,74083883,108,108,108,MASCOTAS                                ,Boyaca,Corrales,2024-Agosto,<$50K,8
2024,Agosto,74084607,61207,CHUNKY ADULTO CORDERO 8KG          ,BULTO          ,1,146000.0,0,146000,1,74084607,612,612,612,MASCOTAS                                ,Boyaca,Sogamoso,2024-Agosto,$100K-$250K,8
2024,Agosto,74180038,10506,CONTELAC 18%                       ,BULTO          ,1,74000.0,0,74000,1,74180038,105,105,105,GANADERIA                               ,Boyaca,Sogamoso,2024-Agosto,$50K-$100K,8
2024,Agosto,74185872,10204,MAXI LECHONES                      ,BULTO          ,1,95000.0,0,95000,1,74185872,102,102,102,PORCICULTURA                            ,Boyaca,Sogamoso,2024-Agosto,$50K-$100K,8
2024,Agosto,74185872,10209,CERDOS ENGORDE                     ,BULTO          ,3,74000.0,0,222000,1,74185872,102,102,102,PORCICULTURA                            ,Boyaca,Sogamoso,2024-Agosto,$100K-$250K,8
2024,Agosto,826002633,10833,FILPO ADULTO 30KG                  ,BULTO          ,1,107000.0,0,107000,1,826002633,108,108,108,MASCOTAS                                ,Boyaca,Sogamoso,2024-Agosto,$100K-$250K,8
2024,Agosto,900092905,10112,BROILER P                          ,BULTO          ,1,97000.0,0,97000,1,900092905,101,101,101,AVICULTURA                              ,Boyaca,Sogamoso,2024-Agosto,$50K-$100K,8
2024,Agosto,900092905,10506,CONTELAC 18%                       ,BULTO          ,1,74000.0,0,74000,1,900092905,105,105,105,GANADERIA                               ,Boyaca,Sogamoso,2024-Agosto,$50K-$100K,8
2024,Agosto,900092905,10829,RINGO CROQUETAS 30KG               ,BULTO          ,1,126000.0,0,126000,1,900092905,108,108,108,MASCOTAS                                ,Boyaca,Sogamoso,2024-Agosto,$100K-$250K,8
2024,Agosto,900092905,10842,MIRRINGO 8KG                       ,BULTO          ,1,67000.0,0,67000,1,900092905,108,108,108,MASCOTAS                                ,Boyaca,Sogamoso,2024-Agosto,$50K-$100K,8
2024,Agosto,900092905,20302,CERDO LEVANTE 1 NARANJA            ,BULTO          ,2,91000.0,0,182000,1,900092905,203,203,203,PORCICULTURA                            ,Boyaca,Sogamoso,2024-Agosto,$100K-$250K,8
2024,Agosto,900092905,20606,FURIA TOTAL                        ,BULTO          ,1,63000.0,0,63000,1,900092905,206,206,206,EQUINOS                                 ,Boyaca,Sogamoso,2024-Agosto,$50K-$100K,8
2024,Agosto,900092905,20707,TRUCHA FINALIZACION 40             ,BULTO          ,1,208000.0,0,208000,1,900092905,207,207,207,ACUACULTURA                             ,Boyaca,Sogamoso,2024-Agosto,$100K-$250K,8
2024,Agosto,900400560,10824,RINGO PREMIUM 30KG                 ,BULTO          ,2,152000.0,0,304000,2,900400560,108,108,108,MASCOTAS                                ,Boyaca,Sogamoso,2024-Agosto,$250K-$500K,8
2024,Agosto,900582197,10842,MIRRINGO 8KG                       ,BULTO          ,1,67000.0,0,67000,1,900582197,108,108,108,MASCOTAS                                ,Boyaca,Firavitoba,2024-Agosto,$50K-$100K,8
2024,Agosto,900882573,10209,CERDOS ENGORDE                     ,BULTO          ,1,74000.0,0,74000,1,900882573,102,102,102,PORCICULTURA                            ,Boyaca,Duitama,2024-Agosto,$50K-$100K,8
2024,Agosto,900882573,10306,TRUCHAS 40 CP E                    ,BULTO          ,1,216000.0,0,216000,1,900882573,103,103,103,ACUACULTURA                             ,Boyaca,Duitama,2024-Agosto,$100K-$250K,8
2024,Agosto,900882573,60700,MAIZ NACIONAL X50KG                ,BULTO          ,1,75000.0,0,75000,1,900882573,607,607,607,MAIZ                                    ,Boyaca,Duitama,2024-Agosto,$50K-$100K,8
2024,Agosto,900882573,61167,CURAGAN AEROSOL X375ML             ,FRASCO         ,1,32000.0,0,32000,1,900882573,611,611,611,DROGA VETERINARIA                       ,Boyaca,Duitama,2024-Agosto,<$50K,8
2024,Agosto,901040704,10819,RINGO CACHORROS 30KG               ,BULTO          ,1,149000.0,0,149000,1,901040704,108,108,108,MASCOTAS                                ,Boyaca,Sogamoso,2024-Agosto,$100K-$250K,8
2024,Agosto,901206877,10401,YEGUAS                             ,BULTO          ,1,84000.0,0,84000,1,901206877,104,104,104,EQUINOS                                 ,Boyaca,Sogamoso,2024-Agosto,$50K-$100K,8
2024,Agosto,901206877,10809,NUTRISS ADULTOS CARNE Y VEG  30KG  ,BULTO          ,1,160000.0,0,160000,1,901206877,108,108,108,MASCOTAS                                ,Boyaca,Sogamoso,2024-Agosto,$100K-$250K,8
2024,Agosto,901206877,10819,RINGO CACHORROS 30KG               ,BULTO          ,1,149000.0,0,149000,1,901206877,108,108,108,MASCOTAS                                ,Boyaca,Sogamoso,2024-Agosto,$100K-$250K,8
2024,Agosto,901206877,10821,RINGO PREMIUM 20KG                 ,BULTO          ,1,107000.0,0,107000,1,901206877,108,108,108,MASCOTAS                                ,Boyaca,Sogamoso,2024-Agosto,$100K-$250K,8
2024,Agosto,901206877,10833,FILPO ADULTO 30KG                  ,BULTO          ,1,106000.0,0,106000,1,901206877,108,108,108,MASCOTAS                                ,Boyaca,Sogamoso,2024-Agosto,$100K-$250K,8
2024,Agosto,901206877,61301,NEXGARD                            ,PASTA          ,1,72000.0,0,72000,1,901206877,613,613,613,MASCOTAS                                ,Boyaca,Sogamoso,2024-Agosto,$50K-$100K,8
2024,Agosto,901591495,10701,CONEJOS                            ,BULTO          ,5,87000.0,0,435000,3,901591495,107,107,107,CONEJOS                                 ,Boyaca,Sogamoso,2024-Agosto,$250K-$500K,8
2024,Agosto,901591495,10833,FILPO ADULTO 30KG                  ,BULTO          ,2,106000.0,0,212000,1,901591495,108,108,108,MASCOTAS                                ,Boyaca,Sogamoso,2024-Agosto,$100K-$250K,8
2024,Agosto,901591495,20104,SUPER POLLO ENGORDE GRANJA         ,BULTO          ,1,87000.0,0,87000,1,901591495,201,201,101,AVICULTURA                              ,Boyaca,Sogamoso,2024-Agosto,$50K-$100K,8
2024,Agosto,901624523,20302,CERDO LEVANTE 1 NARANJA            ,BULTO          ,1,91000.0,0,91000,1,901624523,203,203,203,PORCICULTURA                            ,Boyaca,Tunja,2024-Agosto,$50K-$100K,8
2024,Agosto,901624523,20305,CERDA GESTACION NARANJA            ,BULTO          ,10,82000.0,0,820000,1,901624523,203,203,203,PORCICULTURA                            ,Boyaca,Tunja,2024-Agosto,$500K-$1M,8
2024,Agosto,901632337,20203,SUPER HUEVO PREPICO 100            ,BULTO          ,27,83000.0,0,2241000,1,901632337,202,202,101,AVICULTURA                              ,Boyaca,Tibasosa,2024-Agosto,>$1M,8
2024,Agosto,901786502,20202,SUPER HUEVO PREPICO                ,BULTO          ,12,76000.0,0,912000,1,901786502,202,202,101,AVICULTURA                              ,Boyaca,Nobsa,2024-Agosto,$500K-$1M,8
2024,Agosto,901786502,20203,SUPER HUEVO PREPICO 100            ,BULTO          ,13,83000.0,0,1079000,1,901786502,202,202,101,AVICULTURA                              ,Boyaca,Nobsa,2024-Agosto,>$1M,8
2024,Agosto,901807634,10211,MAXI CERDAS GESTACION   R          ,BULTO          ,1,77000.0,0,77000,1,901807634,102,102,102,PORCICULTURA                            ,Boyaca,Sogamoso,2024-Agosto,$50K-$100K,8
2024,Agosto,901811583,20705,TRUCHA INICIACION 50               ,BULTO          ,1,240000.0,0,240000,1,901811583,207,207,207,ACUACULTURA                             ,Bogota DC,Bogota,2024-Agosto,$100K-$250K,8
2024,Agosto,901811583,20706,TRUCHA LEVANTE 40                  ,BULTO          ,7,208000.0,0,1456000,1,901811583,207,207,207,ACUACULTURA                             ,Bogota DC,Bogota,2024-Agosto,>$1M,8
2024,Agosto,1014209643,20203,SUPER HUEVO PREPICO 100            ,BULTO          ,60,83000.0,0,4980000,1,1014209643,202,202,101,AVICULTURA                              ,Bogota DC,Bogota,2024-Agosto,>$1M,8
2024,Agosto,1051588968,10402,CINTA AZUL  ADULTOS                ,BULTO          ,1,80000.0,0,80000,1,1051588968,104,104,104,EQUINOS                                 ,Boyaca,Firavitoba,2024-Agosto,$50K-$100K,8
2024,Agosto,1051588968,10518,MAXI SAL 6%  H                     ,BULTO          ,1,12000.0,0,12000,1,1051588968,105,105,105,GANADERIA                               ,Boyaca,Firavitoba,2024-Agosto,<$50K,8
2024,Agosto,1051588968,10830,FILPO CACHORROS 10KG               ,BULTO          ,1,40000.0,0,40000,1,1051588968,108,108,108,MASCOTAS                                ,Boyaca,Firavitoba,2024-Agosto,<$50K,8
2024,Agosto,1051588968,60701,MAIZ NACIONAL @                    ,BOLSA          ,1,78000.0,0,78000,1,1051588968,607,607,607,MAIZ                                    ,Boyaca,Firavitoba,2024-Agosto,$50K-$100K,8
2024,Agosto,1057579440,10108,MAXI BROILER P                     ,BULTO          ,1,108000.0,0,108000,1,1057579440,101,101,101,AVICULTURA                              ,Boyaca,Sogamoso,2024-Agosto,$100K-$250K,8
2024,Agosto,1057579440,10209,CERDOS ENGORDE                     ,BULTO          ,2,74000.0,0,148000,2,1057579440,102,102,102,PORCICULTURA                            ,Boyaca,Sogamoso,2024-Agosto,$100K-$250K,8
2024,Agosto,1057579440,10304,"MAXI TRUCHAS 45 SP 1,8 E           ",BULTO          ,1,208000.0,0,208000,1,1057579440,103,103,103,ACUACULTURA                             ,Boyaca,Sogamoso,2024-Agosto,$100K-$250K,8
2024,Agosto,1057579440,10507,PRELACTANCIA                       ,BULTO          ,1,75000.0,0,75000,1,1057579440,105,105,105,GANADERIA                               ,Boyaca,Sogamoso,2024-Agosto,$50K-$100K,8
2024,Agosto,1057579440,10515,NOVILLOS CEBA P                    ,BULTO          ,1,78000.0,0,78000,1,1057579440,105,105,105,GANADERIA                               ,Boyaca,Sogamoso,2024-Agosto,$50K-$100K,8
2024,Agosto,1057579440,10516,MAXI SAL 11% H                     ,BULTO          ,1,70000.0,0,70000,1,1057579440,105,105,105,GANADERIA                               ,Boyaca,Sogamoso,2024-Agosto,$50K-$100K,8
2024,Agosto,1057579440,10831,FILPO ADULTO 10KG                  ,BULTO          ,1,30000.0,0,30000,1,1057579440,108,108,108,MASCOTAS                                ,Boyaca,Sogamoso,2024-Agosto,<$50K,8
2024,Agosto,1057579440,20203,SUPER HUEVO PREPICO 100            ,BULTO          ,1,83000.0,0,83000,1,1057579440,202,202,101,AVICULTURA                              ,Boyaca,Sogamoso,2024-Agosto,$50K-$100K,8
2024,Agosto,1057579440,20303,CERDO ENGORDE NARANJA              ,BULTO          ,1,88000.0,0,88000,1,1057579440,203,203,203,PORCICULTURA                            ,Boyaca,Sogamoso,2024-Agosto,$50K-$100K,8
2024,Agosto,1057579440,20307,CERDO LEVANTE                      ,BULTO          ,1,84000.0,0,84000,1,1057579440,203,203,203,PORCICULTURA                            ,Boyaca,Sogamoso,2024-Agosto,$50K-$100K,8
2024,Agosto,1057579440,20505,ITAL LECHE PELLET                  ,BULTO          ,4,57000.0,0,228000,2,1057579440,205,205,205,GANADERIA                               ,Boyaca,Sogamoso,2024-Agosto,$100K-$250K,8
2024,Agosto,1057579440,20706,TRUCHA LEVANTE 40                  ,BULTO          ,4,190000.0,0,760000,2,1057579440,207,207,207,ACUACULTURA                             ,Boyaca,Sogamoso,2024-Agosto,$500K-$1M,8
2024,Agosto,1057579440,30612,CREMALECHE                         ,BULTO          ,3,69000.0,0,207000,2,1057579440,306,306,306,GANADERIA                               ,Boyaca,Sogamoso,2024-Agosto,$100K-$250K,8
2024,Agosto,1057579440,50117,FIBRAMIX PELETIZADO                ,BULTO          ,1,71000.0,0,71000,1,1057579440,501,501,105,GANADERIA                               ,Boyaca,Sogamoso,2024-Agosto,$50K-$100K,8
2024,Agosto,1057596377,10123,PONEDORA EXTRA I C                 ,BULTO          ,3,82000.0,0,246000,2,1057596377,101,101,101,AVICULTURA                              ,Boyaca,Sogamoso,2024-Agosto,$100K-$250K,8
2024,Agosto,1057596377,10209,CERDOS ENGORDE                     ,BULTO          ,1,74000.0,0,74000,1,1057596377,102,102,102,PORCICULTURA                            ,Boyaca,Sogamoso,2024-Agosto,$50K-$100K,8
2024,Agosto,1057596377,10504,CONTELAC 14%                       ,BULTO          ,1,72000.0,0,72000,1,1057596377,105,105,105,GANADERIA                               ,Boyaca,Sogamoso,2024-Agosto,$50K-$100K,8
2024,Agosto,1057596377,10506,CONTELAC 18%                       ,BULTO          ,1,74000.0,0,74000,1,1057596377,105,105,105,GANADERIA                               ,Boyaca,Sogamoso,2024-Agosto,$50K-$100K,8
2024,Agosto,1057596377,10602,FORRAJE GANADERIA H TULIPAN        ,BULTO          ,2,58000.0,0,116000,1,1057596377,106,106,105,GANADERIA                               ,Boyaca,Sogamoso,2024-Agosto,$100K-$250K,8
2024,Agosto,1057596377,10603,FORRAJE GANADERIA P TULIPAN        ,BULTO          ,4,58000.0,0,232000,1,1057596377,106,106,105,GANADERIA                               ,Boyaca,Sogamoso,2024-Agosto,$100K-$250K,8
2024,Agosto,1057596377,10701,CONEJOS                            ,BULTO          ,8,87000.0,0,696000,3,1057596377,107,107,107,CONEJOS                                 ,Boyaca,Sogamoso,2024-Agosto,$500K-$1M,8
2024,Agosto,1057596377,60701,MAIZ NACIONAL @                    ,BOLSA          ,2,50500.0,0,101000,2,1057596377,607,607,607,MAIZ                                    ,Boyaca,Sogamoso,2024-Agosto,$100K-$250K,8
2024,Agosto,1057600244,10824,RINGO PREMIUM 30KG                 ,BULTO          ,1,150000.0,0,150000,1,1057600244,108,108,108,MASCOTAS                                ,Boyaca,Sogamoso,2024-Agosto,$100K-$250K,8
2024,Agosto,1057603666,10701,CONEJOS                            ,BULTO          ,5,81600.0,0,408000,2,1057603666,107,107,107,CONEJOS                                 ,Boyaca,Iza,2024-Agosto,$250K-$500K,8
2024,Agosto,1057603666,10831,FILPO ADULTO 10KG                  ,BULTO          ,2,80000.0,0,160000,1,1057603666,108,108,108,MASCOTAS                                ,Boyaca,Iza,2024-Agosto,$100K-$250K,8
2024,Agosto,1057603666,20503,CREMOSA                            ,BULTO          ,5,48000.0,0,240000,2,1057603666,205,205,205,GANADERIA                               ,Boyaca,Iza,2024-Agosto,$100K-$250K,8
2024,Agosto,1057603666,20606,FURIA TOTAL                        ,BULTO          ,5,63200.0,0,316000,2,1057603666,206,206,206,EQUINOS                                 ,Boyaca,Iza,2024-Agosto,$250K-$500K,8
2024,Agosto,1057603666,30101,NUTRECAN BABIES 2K*8               ,BOLSA          ,1,25500.0,0,25500,1,1057603666,301,301,108,MASCOTAS                                ,Boyaca,Iza,2024-Agosto,<$50K,8
2024,Agosto,8260002612,10209,CERDOS ENGORDE                     ,BULTO          ,3,75000.0,0,225000,1,8260002612,102,102,102,PORCICULTURA                            ,Boyaca,Sogamoso,2024-Agosto,$100K-$250K,8
2024,Agosto,8260002612,10504,CONTELAC 14%                       ,BULTO          ,4,69750.0,0,279000,2,8260002612,105,105,105,GANADERIA                               ,Boyaca,Sogamoso,2024-Agosto,$250K-$500K,8
2024,Agosto,9007889571,10121,MAXI HUEVO C                       ,BULTO          ,1,84000.0,0,84000,1,9007889571,101,101,101,AVICULTURA                              ,Boyaca,Sogamoso,2024-Agosto,$50K-$100K,8
2024,Agosto,9007889571,10701,CONEJOS                            ,BULTO          ,2,97000.0,0,194000,1,9007889571,107,107,107,CONEJOS                                 ,Boyaca,Sogamoso,2024-Agosto,$100K-$250K,8
2024,Agosto,9007889571,20206,CODORNICES                         ,BULTO          ,1,93000.0,0,93000,1,9007889571,202,202,101,AVICULTURA                              ,Boyaca,Sogamoso,2024-Agosto,$50K-$100K,8
2024,Julio,4117002,10202,INICIACION CERDOS                  ,BULTO          ,2,116000.0,0,232000,1,4117002,102,102,102,PORCICULTURA                            ,Boyaca,Firavitoba,2024-Julio,$100K-$250K,7
2024,Julio,4117002,10204,MAXI LECHONES                      ,BULTO          ,8,93000.0,0,744000,1,4117002,102,102,102,PORCICULTURA                            ,Boyaca,Firavitoba,2024-Julio,$500K-$1M,7
2024,Julio,4117002,10207,MAXI CERDOS FINALIZADOR            ,BULTO          ,5,92000.0,0,460000,1,4117002,102,102,102,PORCICULTURA                            ,Boyaca,Firavitoba,2024-Julio,$250K-$500K,7
2024,Julio,4117002,10212,MAXI CERDAS GESTACION              ,BULTO          ,4,83000.0,0,332000,1,4117002,102,102,102,PORCICULTURA                            ,Boyaca,Firavitoba,2024-Julio,$250K-$500K,7
2024,Julio,4117002,10214,MAXI CERDAS LACTANCIA              ,BULTO          ,5,96500.0,0,482500,1,4117002,102,102,102,PORCICULTURA                            ,Boyaca,Firavitoba,2024-Julio,$250K-$500K,7
2024,Julio,4119727,20302,CERDO LEVANTE 1 NARANJA            ,BULTO          ,9,91000.0,0,819000,1,4119727,203,203,203,PORCICULTURA                            ,Boyaca,Firavitoba,2024-Julio,$500K-$1M,7
2024,Julio,4119727,20304,CERDO FINALIZADOR NARANJA          ,BULTO          ,1,89000.0,0,89000,1,4119727,203,203,203,PORCICULTURA                            ,Boyaca,Firavitoba,2024-Julio,$50K-$100K,7
2024,Julio,4119727,20505,ITAL LECHE PELLET                  ,BULTO          ,1,56000.0,0,56000,1,4119727,205,205,205,GANADERIA                               ,Boyaca,Firavitoba,2024-Julio,$50K-$100K,7
2024,Julio,4272485,10121,MAXI HUEVO C                       ,BULTO          ,1,84000.0,0,84000,1,4272485,101,101,101,AVICULTURA                              ,Boyaca,Sogamoso,2024-Julio,$50K-$100K,7
2024,Julio,4272485,60101,ALCOBEST 25% JERINGA X 20ML        ,JERINGA        ,1,14000.0,0,14000,1,4272485,601,601,610,DROGA VETERINARIA                       ,Boyaca,Sogamoso,2024-Julio,<$50K,7
2024,Julio,7125529,10833,FILPO ADULTO 30KG                  ,BULTO          ,1,105000.0,0,105000,1,7125529,108,108,108,MASCOTAS                                ,Boyaca,Sogamoso,2024-Julio,$100K-$250K,7
2024,Julio,7126611,20600,EQUINOS                            ,BULTO          ,2,70000.0,0,140000,1,7126611,206,206,206,EQUINOS                                 ,Boyaca,Sogamoso,2024-Julio,$100K-$250K,7
2024,Julio,7126704,20707,TRUCHA FINALIZACION 40             ,BULTO          ,3,208000.0,0,624000,1,7126704,207,207,207,ACUACULTURA                             ,Bogota DC,Bogota,2024-Julio,$500K-$1M,7
2024,Julio,9525427,10504,CONTELAC 14%                       ,BULTO          ,20,69000.0,0,1380000,1,9525427,105,105,105,GANADERIA                               ,Boyaca,Sogamoso,2024-Julio,>$1M,7
2024,Julio,9525427,20503,CREMOSA                            ,BULTO          ,10,65000.0,0,650000,1,9525427,205,205,205,GANADERIA                               ,Boyaca,Sogamoso,2024-Julio,$500K-$1M,7
2024,Julio,9527933,10603,FORRAJE GANADERIA P TULIPAN        ,BULTO          ,1,60000.0,0,60000,1,9527933,106,106,105,GANADERIA                               ,Boyaca,Sogamoso,2024-Julio,$50K-$100K,7
2024,Julio,9527933,10831,FILPO ADULTO 10KG                  ,BULTO          ,1,40000.0,0,40000,1,9527933,108,108,108,MASCOTAS                                ,Boyaca,Sogamoso,2024-Julio,<$50K,7
2024,Julio,9527933,10842,MIRRINGO 8KG                       ,BULTO          ,1,67000.0,0,67000,1,9527933,108,108,108,MASCOTAS                                ,Boyaca,Sogamoso,2024-Julio,$50K-$100K,7
2024,Julio,9527933,50201,RAZA PERROS 30KG                   ,BULTO          ,4,107750.0,0,431000,2,9527933,502,502,502,MASCOTAS                                ,Boyaca,Sogamoso,2024-Julio,$250K-$500K,7
2024,Julio,9529885,61205,AGILITY GOLD GRAN CACHORROS 15KG   ,BULTO          ,1,247000.0,0,247000,1,9529885,612,612,612,MASCOTAS                                ,Boyaca,Sogamoso,2024-Julio,$100K-$250K,7
2024,Julio,9531884,10829,RINGO CROQUETAS 30KG               ,BULTO          ,1,125000.0,0,125000,1,9531884,108,108,108,MASCOTAS                                ,Boyaca,Sogamoso,2024-Julio,$100K-$250K,7
2024,Julio,9531884,60701,MAIZ NACIONAL @                    ,BOLSA          ,1,24000.0,0,24000,1,9531884,607,607,607,MAIZ                                    ,Boyaca,Sogamoso,2024-Julio,<$50K,7
2024,Julio,9532024,20706,TRUCHA LEVANTE 40                  ,BULTO          ,4,190000.0,0,760000,1,9532024,207,207,207,ACUACULTURA                             ,Boyaca,Sogamoso,2024-Julio,$500K-$1M,7
2024,Julio,9532024,20707,TRUCHA FINALIZACION 40             ,BULTO          ,6,208000.0,0,1248000,1,9532024,207,207,207,ACUACULTURA                             ,Boyaca,Sogamoso,2024-Julio,>$1M,7
2024,Julio,17037305,10500,TERNERAS LEVANTE                   ,BULTO          ,3,92000.0,0,276000,1,17037305,105,105,105,GANADERIA                               ,Boyaca,Sogamoso,2024-Julio,$250K-$500K,7
2024,Julio,17037305,10516,MAXI SAL 11% H                     ,BULTO          ,2,77000.0,0,154000,1,17037305,105,105,105,GANADERIA                               ,Boyaca,Sogamoso,2024-Julio,$100K-$250K,7
2024,Julio,17037305,10833,FILPO ADULTO 30KG                  ,BULTO          ,2,112000.0,0,224000,1,17037305,108,108,108,MASCOTAS                                ,Boyaca,Sogamoso,2024-Julio,$100K-$250K,7
2024,Julio,17037305,20503,CREMOSA                            ,BULTO          ,14,67000.0,0,938000,1,17037305,205,205,205,GANADERIA                               ,Boyaca,Sogamoso,2024-Julio,$500K-$1M,7
2024,Julio,22222222,10103,MAXI POLLITOS C.                   ,BULTO          ,7,99571.43,0,697000,4,22222222,101,101,101,AVICULTURA                              ,Boyaca,Sogamoso,2024-Julio,$500K-$1M,7
2024,Julio,22222222,10108,MAXI BROILER P                     ,BULTO          ,7,105000.0,0,735000,6,22222222,101,101,101,AVICULTURA                              ,Boyaca,Sogamoso,2024-Julio,$500K-$1M,7
2024,Julio,22222222,10109,MAXI BROILER PIGMENTO C            ,BULTO          ,8,107250.0,0,858000,6,22222222,101,101,101,AVICULTURA                              ,Boyaca,Sogamoso,2024-Julio,$500K-$1M,7
2024,Julio,22222222,10112,BROILER P                          ,BULTO          ,9,97222.22,0,875000,5,22222222,101,101,101,AVICULTURA                              ,Boyaca,Sogamoso,2024-Julio,$500K-$1M,7
2024,Julio,22222222,10114,POLLO CAMPESINO C                  ,BULTO          ,2,82500.0,0,165000,2,22222222,101,101,101,AVICULTURA                              ,Boyaca,Sogamoso,2024-Julio,$100K-$250K,7
2024,Julio,22222222,10118,POLLAS                             ,BULTO          ,4,85000.0,0,340000,3,22222222,101,101,101,AVICULTURA                              ,Boyaca,Sogamoso,2024-Julio,$250K-$500K,7
2024,Julio,22222222,10120,MAXI HUEVO H                       ,BULTO          ,5,84000.0,0,420000,4,22222222,101,101,101,AVICULTURA                              ,Boyaca,Sogamoso,2024-Julio,$250K-$500K,7
2024,Julio,22222222,10121,MAXI HUEVO C                       ,BULTO          ,44,83431.82,0,3671000,27,22222222,101,101,101,AVICULTURA                              ,Boyaca,Sogamoso,2024-Julio,>$1M,7
2024,Julio,22222222,10123,PONEDORA EXTRA I C                 ,BULTO          ,13,82230.77,0,1069000,11,22222222,101,101,101,AVICULTURA                              ,Boyaca,Sogamoso,2024-Julio,>$1M,7
2024,Julio,22222222,10133,CODORNICES CONTEGRAL               ,BULTO          ,9,93111.11,0,838000,7,22222222,101,101,101,AVICULTURA                              ,Boyaca,Sogamoso,2024-Julio,$500K-$1M,7
2024,Julio,22222222,10202,INICIACION CERDOS                  ,BULTO          ,4,116000.0,0,464000,4,22222222,102,102,102,PORCICULTURA                            ,Boyaca,Sogamoso,2024-Julio,$250K-$500K,7
2024,Julio,22222222,10204,MAXI LECHONES                      ,BULTO          ,4,94000.0,0,376000,3,22222222,102,102,102,PORCICULTURA                            ,Boyaca,Sogamoso,2024-Julio,$250K-$500K,7
2024,Julio,22222222,10205,CERDOS LEVANTE                     ,BULTO          ,1,88000.0,0,88000,1,22222222,102,102,102,PORCICULTURA                            ,Boyaca,Sogamoso,2024-Julio,$50K-$100K,7
2024,Julio,22222222,10207,MAXI CERDOS FINALIZADOR            ,BULTO          ,1,80000.0,0,80000,1,22222222,102,102,102,PORCICULTURA                            ,Boyaca,Sogamoso,2024-Julio,$50K-$100K,7
2024,Julio,22222222,10209,CERDOS ENGORDE                     ,BULTO          ,2,74000.0,0,148000,2,22222222,102,102,102,PORCICULTURA                            ,Boyaca,Sogamoso,2024-Julio,$100K-$250K,7
2024,Julio,22222222,10212,MAXI CERDAS GESTACION              ,BULTO          ,28,76107.14,0,2131000,12,22222222,102,102,102,PORCICULTURA                            ,Boyaca,Sogamoso,2024-Julio,>$1M,7
2024,Julio,22222222,10214,MAXI CERDAS LACTANCIA              ,BULTO          ,12,85333.33,0,1024000,6,22222222,102,102,102,PORCICULTURA                            ,Boyaca,Sogamoso,2024-Julio,>$1M,7
2024,Julio,22222222,10300,"MAXI PECES 38 1,8 E                ",BULTO          ,3,160000.0,0,480000,2,22222222,103,103,103,ACUACULTURA                             ,Boyaca,Sogamoso,2024-Julio,$250K-$500K,7
2024,Julio,22222222,10301,"MAXI PECES 32 2,5 E                ",BULTO          ,2,139000.0,0,278000,2,22222222,103,103,103,ACUACULTURA                             ,Boyaca,Sogamoso,2024-Julio,$250K-$500K,7
2024,Julio,22222222,10304,"MAXI TRUCHAS 45 SP 1,8 E           ",BULTO          ,17,208000.0,0,3536000,6,22222222,103,103,103,ACUACULTURA                             ,Boyaca,Sogamoso,2024-Julio,>$1M,7
2024,Julio,22222222,10305,"MAXI TRUCHAS 45 SP 3,5 E           ",BULTO          ,3,208666.67,0,626000,3,22222222,103,103,103,ACUACULTURA                             ,Boyaca,Sogamoso,2024-Julio,$500K-$1M,7
2024,Julio,22222222,10306,TRUCHAS 40 CP E                    ,BULTO          ,1,205000.0,0,205000,1,22222222,103,103,103,ACUACULTURA                             ,Boyaca,Sogamoso,2024-Julio,$100K-$250K,7
2024,Julio,22222222,10403,CORCEL                             ,BULTO          ,3,72666.67,0,218000,3,22222222,104,104,104,EQUINOS                                 ,Boyaca,Sogamoso,2024-Julio,$100K-$250K,7
2024,Julio,22222222,10405,RODEO FIBRA                        ,BULTO          ,4,63000.0,0,252000,3,22222222,104,104,104,EQUINOS                                 ,Boyaca,Sogamoso,2024-Julio,$250K-$500K,7
2024,Julio,22222222,10500,TERNERAS LEVANTE                   ,BULTO          ,1,90000.0,0,90000,1,22222222,105,105,105,GANADERIA                               ,Boyaca,Sogamoso,2024-Julio,$50K-$100K,7
2024,Julio,22222222,10501,NOVILLONAS                         ,BULTO          ,3,74000.0,0,222000,2,22222222,105,105,105,GANADERIA                               ,Boyaca,Sogamoso,2024-Julio,$100K-$250K,7
2024,Julio,22222222,10504,CONTELAC 14%                       ,BULTO          ,5,70200.0,0,351000,5,22222222,105,105,105,GANADERIA                               ,Boyaca,Sogamoso,2024-Julio,$250K-$500K,7
2024,Julio,22222222,10505,CONTELAC 16%                       ,BULTO          ,2,72000.0,0,144000,2,22222222,105,105,105,GANADERIA                               ,Boyaca,Sogamoso,2024-Julio,$100K-$250K,7
2024,Julio,22222222,10506,CONTELAC 18%                       ,BULTO          ,8,74875.0,0,599000,6,22222222,105,105,105,GANADERIA                               ,Boyaca,Sogamoso,2024-Julio,$500K-$1M,7
2024,Julio,22222222,10507,PRELACTANCIA                       ,BULTO          ,4,75500.0,0,302000,4,22222222,105,105,105,GANADERIA                               ,Boyaca,Sogamoso,2024-Julio,$250K-$500K,7
2024,Julio,22222222,10515,NOVILLOS CEBA P                    ,BULTO          ,22,77818.18,0,1712000,17,22222222,105,105,105,GANADERIA                               ,Boyaca,Sogamoso,2024-Julio,>$1M,7
2024,Julio,22222222,10518,MAXI SAL 6%  H                     ,BULTO          ,2,44000.0,0,88000,2,22222222,105,105,105,GANADERIA                               ,Boyaca,Sogamoso,2024-Julio,$50K-$100K,7
2024,Julio,22222222,10603,FORRAJE GANADERIA P TULIPAN        ,BULTO          ,7,60000.0,0,420000,6,22222222,106,106,105,GANADERIA                               ,Boyaca,Sogamoso,2024-Julio,$250K-$500K,7
2024,Julio,22222222,10701,CONEJOS                            ,BULTO          ,22,84318.18,0,1855000,16,22222222,107,107,107,CONEJOS                                 ,Boyaca,Sogamoso,2024-Julio,>$1M,7
2024,Julio,22222222,10806,NUTRISS ADULTOS CARNE Y VEG 20KG   ,BULTO          ,1,115000.0,0,115000,1,22222222,108,108,108,MASCOTAS                                ,Boyaca,Sogamoso,2024-Julio,$100K-$250K,7
2024,Julio,22222222,10809,NUTRISS ADULTOS CARNE Y VEG  30KG  ,BULTO          ,4,160000.0,0,640000,4,22222222,108,108,108,MASCOTAS                                ,Boyaca,Sogamoso,2024-Julio,$500K-$1M,7
2024,Julio,22222222,10814,NUTRISS ADULTOS POLLO Y VEG 30KG   ,BULTO          ,2,160000.0,0,320000,2,22222222,108,108,108,MASCOTAS                                ,Boyaca,Sogamoso,2024-Julio,$250K-$500K,7
2024,Julio,22222222,10816,RINGO CACHORROS 15KG               ,BULTO          ,1,80000.0,0,80000,1,22222222,108,108,108,MASCOTAS                                ,Boyaca,Sogamoso,2024-Julio,$50K-$100K,7
2024,Julio,22222222,10823,RINGO PREMIUM 2K*5                 ,BOLSA          ,4,15375.0,0,61500,2,22222222,108,108,108,MASCOTAS                                ,Boyaca,Sogamoso,2024-Julio,$50K-$100K,7
2024,Julio,22222222,10824,RINGO PREMIUM 30KG                 ,BULTO          ,16,150750.0,0,2412000,15,22222222,108,108,108,MASCOTAS                                ,Boyaca,Sogamoso,2024-Julio,>$1M,7
2024,Julio,22222222,10826,RINGO CROQUETAS 20KG               ,BULTO          ,1,90000.0,0,90000,1,22222222,108,108,108,MASCOTAS                                ,Boyaca,Sogamoso,2024-Julio,$50K-$100K,7
2024,Julio,22222222,10829,RINGO CROQUETAS 30KG               ,BULTO          ,23,125565.22,0,2888000,22,22222222,108,108,108,MASCOTAS                                ,Boyaca,Sogamoso,2024-Julio,>$1M,7
2024,Julio,22222222,10830,FILPO CACHORROS 10KG               ,BULTO          ,1,47000.0,0,47000,1,22222222,108,108,108,MASCOTAS                                ,Boyaca,Sogamoso,2024-Julio,<$50K,7
2024,Julio,22222222,10831,FILPO ADULTO 10KG                  ,BULTO          ,5,32000.2,0,160001,5,22222222,108,108,108,MASCOTAS                                ,Boyaca,Sogamoso,2024-Julio,$100K-$250K,7
2024,Julio,22222222,10833,FILPO ADULTO 30KG                  ,BULTO          ,28,106464.29,0,2981000,26,22222222,108,108,108,MASCOTAS                                ,Boyaca,Sogamoso,2024-Julio,>$1M,7
2024,Julio,22222222,10842,MIRRINGO 8KG                       ,BULTO          ,13,67000.0,0,871000,13,22222222,108,108,108,MASCOTAS                                ,Boyaca,Sogamoso,2024-Julio,$500K-$1M,7
2024,Julio,22222222,10844,MIRRINGO 1KG*20                    ,BOLSA          ,6,9750.0,0,58500,4,22222222,108,108,108,MASCOTAS                                ,Boyaca,Sogamoso,2024-Julio,$50K-$100K,7
2024,Julio,22222222,10854,MIRRINGO ARENA 10 KG               ,BOLSA          ,1,52000.0,0,52000,1,22222222,108,108,108,MASCOTAS                                ,Boyaca,Sogamoso,2024-Julio,$50K-$100K,7
2024,Julio,22222222,20103,SUPER POLLITO INICIACION DIS       ,BULTO          ,1,92000.0,0,92000,1,22222222,201,201,101,AVICULTURA                              ,Boyaca,Sogamoso,2024-Julio,$50K-$100K,7
2024,Julio,22222222,20104,SUPER POLLO ENGORDE GRANJA         ,BULTO          ,3,96000.0,0,288000,3,22222222,201,201,101,AVICULTURA                              ,Boyaca,Sogamoso,2024-Julio,$250K-$500K,7
2024,Julio,22222222,20106,SUPER POLLO ENGORDE DORADO         ,BULTO          ,2,106000.0,0,212000,2,22222222,201,201,101,AVICULTURA                              ,Boyaca,Sogamoso,2024-Julio,$100K-$250K,7
2024,Julio,22222222,20107,SUPER POLLO ENGORDE DIS            ,BULTO          ,2,56500.0,0,113000,2,22222222,201,201,101,AVICULTURA                              ,Boyaca,Sogamoso,2024-Julio,$100K-$250K,7
2024,Julio,22222222,20108,POLLO CRIOLLO P                    ,BULTO          ,3,74666.67,0,224000,3,22222222,201,201,101,AVICULTURA                              ,Boyaca,Sogamoso,2024-Julio,$100K-$250K,7
2024,Julio,22222222,20109,POLLO CRIOLLO Q                    ,BULTO          ,4,73500.0,0,294000,3,22222222,201,201,101,AVICULTURA                              ,Boyaca,Sogamoso,2024-Julio,$250K-$500K,7
2024,Julio,22222222,20202,SUPER HUEVO PREPICO                ,BULTO          ,6,81166.67,0,487000,4,22222222,202,202,101,AVICULTURA                              ,Boyaca,Sogamoso,2024-Julio,$250K-$500K,7
2024,Julio,22222222,20203,SUPER HUEVO PREPICO 100            ,BULTO          ,71,83436.62,0,5924000,18,22222222,202,202,101,AVICULTURA                              ,Boyaca,Sogamoso,2024-Julio,>$1M,7
2024,Julio,22222222,20205,PONEDORA CAMPESINA                 ,BULTO          ,2,69000.0,0,138000,2,22222222,202,202,101,AVICULTURA                              ,Boyaca,Sogamoso,2024-Julio,$100K-$250K,7
2024,Julio,22222222,20301,CERDITOS INICIACION NARANJA        ,BULTO          ,6,115500.0,0,693000,6,22222222,203,203,203,PORCICULTURA                            ,Boyaca,Sogamoso,2024-Julio,$500K-$1M,7
2024,Julio,22222222,20302,CERDO LEVANTE 1 NARANJA            ,BULTO          ,106,91103.77,0,9657000,30,22222222,203,203,203,PORCICULTURA                            ,Boyaca,Sogamoso,2024-Julio,>$1M,7
2024,Julio,22222222,20303,CERDO ENGORDE NARANJA              ,BULTO          ,4,88750.0,0,355000,3,22222222,203,203,203,PORCICULTURA                            ,Boyaca,Sogamoso,2024-Julio,$250K-$500K,7
2024,Julio,22222222,20304,CERDO FINALIZADOR NARANJA          ,BULTO          ,13,89384.62,0,1162000,7,22222222,203,203,203,PORCICULTURA                            ,Boyaca,Sogamoso,2024-Julio,>$1M,7
2024,Julio,22222222,20305,CERDA GESTACION NARANJA            ,BULTO          ,4,82000.0,0,328000,4,22222222,203,203,203,PORCICULTURA                            ,Boyaca,Sogamoso,2024-Julio,$250K-$500K,7
2024,Julio,22222222,20306,CERDA LACTANCIA NARANJA            ,BULTO          ,4,91250.0,0,365000,4,22222222,203,203,203,PORCICULTURA                            ,Boyaca,Sogamoso,2024-Julio,$250K-$500K,7
2024,Julio,22222222,20307,CERDO LEVANTE                      ,BULTO          ,16,84625.0,0,1354000,11,22222222,203,203,203,PORCICULTURA                            ,Boyaca,Sogamoso,2024-Julio,>$1M,7
2024,Julio,22222222,20308,CERDO ENGORDE                      ,BULTO          ,11,74000.0,0,814000,9,22222222,203,203,203,PORCICULTURA                            ,Boyaca,Sogamoso,2024-Julio,$500K-$1M,7
2024,Julio,22222222,20503,CREMOSA                            ,BULTO          ,2,65000.0,0,130000,2,22222222,205,205,205,GANADERIA                               ,Boyaca,Sogamoso,2024-Julio,$100K-$250K,7
2024,Julio,22222222,20505,ITAL LECHE PELLET                  ,BULTO          ,10,57500.0,0,575000,6,22222222,205,205,205,GANADERIA                               ,Boyaca,Sogamoso,2024-Julio,$500K-$1M,7
2024,Julio,22222222,20600,EQUINOS                            ,BULTO          ,5,69800.0,0,349000,4,22222222,206,206,206,EQUINOS                                 ,Boyaca,Sogamoso,2024-Julio,$250K-$500K,7
2024,Julio,22222222,20602,BRIO ADULTOS PEL                   ,BULTO          ,3,112000.0,0,336000,3,22222222,206,206,206,EQUINOS                                 ,Boyaca,Sogamoso,2024-Julio,$250K-$500K,7
2024,Julio,22222222,20606,FURIA TOTAL                        ,BULTO          ,11,63454.55,0,698000,7,22222222,206,206,206,EQUINOS                                 ,Boyaca,Sogamoso,2024-Julio,$500K-$1M,7
2024,Julio,22222222,20607,MULTIFORRAJE EQUINO                ,BULTO          ,3,65333.33,0,196000,3,22222222,206,206,206,EQUINOS                                 ,Boyaca,Sogamoso,2024-Julio,$100K-$250K,7
2024,Julio,22222222,20705,TRUCHA INICIACION 50               ,BULTO          ,4,241000.0,0,964000,3,22222222,207,207,207,ACUACULTURA                             ,Boyaca,Sogamoso,2024-Julio,$500K-$1M,7
2024,Julio,22222222,20706,TRUCHA LEVANTE 40                  ,BULTO          ,22,190954.55,0,4201000,11,22222222,207,207,207,ACUACULTURA                             ,Boyaca,Sogamoso,2024-Julio,>$1M,7
2024,Julio,22222222,20707,TRUCHA FINALIZACION 40             ,BULTO          ,85,207435.29,0,17632000,25,22222222,207,207,207,ACUACULTURA                             ,Boyaca,Sogamoso,2024-Julio,>$1M,7
2024,Julio,22222222,30105,NUTRECAN ADULTOS RAZAS PEQUE 4K*4  ,BOLSA          ,1,46000.0,0,46000,1,22222222,301,301,108,MASCOTAS                                ,Boyaca,Sogamoso,2024-Julio,<$50K,7
2024,Julio,22222222,30110,NUTRECAN ADULTOS RM Y RG 8KG       ,BULTO          ,3,74000.0,0,222000,2,22222222,301,301,108,MASCOTAS                                ,Boyaca,Sogamoso,2024-Julio,$100K-$250K,7
2024,Julio,22222222,30112,NUTRECAN ADULTOS RM Y RG 25KG      ,BULTO          ,2,224500.0,0,449000,2,22222222,301,301,108,MASCOTAS                                ,Boyaca,Sogamoso,2024-Julio,$250K-$500K,7
2024,Julio,22222222,30121,NUTRECAN CROQUETAS CACHORROS 2K*8  ,BOLSA          ,1,24000.0,0,24000,1,22222222,301,301,108,MASCOTAS                                ,Boyaca,Sogamoso,2024-Julio,<$50K,7
2024,Julio,22222222,30126,NUTRECAN CROQUETAS ADULTOS 15KG    ,BULTO          ,5,96000.0,0,480000,5,22222222,301,301,108,MASCOTAS                                ,Boyaca,Sogamoso,2024-Julio,$250K-$500K,7
2024,Julio,22222222,30127,NUTRECAN CROQUETAS ADULTOS 25KG    ,BULTO          ,1,164000.0,0,164000,1,22222222,301,301,108,MASCOTAS                                ,Boyaca,Sogamoso,2024-Julio,$100K-$250K,7
2024,Julio,22222222,30203,SMART 8KG                          ,BULTO          ,1,77000.0,0,77000,1,22222222,302,302,108,MASCOTAS                                ,Boyaca,Sogamoso,2024-Julio,$50K-$100K,7
2024,Julio,22222222,30205,Q-IDA CAT 8KG                      ,BULTO          ,1,70000.0,0,70000,1,22222222,302,302,108,MASCOTAS                                ,Boyaca,Sogamoso,2024-Julio,$50K-$100K,7
2024,Julio,22222222,30400,MASTER POLLITOS MINI PEL           ,BULTO          ,1,107000.0,0,107000,1,22222222,304,304,304,AVICULTURA                              ,Boyaca,Sogamoso,2024-Julio,$100K-$250K,7
2024,Julio,22222222,30503,CHANCHITOS I.C                     ,BULTO          ,15,77400.0,0,1161000,6,22222222,305,305,305,PORCICULTURA                            ,Boyaca,Sogamoso,2024-Julio,>$1M,7
2024,Julio,22222222,30506,CHANCHITOS PET                     ,BULTO          ,7,91000.0,0,637000,5,22222222,305,305,305,PORCICULTURA                            ,Boyaca,Sogamoso,2024-Julio,$500K-$1M,7
2024,Julio,22222222,30600,MANNA EXT                          ,BULTO          ,1,103000.0,0,103000,1,22222222,306,306,306,GANADERIA                               ,Boyaca,Sogamoso,2024-Julio,$100K-$250K,7
2024,Julio,22222222,30602,NOVILLAS                           ,BULTO          ,3,74333.33,0,223000,2,22222222,306,306,306,GANADERIA                               ,Boyaca,Sogamoso,2024-Julio,$100K-$250K,7
2024,Julio,22222222,30613,SOLLA PRO 40                       ,BULTO          ,2,115000.0,0,230000,1,22222222,306,306,306,GANADERIA                               ,Boyaca,Sogamoso,2024-Julio,$100K-$250K,7
2024,Julio,22222222,30701,CAMPEON DORADO TEXT                ,BULTO          ,2,99000.0,0,198000,1,22222222,307,307,307,EQUINOS                                 ,Boyaca,Sogamoso,2024-Julio,$100K-$250K,7
2024,Julio,22222222,30702,CAMPEON ADULTOS                    ,BULTO          ,2,78000.0,0,156000,1,22222222,307,307,307,EQUINOS                                 ,Boyaca,Sogamoso,2024-Julio,$100K-$250K,7
2024,Julio,22222222,50117,FIBRAMIX PELETIZADO                ,BULTO          ,3,60000.0,0,180000,3,22222222,501,501,105,GANADERIA                               ,Boyaca,Sogamoso,2024-Julio,$100K-$250K,7
2024,Julio,22222222,50200,RAZA PERROS 10KG                   ,BULTO          ,1,40000.0,0,40000,1,22222222,502,502,502,MASCOTAS                                ,Boyaca,Sogamoso,2024-Julio,<$50K,7
2024,Julio,22222222,50201,RAZA PERROS 30KG                   ,BULTO          ,10,105100.0,0,1051000,10,22222222,502,502,502,MASCOTAS                                ,Boyaca,Sogamoso,2024-Julio,>$1M,7
2024,Julio,22222222,50206,SUPERCAN CROQUETAS 30KG            ,BULTO          ,1,128000.0,0,128000,1,22222222,502,502,502,MASCOTAS                                ,Boyaca,Sogamoso,2024-Julio,$100K-$250K,7
2024,Julio,22222222,50207,SUPERCAN CROQUETAS 4K*5            ,BOLSA          ,1,19000.0,0,19000,1,22222222,502,502,502,MASCOTAS                                ,Boyaca,Sogamoso,2024-Julio,<$50K,7
2024,Julio,22222222,50214,SUPERCAN DELI CACHORROS 15KG       ,BULTO          ,1,83000.0,0,83000,1,22222222,502,502,502,MASCOTAS                                ,Boyaca,Sogamoso,2024-Julio,$50K-$100K,7
2024,Julio,22222222,50218,SUPERCAT DELI CARNE 8KG            ,BULTO          ,1,68000.0,0,68000,1,22222222,502,502,502,MASCOTAS                                ,Boyaca,Sogamoso,2024-Julio,$50K-$100K,7
2024,Julio,22222222,60220,MATARRAZ X250ML                    ,FRASCO         ,3,50000.0,0,150000,3,22222222,602,602,610,DROGA VETERINARIA                       ,Boyaca,Sogamoso,2024-Julio,$100K-$250K,7
2024,Julio,22222222,60223,MINAVIAR SOBRE                     ,SOBRE          ,10,10000.0,0,100000,1,22222222,602,602,610,DROGA VETERINARIA                       ,Boyaca,Sogamoso,2024-Julio,$50K-$100K,7
2024,Julio,22222222,60227,ENROVET TABLETA                    ,SOBRE          ,1,77000.0,0,77000,1,22222222,602,602,610,DROGA VETERINARIA                       ,Boyaca,Sogamoso,2024-Julio,$50K-$100K,7
2024,Julio,22222222,60504,SAL 11% X 40KG                     ,BOLSA          ,2,76000.0,0,152000,1,22222222,605,605,605,SALES                                   ,Boyaca,Sogamoso,2024-Julio,$100K-$250K,7
2024,Julio,22222222,60505,SAL 6% X 5KG*10                    ,BOLSA          ,3,19333.33,0,58000,3,22222222,605,605,605,SALES                                   ,Boyaca,Sogamoso,2024-Julio,$50K-$100K,7
2024,Julio,22222222,60507,SAL 6% X 40KG                      ,BOLSA          ,3,65666.67,0,197000,2,22222222,605,605,605,SALES                                   ,Boyaca,Sogamoso,2024-Julio,$100K-$250K,7
2024,Julio,22222222,60700,MAIZ NACIONAL X50KG                ,BULTO          ,15,72333.33,0,1085000,13,22222222,607,607,607,MAIZ                                    ,Boyaca,Sogamoso,2024-Julio,>$1M,7
2024,Julio,22222222,60701,MAIZ NACIONAL @                    ,BOLSA          ,2,25000.0,0,50000,2,22222222,607,607,607,MAIZ                                    ,Boyaca,Sogamoso,2024-Julio,<$50K,7
2024,Julio,22222222,60702,MAIZ PARTIDO NACIONAL @            ,BOLSA          ,1,68000.0,0,68000,1,22222222,607,607,607,MAIZ                                    ,Boyaca,Sogamoso,2024-Julio,$50K-$100K,7
2024,Julio,22222222,60703,MAIZ PARTIDO NACIONAL X 40KG       ,BULTO          ,2,67500.0,0,135000,2,22222222,607,607,607,MAIZ                                    ,Boyaca,Sogamoso,2024-Julio,$100K-$250K,7
2024,Julio,22222222,60809,DONKAN CARNE CEREALES X 22KG       ,BULTO          ,2,131000.0,0,262000,2,22222222,608,608,608,MASCOTAS                                ,Boyaca,Sogamoso,2024-Julio,$250K-$500K,7
2024,Julio,22222222,60810,DONKAT GATOS ADULTOS X 7KG         ,BULTO          ,3,72000.0,0,216000,3,22222222,608,608,608,MASCOTAS                                ,Boyaca,Sogamoso,2024-Julio,$100K-$250K,7
2024,Julio,22222222,60822,"MONELLO CAT SALMON, ATUN, POLLO X 7",BULTO          ,1,125000.0,0,125000,1,22222222,608,608,608,MASCOTAS                                ,Boyaca,Sogamoso,2024-Julio,$100K-$250K,7
2024,Julio,22222222,60828,MONELLO RAZA PEQUEÑA X 7KG         ,BULTO          ,1,98000.0,0,98000,1,22222222,608,608,608,MASCOTAS                                ,Boyaca,Sogamoso,2024-Julio,$50K-$100K,7
2024,Julio,22222222,60849,MONELLO TRADICIONAL X 15KG         ,BULTO          ,2,171000.0,0,342000,2,22222222,608,608,608,MASCOTAS                                ,Boyaca,Sogamoso,2024-Julio,$250K-$500K,7
2024,Julio,22222222,60881,CHUNKY ADULTO X 9KG                ,BULTO          ,2,68000.0,0,136000,2,22222222,608,608,608,MASCOTAS                                ,Boyaca,Sogamoso,2024-Julio,$100K-$250K,7
2024,Julio,22222222,60884,CHUNKY CACHORRO X 18KG             ,BULTO          ,2,147500.0,0,295000,2,22222222,608,608,608,MASCOTAS                                ,Boyaca,Sogamoso,2024-Julio,$250K-$500K,7
2024,Julio,22222222,61016,PORCIFER B-12 X 50ML               ,FRASCO         ,1,22000.0,0,22000,1,22222222,610,610,610,DROGA VETERINARIA                       ,Boyaca,Sogamoso,2024-Julio,<$50K,7
2024,Julio,22222222,61043,PROMOCALIER L X 100ML              ,FRASCO         ,1,32000.0,0,32000,1,22222222,610,610,610,DROGA VETERINARIA                       ,Boyaca,Sogamoso,2024-Julio,<$50K,7
2024,Julio,22222222,61083,MELAZA X 2KG                       ,BOLSA          ,1,15000.0,0,15000,1,22222222,610,610,610,DROGA VETERINARIA                       ,Boyaca,Sogamoso,2024-Julio,<$50K,7
2024,Julio,22222222,61085,MELAZA X 30KG                      ,BULTO          ,6,47000.0,0,282000,2,22222222,610,610,610,DROGA VETERINARIA                       ,Boyaca,Sogamoso,2024-Julio,$250K-$500K,7
2024,Julio,22222222,61112,ACEITE MINERAL X 500ML             ,UNIDAD         ,2,10000.0,0,20000,2,22222222,611,611,611,DROGA VETERINARIA                       ,Boyaca,Sogamoso,2024-Julio,<$50K,7
2024,Julio,22222222,61200,CHUNKY ADULTOS 25KG                ,BULTO          ,6,162500.0,0,975000,6,22222222,612,612,612,MASCOTAS                                ,Boyaca,Sogamoso,2024-Julio,$500K-$1M,7
2024,Julio,22222222,61201,ITALCAN CARNE Y VERD 25KG          ,BULTO          ,4,97500.0,0,390000,4,22222222,612,612,612,MASCOTAS                                ,Boyaca,Sogamoso,2024-Julio,$250K-$500K,7
2024,Julio,22222222,61202,ITALCAN CARNE Y VERD 10KG          ,BULTO          ,1,97000.0,0,97000,1,22222222,612,612,612,MASCOTAS                                ,Boyaca,Sogamoso,2024-Julio,$50K-$100K,7
2024,Julio,22222222,61203,ITALCAN PLUS POLLO Y ARROZ 25KG    ,BULTO          ,2,97500.0,0,195000,2,22222222,612,612,612,MASCOTAS                                ,Boyaca,Sogamoso,2024-Julio,$100K-$250K,7
2024,Julio,22222222,61205,AGILITY GOLD GRAN CACHORROS 15KG   ,BULTO          ,1,258000.0,0,258000,1,22222222,612,612,612,MASCOTAS                                ,Boyaca,Sogamoso,2024-Julio,$250K-$500K,7
2024,Julio,22222222,61206,CHUNKY ADULTO RAZAS PEQUEÑAS 8KG   ,BULTO          ,1,68000.0,0,68000,1,22222222,612,612,612,MASCOTAS                                ,Boyaca,Sogamoso,2024-Julio,$50K-$100K,7
2024,Julio,22222222,61218,MONELLO TRADICIONAL 25KG           ,BULTO          ,7,273142.86,0,1912000,3,22222222,612,612,612,MASCOTAS                                ,Boyaca,Sogamoso,2024-Julio,>$1M,7
2024,Julio,22222222,61258,NETECAN JERINGA X5ML               ,JERINGA        ,1,8000.0,0,8000,1,22222222,612,612,612,MASCOTAS                                ,Boyaca,Sogamoso,2024-Julio,<$50K,7
2024,Julio,22222222,61280,AGILITY GOLD GRAN ADULT 15 KG      ,BULTO          ,2,152000.0,0,304000,2,22222222,612,612,612,MASCOTAS                                ,Boyaca,Sogamoso,2024-Julio,$250K-$500K,7
2024,Julio,22222222,61281,CHUNKY CORDERO 4 KG                ,UNIDAD         ,1,34000.0,0,34000,1,22222222,612,612,612,MASCOTAS                                ,Boyaca,Sogamoso,2024-Julio,<$50K,7
2024,Julio,22222222,61288,AGILITY GOLD GRAN ADULTOS 1.5KG    ,0              ,1,247000.0,0,247000,1,22222222,612,612,612,MASCOTAS                                ,Boyaca,Sogamoso,2024-Julio,$100K-$250K,7
2024,Julio,22222222,61289,AGILITY GOLD PEQ CACHORRO 1.5 KG   ,BOL            ,1,65000.0,0,65000,1,22222222,612,612,612,MASCOTAS                                ,Boyaca,Sogamoso,2024-Julio,$50K-$100K,7
2024,Julio,22222222,61302,CREDELIO                           ,PASTA          ,1,40000.0,0,40000,1,22222222,613,613,613,MASCOTAS                                ,Boyaca,Sogamoso,2024-Julio,<$50K,7
2024,Julio,24113253,30110,NUTRECAN ADULTOS RM Y RG 8KG       ,BULTO          ,1,75000.0,0,75000,1,24113253,301,301,108,MASCOTAS                                ,Boyaca,Sogamoso,2024-Julio,$50K-$100K,7
2024,Julio,24113253,60881,CHUNKY ADULTO X 9KG                ,BULTO          ,4,68000.0,0,272000,1,24113253,608,608,608,MASCOTAS                                ,Boyaca,Sogamoso,2024-Julio,$250K-$500K,7
2024,Julio,33448889,20203,SUPER HUEVO PREPICO 100            ,BULTO          ,3,84000.0,0,252000,1,33448889,202,202,101,AVICULTURA                              ,Boyaca,Sogamoso,2024-Julio,$250K-$500K,7
2024,Julio,33448889,60702,MAIZ PARTIDO NACIONAL @            ,BOLSA          ,1,68000.0,0,68000,1,33448889,607,607,607,MAIZ                                    ,Boyaca,Sogamoso,2024-Julio,$50K-$100K,7
2024,Julio,40022620,10824,RINGO PREMIUM 30KG                 ,BULTO          ,2,152000.0,0,304000,1,40022620,108,108,108,MASCOTAS                                ,Boyaca,Tunja,2024-Julio,$250K-$500K,7
2024,Julio,46376488,10123,PONEDORA EXTRA I C                 ,BULTO          ,1,82000.0,0,82000,1,46376488,101,101,101,AVICULTURA                              ,Boyaca,Sogamoso,2024-Julio,$50K-$100K,7
2024,Julio,46376488,10209,CERDOS ENGORDE                     ,BULTO          ,1,74000.0,0,74000,1,46376488,102,102,102,PORCICULTURA                            ,Boyaca,Sogamoso,2024-Julio,$50K-$100K,7
2024,Julio,46376488,10602,FORRAJE GANADERIA H TULIPAN        ,BULTO          ,1,60000.0,0,60000,1,46376488,106,106,105,GANADERIA                               ,Boyaca,Sogamoso,2024-Julio,$50K-$100K,7
2024,Julio,46376488,10701,CONEJOS                            ,BULTO          ,1,88000.0,0,88000,1,46376488,107,107,107,CONEJOS                                 ,Boyaca,Sogamoso,2024-Julio,$50K-$100K,7
2024,Julio,47428820,20109,POLLO CRIOLLO Q                    ,BULTO          ,6,74000.0,0,444000,1,47428820,201,201,101,AVICULTURA                              ,Boyaca,Sogamoso,2024-Julio,$250K-$500K,7
2024,Julio,52824658,20603,BRIO YEGUAS                        ,BULTO          ,2,82500.0,0,165000,2,52824658,206,206,206,EQUINOS                                 ,Boyaca,Sogamoso,2024-Julio,$100K-$250K,7
2024,Julio,52824658,20607,MULTIFORRAJE EQUINO                ,BULTO          ,1,66000.0,0,66000,1,52824658,206,206,206,EQUINOS                                 ,Boyaca,Sogamoso,2024-Julio,$50K-$100K,7
2024,Julio,52824658,61104,PEZOSAN X 100G                     ,UNIDAD         ,1,42000.0,0,42000,1,52824658,611,611,611,DROGA VETERINARIA                       ,Boyaca,Sogamoso,2024-Julio,<$50K,7
2024,Julio,74081683,10829,RINGO CROQUETAS 30KG               ,BULTO          ,1,126000.0,0,126000,1,74081683,108,108,108,MASCOTAS                                ,Boyaca,Nobsa,2024-Julio,$100K-$250K,7
2024,Julio,74083883,10831,FILPO ADULTO 10KG                  ,BULTO          ,1,40000.0,0,40000,1,74083883,108,108,108,MASCOTAS                                ,Boyaca,Corrales,2024-Julio,<$50K,7
2024,Julio,74083883,10833,FILPO ADULTO 30KG                  ,BULTO          ,2,105000.0,0,210000,1,74083883,108,108,108,MASCOTAS                                ,Boyaca,Corrales,2024-Julio,$100K-$250K,7
2024,Julio,74084607,10833,FILPO ADULTO 30KG                  ,BULTO          ,1,106000.0,0,106000,1,74084607,108,108,108,MASCOTAS                                ,Boyaca,Sogamoso,2024-Julio,$100K-$250K,7
2024,Julio,74183961,10123,PONEDORA EXTRA I C                 ,BULTO          ,2,84000.0,0,168000,1,74183961,101,101,101,AVICULTURA                              ,Bogota DC,Bogota,2024-Julio,$100K-$250K,7
2024,Julio,74183961,10516,MAXI SAL 11% H                     ,BULTO          ,1,77000.0,0,77000,1,74183961,105,105,105,GANADERIA                               ,Bogota DC,Bogota,2024-Julio,$50K-$100K,7
2024,Julio,74183961,10833,FILPO ADULTO 30KG                  ,BULTO          ,1,110000.0,0,110000,1,74183961,108,108,108,MASCOTAS                                ,Bogota DC,Bogota,2024-Julio,$100K-$250K,7
2024,Julio,74183961,30610,ORDEÑO P                           ,BULTO          ,10,69000.0,0,690000,1,74183961,306,306,306,GANADERIA                               ,Bogota DC,Bogota,2024-Julio,$500K-$1M,7
2024,Julio,79555896,10516,MAXI SAL 11% H                     ,BULTO          ,2,77000.0,0,154000,1,79555896,105,105,105,GANADERIA                               ,Cundinamarca,Zipaquira,2024-Julio,$100K-$250K,7
2024,Julio,79555896,20203,SUPER HUEVO PREPICO 100            ,BULTO          ,1,84000.0,0,84000,1,79555896,202,202,101,AVICULTURA                              ,Cundinamarca,Zipaquira,2024-Julio,$50K-$100K,7
2024,Julio,79555896,20503,CREMOSA                            ,BULTO          ,33,64000.0,0,2112000,1,79555896,205,205,205,GANADERIA                               ,Cundinamarca,Zipaquira,2024-Julio,>$1M,7
2024,Julio,79555896,20505,ITAL LECHE PELLET                  ,BULTO          ,32,59000.0,0,1888000,1,79555896,205,205,205,GANADERIA                               ,Cundinamarca,Zipaquira,2024-Julio,>$1M,7
2024,Julio,79555896,60220,MATARRAZ X250ML                    ,FRASCO         ,1,50000.0,0,50000,1,79555896,602,602,610,DROGA VETERINARIA                       ,Cundinamarca,Zipaquira,2024-Julio,<$50K,7
2024,Julio,826002633,10833,FILPO ADULTO 30KG                  ,BULTO          ,1,107000.0,0,107000,1,826002633,108,108,108,MASCOTAS                                ,Boyaca,Sogamoso,2024-Julio,$100K-$250K,7
2024,Julio,826002633,10844,MIRRINGO 1KG*20                    ,BOLSA          ,1,9500.0,0,9500,1,826002633,108,108,108,MASCOTAS                                ,Boyaca,Sogamoso,2024-Julio,<$50K,7
2024,Julio,826002633,30104,NUTRECAN ADULTOS RAZAS PEQUE 2K*8  ,BOLSA          ,1,23000.0,0,23000,1,826002633,301,301,108,MASCOTAS                                ,Boyaca,Sogamoso,2024-Julio,<$50K,7
2024,Julio,900092905,10121,MAXI HUEVO C                       ,BULTO          ,2,84500.0,0,169000,2,900092905,101,101,101,AVICULTURA                              ,Boyaca,Sogamoso,2024-Julio,$100K-$250K,7
2024,Julio,900092905,10123,PONEDORA EXTRA I C                 ,BULTO          ,1,82000.0,0,82000,1,900092905,101,101,101,AVICULTURA                              ,Boyaca,Sogamoso,2024-Julio,$50K-$100K,7
2024,Julio,900092905,10305,"MAXI TRUCHAS 45 SP 3,5 E           ",BULTO          ,1,210000.0,0,210000,1,900092905,103,103,103,ACUACULTURA                             ,Boyaca,Sogamoso,2024-Julio,$100K-$250K,7
2024,Julio,900092905,10701,CONEJOS                            ,BULTO          ,1,87000.0,0,87000,1,900092905,107,107,107,CONEJOS                                 ,Boyaca,Sogamoso,2024-Julio,$50K-$100K,7
2024,Julio,900092905,10824,RINGO PREMIUM 30KG                 ,BULTO          ,1,150000.0,0,150000,1,900092905,108,108,108,MASCOTAS                                ,Boyaca,Sogamoso,2024-Julio,$100K-$250K,7
2024,Julio,900092905,10833,FILPO ADULTO 30KG                  ,BULTO          ,1,105000.0,0,105000,1,900092905,108,108,108,MASCOTAS                                ,Boyaca,Sogamoso,2024-Julio,$100K-$250K,7
2024,Julio,900092905,10842,MIRRINGO 8KG                       ,BULTO          ,1,67000.0,0,67000,1,900092905,108,108,108,MASCOTAS                                ,Boyaca,Sogamoso,2024-Julio,$50K-$100K,7
2024,Julio,900092905,20203,SUPER HUEVO PREPICO 100            ,BULTO          ,6,83000.0,0,498000,1,900092905,202,202,101,AVICULTURA                              ,Boyaca,Sogamoso,2024-Julio,$250K-$500K,7
2024,Julio,900092905,20302,CERDO LEVANTE 1 NARANJA            ,BULTO          ,2,91000.0,0,182000,1,900092905,203,203,203,PORCICULTURA                            ,Boyaca,Sogamoso,2024-Julio,$100K-$250K,7
2024,Julio,900092905,20303,CERDO ENGORDE NARANJA              ,BULTO          ,1,89000.0,0,89000,1,900092905,203,203,203,PORCICULTURA                            ,Boyaca,Sogamoso,2024-Julio,$50K-$100K,7
2024,Julio,900092905,20307,CERDO LEVANTE                      ,BULTO          ,2,84000.0,0,168000,1,900092905,203,203,203,PORCICULTURA                            ,Boyaca,Sogamoso,2024-Julio,$100K-$250K,7
2024,Julio,900092905,20503,CREMOSA                            ,BULTO          ,1,64000.0,0,64000,1,900092905,205,205,205,GANADERIA                               ,Boyaca,Sogamoso,2024-Julio,$50K-$100K,7
2024,Julio,900092905,20707,TRUCHA FINALIZACION 40             ,BULTO          ,7,208000.0,0,1456000,2,900092905,207,207,207,ACUACULTURA                             ,Boyaca,Sogamoso,2024-Julio,>$1M,7
2024,Julio,900092905,50117,FIBRAMIX PELETIZADO                ,BULTO          ,1,60000.0,0,60000,1,900092905,501,501,105,GANADERIA                               ,Boyaca,Sogamoso,2024-Julio,$50K-$100K,7
2024,Julio,900092905,50201,RAZA PERROS 30KG                   ,BULTO          ,1,105000.0,0,105000,1,900092905,502,502,502,MASCOTAS                                ,Boyaca,Sogamoso,2024-Julio,$100K-$250K,7
2024,Julio,900092905,60700,MAIZ NACIONAL X50KG                ,BULTO          ,1,80000.0,0,80000,1,900092905,607,607,607,MAIZ                                    ,Boyaca,Sogamoso,2024-Julio,$50K-$100K,7
2024,Julio,900092905,61218,MONELLO TRADICIONAL 25KG           ,BULTO          ,3,266000.0,0,798000,2,900092905,612,612,612,MASCOTAS                                ,Boyaca,Sogamoso,2024-Julio,$500K-$1M,7
2024,Julio,900307417,60332,SEMILLA GIRASOL X 200G             ,BOLSA          ,16,6000.0,0,96000,1,900307417,603,603,603,OTROS,Boyaca,Tibasosa,2024-Julio,$50K-$100K,7
2024,Julio,900399098,10829,RINGO CROQUETAS 30KG               ,BULTO          ,1,126000.0,0,126000,1,900399098,108,108,108,MASCOTAS                                ,Boyaca,Sogamoso,2024-Julio,$100K-$250K,7
2024,Julio,900400560,10824,RINGO PREMIUM 30KG                 ,BULTO          ,1,152000.0,0,152000,1,900400560,108,108,108,MASCOTAS                                ,Boyaca,Sogamoso,2024-Julio,$100K-$250K,7
2024,Julio,900400560,10842,MIRRINGO 8KG                       ,BULTO          ,1,67000.0,0,67000,1,900400560,108,108,108,MASCOTAS                                ,Boyaca,Sogamoso,2024-Julio,$50K-$100K,7
2024,Julio,901040704,10205,CERDOS LEVANTE                     ,BULTO          ,1,86000.0,0,86000,1,901040704,102,102,102,PORCICULTURA                            ,Boyaca,Sogamoso,2024-Julio,$50K-$100K,7
2024,Julio,901040704,10819,RINGO CACHORROS 30KG               ,BULTO          ,1,148000.0,0,148000,1,901040704,108,108,108,MASCOTAS                                ,Boyaca,Sogamoso,2024-Julio,$100K-$250K,7
2024,Julio,901283723,10829,RINGO CROQUETAS 30KG               ,BULTO          ,1,127000.0,0,127000,1,901283723,108,108,108,MASCOTAS                                ,Boyaca,Sogamoso,2024-Julio,$100K-$250K,7
2024,Julio,901591495,10701,CONEJOS                            ,BULTO          ,4,87750.0,0,351000,2,901591495,107,107,107,CONEJOS                                 ,Boyaca,Sogamoso,2024-Julio,$250K-$500K,7
2024,Julio,901591495,60119,IVERBESTL.AFRASCO X100 ML          ,FRASCO         ,1,24000.0,0,24000,1,901591495,601,601,610,DROGA VETERINARIA                       ,Boyaca,Sogamoso,2024-Julio,<$50K,7
2024,Julio,901624523,20202,SUPER HUEVO PREPICO                ,BULTO          ,2,77500.0,0,155000,2,901624523,202,202,101,AVICULTURA                              ,Boyaca,Tunja,2024-Julio,$100K-$250K,7
2024,Julio,901624523,20302,CERDO LEVANTE 1 NARANJA            ,BULTO          ,11,91000.0,0,1001000,3,901624523,203,203,203,PORCICULTURA                            ,Boyaca,Tunja,2024-Julio,>$1M,7
2024,Julio,901624523,20304,CERDO FINALIZADOR NARANJA          ,BULTO          ,8,89000.0,0,712000,3,901624523,203,203,203,PORCICULTURA                            ,Boyaca,Tunja,2024-Julio,$500K-$1M,7
2024,Julio,901624523,20305,CERDA GESTACION NARANJA            ,BULTO          ,8,81000.0,0,648000,3,901624523,203,203,203,PORCICULTURA                            ,Boyaca,Tunja,2024-Julio,$500K-$1M,7
2024,Julio,901624523,60702,MAIZ PARTIDO NACIONAL @            ,BOLSA          ,2,67500.0,0,135000,2,901624523,607,607,607,MAIZ                                    ,Boyaca,Tunja,2024-Julio,$100K-$250K,7
2024,Julio,901624523,61020,OXITETRAXICICLINA MK  200mg X 100ML,FRASCO         ,1,25000.0,0,25000,1,901624523,610,610,610,DROGA VETERINARIA                       ,Boyaca,Tunja,2024-Julio,<$50K,7
2024,Julio,1049629064,10516,MAXI SAL 11% H                     ,BULTO          ,1,76000.0,0,76000,1,1049629064,105,105,105,GANADERIA                               ,Boyaca,Sogamoso,2024-Julio,$50K-$100K,7
2024,Julio,1049629064,20600,EQUINOS                            ,BULTO          ,1,70000.0,0,70000,1,1049629064,206,206,206,EQUINOS                                 ,Boyaca,Sogamoso,2024-Julio,$50K-$100K,7
2024,Julio,1049629064,20606,FURIA TOTAL                        ,BULTO          ,1,64000.0,0,64000,1,1049629064,206,206,206,EQUINOS                                 ,Boyaca,Sogamoso,2024-Julio,$50K-$100K,7
2024,Julio,1051588968,60701,MAIZ NACIONAL @                    ,BOLSA          ,1,25000.0,0,25000,1,1051588968,607,607,607,MAIZ                                    ,Boyaca,Firavitoba,2024-Julio,<$50K,7
2024,Julio,1051590555,10831,FILPO ADULTO 10KG                  ,BULTO          ,1,40000.0,0,40000,1,1051590555,108,108,108,MASCOTAS                                ,Boyaca,Firavitoba,2024-Julio,<$50K,7
2024,Julio,1051590555,30612,CREMALECHE                         ,BULTO          ,4,69000.0,0,276000,1,1051590555,306,306,306,GANADERIA                               ,Boyaca,Firavitoba,2024-Julio,$250K-$500K,7
2024,Julio,1051590555,61225,MAXI CAT ARENA 10KG                ,BOLSA          ,1,20000.0,0,20000,1,1051590555,612,612,612,MASCOTAS                                ,Boyaca,Firavitoba,2024-Julio,<$50K,7
2024,Julio,1057579440,10214,MAXI CERDAS LACTANCIA              ,BULTO          ,2,94000.0,0,188000,1,1057579440,102,102,102,PORCICULTURA                            ,Boyaca,Sogamoso,2024-Julio,$100K-$250K,7
2024,Julio,1057579440,10515,NOVILLOS CEBA P                    ,BULTO          ,1,79000.0,0,79000,1,1057579440,105,105,105,GANADERIA                               ,Boyaca,Sogamoso,2024-Julio,$50K-$100K,7
2024,Julio,1057579440,10701,CONEJOS                            ,BULTO          ,2,2500.0,0,5000,1,1057579440,107,107,107,CONEJOS                                 ,Boyaca,Sogamoso,2024-Julio,<$50K,7
2024,Julio,1057579440,20503,CREMOSA                            ,BULTO          ,2,63000.0,0,126000,1,1057579440,205,205,205,GANADERIA                               ,Boyaca,Sogamoso,2024-Julio,$100K-$250K,7
2024,Julio,1057579440,20505,ITAL LECHE PELLET                  ,BULTO          ,4,57000.0,0,228000,2,1057579440,205,205,205,GANADERIA                               ,Boyaca,Sogamoso,2024-Julio,$100K-$250K,7
2024,Julio,1057579440,60702,MAIZ PARTIDO NACIONAL @            ,BOLSA          ,1,70000.0,0,70000,1,1057579440,607,607,607,MAIZ                                    ,Boyaca,Sogamoso,2024-Julio,$50K-$100K,7
2024,Julio,1057603666,10121,MAXI HUEVO C                       ,BULTO          ,1,84000.0,0,84000,1,1057603666,101,101,101,AVICULTURA                              ,Boyaca,Iza,2024-Julio,$50K-$100K,7
2024,Julio,1057603666,10516,MAXI SAL 11% H                     ,BULTO          ,1,76000.0,0,76000,1,1057603666,105,105,105,GANADERIA                               ,Boyaca,Iza,2024-Julio,$50K-$100K,7
2024,Julio,1057603666,10701,CONEJOS                            ,BULTO          ,5,84000.0,0,420000,2,1057603666,107,107,107,CONEJOS                                 ,Boyaca,Iza,2024-Julio,$250K-$500K,7
2024,Julio,1057603666,10831,FILPO ADULTO 10KG                  ,BULTO          ,2,40000.0,0,80000,1,1057603666,108,108,108,MASCOTAS                                ,Boyaca,Iza,2024-Julio,$50K-$100K,7
2024,Julio,1057603666,20503,CREMOSA                            ,BULTO          ,9,64222.22,0,578000,3,1057603666,205,205,205,GANADERIA                               ,Boyaca,Iza,2024-Julio,$500K-$1M,7
2024,Julio,1057603666,20606,FURIA TOTAL                        ,BULTO          ,7,64428.57,0,451000,2,1057603666,206,206,206,EQUINOS                                 ,Boyaca,Iza,2024-Julio,$250K-$500K,7
2024,Julio,1057603666,40601,CONEJOS AGRINAL                    ,BULTO          ,1,83000.0,0,83000,1,1057603666,406,406,406,CONEJOS                                 ,Boyaca,Iza,2024-Julio,$50K-$100K,7
2024,Julio,1057603666,50200,RAZA PERROS 10KG                   ,BULTO          ,3,40000.0,0,120000,1,1057603666,502,502,502,MASCOTAS                                ,Boyaca,Iza,2024-Julio,$100K-$250K,7
2024,Julio,1057603666,60703,MAIZ PARTIDO NACIONAL X 40KG       ,BULTO          ,6,78000.0,0,468000,1,1057603666,607,607,607,MAIZ                                    ,Boyaca,Iza,2024-Julio,$250K-$500K,7
2024,Julio,8260002612,10209,CERDOS ENGORDE                     ,BULTO          ,5,74000.0,0,370000,2,8260002612,102,102,102,PORCICULTURA                            ,Boyaca,Sogamoso,2024-Julio,$250K-$500K,7
2024,Julio,8260002612,10504,CONTELAC 14%                       ,BULTO          ,3,69000.0,0,207000,1,8260002612,105,105,105,GANADERIA                               ,Boyaca,Sogamoso,2024-Julio,$100K-$250K,7
2024,Julio,8260002612,10833,FILPO ADULTO 30KG                  ,BULTO          ,1,107000.0,0,107000,1,8260002612,108,108,108,MASCOTAS                                ,Boyaca,Sogamoso,2024-Julio,$100K-$250K,7
2024,Junio,2881484,10829,RINGO CROQUETAS 30KG               ,BULTO          ,1,135600.0,0,135600,1,2881484,108,108,108,MASCOTAS                                ,Boyaca,Sogamoso,2024-Junio,$100K-$250K,6
2024,Junio,4117002,10202,INICIACION CERDOS                  ,BULTO          ,6,118000.0,0,708000,2,4117002,102,102,102,PORCICULTURA                            ,Boyaca,Firavitoba,2024-Junio,$500K-$1M,6
2024,Junio,4117002,10204,MAXI LECHONES                      ,BULTO          ,29,94310.34,0,2735000,2,4117002,102,102,102,PORCICULTURA                            ,Boyaca,Firavitoba,2024-Junio,>$1M,6
2024,Junio,4117002,10207,MAXI CERDOS FINALIZADOR            ,BULTO          ,8,92750.0,0,742000,2,4117002,102,102,102,PORCICULTURA                            ,Boyaca,Firavitoba,2024-Junio,$500K-$1M,6
2024,Junio,4117002,10211,MAXI CERDAS GESTACION   R          ,BULTO          ,2,88000.0,0,176000,1,4117002,102,102,102,PORCICULTURA                            ,Boyaca,Firavitoba,2024-Junio,$100K-$250K,6
2024,Junio,4117002,10212,MAXI CERDAS GESTACION              ,BULTO          ,9,83666.67,0,753000,2,4117002,102,102,102,PORCICULTURA                            ,Boyaca,Firavitoba,2024-Junio,$500K-$1M,6
2024,Junio,4117002,10213,CERDAS LACTANCIA PRIMERIZAS        ,BULTO          ,8,98062.5,0,784500,2,4117002,102,102,102,PORCICULTURA                            ,Boyaca,Firavitoba,2024-Junio,$500K-$1M,6
2024,Junio,4272458,50117,FIBRAMIX PELETIZADO                ,BULTO          ,2,60000.0,0,120000,2,4272458,501,501,105,GANADERIA                               ,Boyaca,Sogamoso,2024-Junio,$100K-$250K,6
2024,Junio,7125529,10833,FILPO ADULTO 30KG                  ,BULTO          ,1,107000.0,0,107000,1,7125529,108,108,108,MASCOTAS                                ,Boyaca,Sogamoso,2024-Junio,$100K-$250K,6
2024,Junio,7126611,10121,MAXI HUEVO C                       ,BULTO          ,4,94000.0,0,376000,1,7126611,101,101,101,AVICULTURA                              ,Boyaca,Sogamoso,2024-Junio,$250K-$500K,6
2024,Junio,9395832,10833,FILPO ADULTO 30KG                  ,BULTO          ,1,107000.0,0,107000,1,9395832,108,108,108,MASCOTAS                                ,Boyaca,Sogamoso,2024-Junio,$100K-$250K,6
2024,Junio,9395832,20707,TRUCHA FINALIZACION 40             ,BULTO          ,5,199400.0,0,997000,2,9395832,207,207,207,ACUACULTURA                             ,Boyaca,Sogamoso,2024-Junio,$500K-$1M,6
2024,Junio,9397177,61265,BRAVECTO 40KG-60KG                 ,UNIDAD         ,1,100000.0,0,100000,1,9397177,612,612,612,MASCOTAS                                ,Boyaca,Firavitoba,2024-Junio,$50K-$100K,6
2024,Junio,9399579,10833,FILPO ADULTO 30KG                  ,BULTO          ,1,107000.0,0,107000,1,9399579,108,108,108,MASCOTAS                                ,Boyaca,Sogamoso,2024-Junio,$100K-$250K,6
2024,Junio,9522649,10829,RINGO CROQUETAS 30KG               ,BULTO          ,1,127000.0,0,127000,1,9522649,108,108,108,MASCOTAS                                ,Boyaca,Sogamoso,2024-Junio,$100K-$250K,6
2024,Junio,9522649,10833,FILPO ADULTO 30KG                  ,BULTO          ,1,107000.0,0,107000,1,9522649,108,108,108,MASCOTAS                                ,Boyaca,Sogamoso,2024-Junio,$100K-$250K,6
2024,Junio,9522649,20203,SUPER HUEVO PREPICO 100            ,BULTO          ,2,85000.0,0,170000,1,9522649,202,202,101,AVICULTURA                              ,Boyaca,Sogamoso,2024-Junio,$100K-$250K,6
2024,Junio,9522649,20503,CREMOSA                            ,BULTO          ,2,66000.0,0,132000,1,9522649,205,205,205,GANADERIA                               ,Boyaca,Sogamoso,2024-Junio,$100K-$250K,6
2024,Junio,9522649,60700,MAIZ NACIONAL X50KG                ,BULTO          ,1,82000.0,0,82000,1,9522649,607,607,607,MAIZ                                    ,Boyaca,Sogamoso,2024-Junio,$50K-$100K,6
2024,Junio,9525427,10501,NOVILLONAS                         ,BULTO          ,5,76000.0,0,380000,1,9525427,105,105,105,GANADERIA                               ,Boyaca,Sogamoso,2024-Junio,$250K-$500K,6
2024,Junio,9525427,10504,CONTELAC 14%                       ,BULTO          ,20,70000.0,0,1400000,1,9525427,105,105,105,GANADERIA                               ,Boyaca,Sogamoso,2024-Junio,>$1M,6
2024,Junio,9525427,20503,CREMOSA                            ,BULTO          ,20,66000.0,0,1320000,2,9525427,205,205,205,GANADERIA                               ,Boyaca,Sogamoso,2024-Junio,>$1M,6
2024,Junio,9527933,10603,FORRAJE GANADERIA P TULIPAN        ,BULTO          ,1,60000.0,0,60000,1,9527933,106,106,105,GANADERIA                               ,Boyaca,Sogamoso,2024-Junio,$50K-$100K,6
2024,Junio,9527933,10831,FILPO ADULTO 10KG                  ,BULTO          ,3,40000.0,0,120000,2,9527933,108,108,108,MASCOTAS                                ,Boyaca,Sogamoso,2024-Junio,$100K-$250K,6
2024,Junio,9527933,50201,RAZA PERROS 30KG                   ,BULTO          ,3,107666.67,0,323000,2,9527933,502,502,502,MASCOTAS                                ,Boyaca,Sogamoso,2024-Junio,$250K-$500K,6
2024,Junio,9529885,61280,AGILITY GOLD GRAN ADULT 15 KG      ,BULTO          ,1,250000.0,0,250000,1,9529885,612,612,612,MASCOTAS                                ,Boyaca,Sogamoso,2024-Junio,$100K-$250K,6
2024,Junio,17037305,10500,TERNERAS LEVANTE                   ,BULTO          ,1,92000.0,0,92000,1,17037305,105,105,105,GANADERIA                               ,Boyaca,Sogamoso,2024-Junio,$50K-$100K,6
2024,Junio,17037305,10516,MAXI SAL 11% H                     ,BULTO          ,2,77000.0,0,154000,1,17037305,105,105,105,GANADERIA                               ,Boyaca,Sogamoso,2024-Junio,$100K-$250K,6
2024,Junio,17037305,10833,FILPO ADULTO 30KG                  ,BULTO          ,2,110000.0,0,220000,1,17037305,108,108,108,MASCOTAS                                ,Boyaca,Sogamoso,2024-Junio,$100K-$250K,6
2024,Junio,17037305,20503,CREMOSA                            ,BULTO          ,12,67000.0,0,804000,1,17037305,205,205,205,GANADERIA                               ,Boyaca,Sogamoso,2024-Junio,$500K-$1M,6
2024,Junio,22222222,10100,PREINICIACION POLLITOS             ,BULTO          ,2,84000.0,0,168000,1,22222222,101,101,101,AVICULTURA                              ,Boyaca,Sogamoso,2024-Junio,$100K-$250K,6
2024,Junio,22222222,10103,MAXI POLLITOS C.                   ,BULTO          ,4,102000.0,0,408000,4,22222222,101,101,101,AVICULTURA                              ,Boyaca,Sogamoso,2024-Junio,$250K-$500K,6
2024,Junio,22222222,10106,MAXI BROILER C. 1K*20              ,BOLSA          ,1,58000.0,0,58000,1,22222222,101,101,101,AVICULTURA                              ,Boyaca,Sogamoso,2024-Junio,$50K-$100K,6
2024,Junio,22222222,10107,MAXI BROILER C.                    ,BULTO          ,2,110000.0,0,220000,2,22222222,101,101,101,AVICULTURA                              ,Boyaca,Sogamoso,2024-Junio,$100K-$250K,6
2024,Junio,22222222,10108,MAXI BROILER P                     ,BULTO          ,2,105000.0,0,210000,2,22222222,101,101,101,AVICULTURA                              ,Boyaca,Sogamoso,2024-Junio,$100K-$250K,6
2024,Junio,22222222,10109,MAXI BROILER PIGMENTO C            ,BULTO          ,6,110000.0,0,660000,4,22222222,101,101,101,AVICULTURA                              ,Boyaca,Sogamoso,2024-Junio,$500K-$1M,6
2024,Junio,22222222,10115,POLLO CAMPESINO P 1K*20            ,BOLSA          ,6,2500.0,0,15000,1,22222222,101,101,101,AVICULTURA                              ,Boyaca,Sogamoso,2024-Junio,<$50K,6
2024,Junio,22222222,10117,POLLITAS INICIACION                ,BULTO          ,7,92000.0,0,644000,3,22222222,101,101,101,AVICULTURA                              ,Boyaca,Sogamoso,2024-Junio,$500K-$1M,6
2024,Junio,22222222,10118,POLLAS                             ,BULTO          ,19,85052.63,0,1616000,8,22222222,101,101,101,AVICULTURA                              ,Boyaca,Sogamoso,2024-Junio,>$1M,6
2024,Junio,22222222,10120,MAXI HUEVO H                       ,BULTO          ,5,84000.0,0,420000,5,22222222,101,101,101,AVICULTURA                              ,Boyaca,Sogamoso,2024-Junio,$250K-$500K,6
2024,Junio,22222222,10121,MAXI HUEVO C                       ,BULTO          ,71,84690.14,0,6013000,35,22222222,101,101,101,AVICULTURA                              ,Boyaca,Sogamoso,2024-Junio,>$1M,6
2024,Junio,22222222,10123,PONEDORA EXTRA I C                 ,BULTO          ,28,85928.57,0,2406000,10,22222222,101,101,101,AVICULTURA                              ,Boyaca,Sogamoso,2024-Junio,>$1M,6
2024,Junio,22222222,10133,CODORNICES CONTEGRAL               ,BULTO          ,1,95000.0,0,95000,1,22222222,101,101,101,AVICULTURA                              ,Boyaca,Sogamoso,2024-Junio,$50K-$100K,6
2024,Junio,22222222,10202,INICIACION CERDOS                  ,BULTO          ,2,119000.0,0,238000,1,22222222,102,102,102,PORCICULTURA                            ,Boyaca,Sogamoso,2024-Junio,$100K-$250K,6
2024,Junio,22222222,10204,MAXI LECHONES                      ,BULTO          ,1,95000.0,0,95000,1,22222222,102,102,102,PORCICULTURA                            ,Boyaca,Sogamoso,2024-Junio,$50K-$100K,6
2024,Junio,22222222,10205,CERDOS LEVANTE                     ,BULTO          ,1,86000.0,0,86000,1,22222222,102,102,102,PORCICULTURA                            ,Boyaca,Sogamoso,2024-Junio,$50K-$100K,6
2024,Junio,22222222,10207,MAXI CERDOS FINALIZADOR            ,BULTO          ,2,94000.0,0,188000,1,22222222,102,102,102,PORCICULTURA                            ,Boyaca,Sogamoso,2024-Junio,$100K-$250K,6
2024,Junio,22222222,10209,CERDOS ENGORDE                     ,BULTO          ,3,74333.33,0,223000,3,22222222,102,102,102,PORCICULTURA                            ,Boyaca,Sogamoso,2024-Junio,$100K-$250K,6
2024,Junio,22222222,10212,MAXI CERDAS GESTACION              ,BULTO          ,12,78083.33,0,937000,3,22222222,102,102,102,PORCICULTURA                            ,Boyaca,Sogamoso,2024-Junio,$500K-$1M,6
2024,Junio,22222222,10214,MAXI CERDAS LACTANCIA              ,BULTO          ,3,91000.0,0,273000,3,22222222,102,102,102,PORCICULTURA                            ,Boyaca,Sogamoso,2024-Junio,$250K-$500K,6
2024,Junio,22222222,10304,"MAXI TRUCHAS 45 SP 1,8 E           ",BULTO          ,6,208000.0,0,1248000,5,22222222,103,103,103,ACUACULTURA                             ,Boyaca,Sogamoso,2024-Junio,>$1M,6
2024,Junio,22222222,10305,"MAXI TRUCHAS 45 SP 3,5 E           ",BULTO          ,3,208000.0,0,624000,2,22222222,103,103,103,ACUACULTURA                             ,Boyaca,Sogamoso,2024-Junio,$500K-$1M,6
2024,Junio,22222222,10400,POTROS  CINTA AZUL                 ,BULTO          ,1,88000.0,0,88000,1,22222222,104,104,104,EQUINOS                                 ,Boyaca,Sogamoso,2024-Junio,$50K-$100K,6
2024,Junio,22222222,10401,YEGUAS                             ,BULTO          ,1,84000.0,0,84000,1,22222222,104,104,104,EQUINOS                                 ,Boyaca,Sogamoso,2024-Junio,$50K-$100K,6
2024,Junio,22222222,10403,CORCEL                             ,BULTO          ,1,73000.0,0,73000,1,22222222,104,104,104,EQUINOS                                 ,Boyaca,Sogamoso,2024-Junio,$50K-$100K,6
2024,Junio,22222222,10500,TERNERAS LEVANTE                   ,BULTO          ,3,88000.0,0,264000,3,22222222,105,105,105,GANADERIA                               ,Boyaca,Sogamoso,2024-Junio,$250K-$500K,6
2024,Junio,22222222,10501,NOVILLONAS                         ,BULTO          ,3,75000.0,0,225000,2,22222222,105,105,105,GANADERIA                               ,Boyaca,Sogamoso,2024-Junio,$100K-$250K,6
2024,Junio,22222222,10504,CONTELAC 14%                       ,BULTO          ,2,68500.0,0,137000,2,22222222,105,105,105,GANADERIA                               ,Boyaca,Sogamoso,2024-Junio,$100K-$250K,6
2024,Junio,22222222,10505,CONTELAC 16%                       ,BULTO          ,2,73000.0,0,146000,1,22222222,105,105,105,GANADERIA                               ,Boyaca,Sogamoso,2024-Junio,$100K-$250K,6
2024,Junio,22222222,10506,CONTELAC 18%                       ,BULTO          ,12,74166.67,0,890000,5,22222222,105,105,105,GANADERIA                               ,Boyaca,Sogamoso,2024-Junio,$500K-$1M,6
2024,Junio,22222222,10507,PRELACTANCIA                       ,BULTO          ,5,76800.0,0,384000,3,22222222,105,105,105,GANADERIA                               ,Boyaca,Sogamoso,2024-Junio,$250K-$500K,6
2024,Junio,22222222,10515,NOVILLOS CEBA P                    ,BULTO          ,5,80000.0,0,400000,4,22222222,105,105,105,GANADERIA                               ,Boyaca,Sogamoso,2024-Junio,$250K-$500K,6
2024,Junio,22222222,10516,MAXI SAL 11% H                     ,BULTO          ,1,70000.0,0,70000,1,22222222,105,105,105,GANADERIA                               ,Boyaca,Sogamoso,2024-Junio,$50K-$100K,6
2024,Junio,22222222,10603,FORRAJE GANADERIA P TULIPAN        ,BULTO          ,17,60000.0,0,1020000,10,22222222,106,106,105,GANADERIA                               ,Boyaca,Sogamoso,2024-Junio,>$1M,6
2024,Junio,22222222,10701,CONEJOS                            ,BULTO          ,26,85230.77,0,2216000,18,22222222,107,107,107,CONEJOS                                 ,Boyaca,Sogamoso,2024-Junio,>$1M,6
2024,Junio,22222222,10809,NUTRISS ADULTOS CARNE Y VEG  30KG  ,BULTO          ,3,160000.0,0,480000,3,22222222,108,108,108,MASCOTAS                                ,Boyaca,Sogamoso,2024-Junio,$250K-$500K,6
2024,Junio,22222222,10814,NUTRISS ADULTOS POLLO Y VEG 30KG   ,BULTO          ,2,160000.0,0,320000,2,22222222,108,108,108,MASCOTAS                                ,Boyaca,Sogamoso,2024-Junio,$250K-$500K,6
2024,Junio,22222222,10816,RINGO CACHORROS 15KG               ,BULTO          ,3,80000.0,0,240000,3,22222222,108,108,108,MASCOTAS                                ,Boyaca,Sogamoso,2024-Junio,$100K-$250K,6
2024,Junio,22222222,10818,RINGO CACHORROS 2K*5               ,BOLSA          ,3,15000.0,0,45000,1,22222222,108,108,108,MASCOTAS                                ,Boyaca,Sogamoso,2024-Junio,<$50K,6
2024,Junio,22222222,10821,RINGO PREMIUM 20KG                 ,BULTO          ,1,106000.0,0,106000,1,22222222,108,108,108,MASCOTAS                                ,Boyaca,Sogamoso,2024-Junio,$100K-$250K,6
2024,Junio,22222222,10824,RINGO PREMIUM 30KG                 ,BULTO          ,11,151272.73,0,1664000,11,22222222,108,108,108,MASCOTAS                                ,Boyaca,Sogamoso,2024-Junio,>$1M,6
2024,Junio,22222222,10826,RINGO CROQUETAS 20KG               ,BULTO          ,1,90000.0,0,90000,1,22222222,108,108,108,MASCOTAS                                ,Boyaca,Sogamoso,2024-Junio,$50K-$100K,6
2024,Junio,22222222,10829,RINGO CROQUETAS 30KG               ,BULTO          ,17,125705.88,0,2137000,17,22222222,108,108,108,MASCOTAS                                ,Boyaca,Sogamoso,2024-Junio,>$1M,6
2024,Junio,22222222,10831,FILPO ADULTO 10KG                  ,BULTO          ,5,40000.0,0,200000,5,22222222,108,108,108,MASCOTAS                                ,Boyaca,Sogamoso,2024-Junio,$100K-$250K,6
2024,Junio,22222222,10833,FILPO ADULTO 30KG                  ,BULTO          ,19,106842.11,0,2030000,17,22222222,108,108,108,MASCOTAS                                ,Boyaca,Sogamoso,2024-Junio,>$1M,6
2024,Junio,22222222,10842,MIRRINGO 8KG                       ,BULTO          ,4,67000.0,0,268000,3,22222222,108,108,108,MASCOTAS                                ,Boyaca,Sogamoso,2024-Junio,$250K-$500K,6
2024,Junio,22222222,10843,MIRRINGO 0.5K*20                   ,BOLSA          ,1,6000.0,0,6000,1,22222222,108,108,108,MASCOTAS                                ,Boyaca,Sogamoso,2024-Junio,<$50K,6
2024,Junio,22222222,10844,MIRRINGO 1KG*20                    ,BOLSA          ,3,11166.67,0,33500,3,22222222,108,108,108,MASCOTAS                                ,Boyaca,Sogamoso,2024-Junio,<$50K,6
2024,Junio,22222222,20104,SUPER POLLO ENGORDE GRANJA         ,BULTO          ,2,87500.0,0,175000,2,22222222,201,201,101,AVICULTURA                              ,Boyaca,Sogamoso,2024-Junio,$100K-$250K,6
2024,Junio,22222222,20105,SUPER POLLO ENGORDE 5K*4           ,BOLSA          ,1,25000.0,0,25000,1,22222222,201,201,101,AVICULTURA                              ,Boyaca,Sogamoso,2024-Junio,<$50K,6
2024,Junio,22222222,20106,SUPER POLLO ENGORDE DORADO         ,BULTO          ,5,107200.0,0,536000,4,22222222,201,201,101,AVICULTURA                              ,Boyaca,Sogamoso,2024-Junio,$500K-$1M,6
2024,Junio,22222222,20108,POLLO CRIOLLO P                    ,BULTO          ,2,75000.0,0,150000,2,22222222,201,201,101,AVICULTURA                              ,Boyaca,Sogamoso,2024-Junio,$100K-$250K,6
2024,Junio,22222222,20109,POLLO CRIOLLO Q                    ,BULTO          ,1,75000.0,0,75000,1,22222222,201,201,101,AVICULTURA                              ,Boyaca,Sogamoso,2024-Junio,$50K-$100K,6
2024,Junio,22222222,20200,POLLITA INICIACION                 ,BULTO          ,3,92000.0,0,276000,3,22222222,202,202,101,AVICULTURA                              ,Boyaca,Sogamoso,2024-Junio,$250K-$500K,6
2024,Junio,22222222,20202,SUPER HUEVO PREPICO                ,BULTO          ,12,80000.0,0,960000,6,22222222,202,202,101,AVICULTURA                              ,Boyaca,Sogamoso,2024-Junio,$500K-$1M,6
2024,Junio,22222222,20203,SUPER HUEVO PREPICO 100            ,BULTO          ,29,84586.21,0,2453000,14,22222222,202,202,101,AVICULTURA                              ,Boyaca,Sogamoso,2024-Junio,>$1M,6
2024,Junio,22222222,20301,CERDITOS INICIACION NARANJA        ,BULTO          ,2,118000.0,0,236000,2,22222222,203,203,203,PORCICULTURA                            ,Boyaca,Sogamoso,2024-Junio,$100K-$250K,6
2024,Junio,22222222,20302,CERDO LEVANTE 1 NARANJA            ,BULTO          ,28,93607.14,0,2621000,13,22222222,203,203,203,PORCICULTURA                            ,Boyaca,Sogamoso,2024-Junio,>$1M,6
2024,Junio,22222222,20303,CERDO ENGORDE NARANJA              ,BULTO          ,2,90000.0,0,180000,2,22222222,203,203,203,PORCICULTURA                            ,Boyaca,Sogamoso,2024-Junio,$100K-$250K,6
2024,Junio,22222222,20304,CERDO FINALIZADOR NARANJA          ,BULTO          ,14,92000.0,0,1288000,5,22222222,203,203,203,PORCICULTURA                            ,Boyaca,Sogamoso,2024-Junio,>$1M,6
2024,Junio,22222222,20305,CERDA GESTACION NARANJA            ,BULTO          ,4,83000.0,0,332000,3,22222222,203,203,203,PORCICULTURA                            ,Boyaca,Sogamoso,2024-Junio,$250K-$500K,6
2024,Junio,22222222,20306,CERDA LACTANCIA NARANJA            ,BULTO          ,12,89500.0,0,1074000,7,22222222,203,203,203,PORCICULTURA                            ,Boyaca,Sogamoso,2024-Junio,>$1M,6
2024,Junio,22222222,20307,CERDO LEVANTE                      ,BULTO          ,13,84615.38,0,1100000,11,22222222,203,203,203,PORCICULTURA                            ,Boyaca,Sogamoso,2024-Junio,>$1M,6
2024,Junio,22222222,20308,CERDO ENGORDE                      ,BULTO          ,13,74307.69,0,966000,9,22222222,203,203,203,PORCICULTURA                            ,Boyaca,Sogamoso,2024-Junio,$500K-$1M,6
2024,Junio,22222222,20503,CREMOSA                            ,BULTO          ,6,65666.67,0,394000,5,22222222,205,205,205,GANADERIA                               ,Boyaca,Sogamoso,2024-Junio,$250K-$500K,6
2024,Junio,22222222,20505,ITAL LECHE PELLET                  ,BULTO          ,15,58666.67,0,880000,6,22222222,205,205,205,GANADERIA                               ,Boyaca,Sogamoso,2024-Junio,$500K-$1M,6
2024,Junio,22222222,20600,EQUINOS                            ,BULTO          ,10,72000.0,0,720000,5,22222222,206,206,206,EQUINOS                                 ,Boyaca,Sogamoso,2024-Junio,$500K-$1M,6
2024,Junio,22222222,20604,BRIO POTROS                        ,BULTO          ,3,87000.0,0,261000,3,22222222,206,206,206,EQUINOS                                 ,Boyaca,Sogamoso,2024-Junio,$250K-$500K,6
2024,Junio,22222222,20606,FURIA TOTAL                        ,BULTO          ,13,64153.85,0,834000,9,22222222,206,206,206,EQUINOS                                 ,Boyaca,Sogamoso,2024-Junio,$500K-$1M,6
2024,Junio,22222222,20607,MULTIFORRAJE EQUINO                ,BULTO          ,6,65833.33,0,395000,4,22222222,206,206,206,EQUINOS                                 ,Boyaca,Sogamoso,2024-Junio,$250K-$500K,6
2024,Junio,22222222,20608,PODIUM                             ,BULTO          ,5,80000.0,0,400000,5,22222222,206,206,206,EQUINOS                                 ,Boyaca,Sogamoso,2024-Junio,$250K-$500K,6
2024,Junio,22222222,20704,MOJARRA 20 EXTR                    ,BULTO          ,2,118500.0,0,237000,2,22222222,207,207,207,ACUACULTURA                             ,Boyaca,Sogamoso,2024-Junio,$100K-$250K,6
2024,Junio,22222222,20705,TRUCHA INICIACION 50               ,BULTO          ,3,237000.0,0,711000,3,22222222,207,207,207,ACUACULTURA                             ,Boyaca,Sogamoso,2024-Junio,$500K-$1M,6
2024,Junio,22222222,20706,TRUCHA LEVANTE 40                  ,BULTO          ,16,184125.0,0,2946000,6,22222222,207,207,207,ACUACULTURA                             ,Boyaca,Sogamoso,2024-Junio,>$1M,6
2024,Junio,22222222,20707,TRUCHA FINALIZACION 40             ,BULTO          ,40,204850.0,0,8194000,15,22222222,207,207,207,ACUACULTURA                             ,Boyaca,Sogamoso,2024-Junio,>$1M,6
2024,Junio,22222222,30112,NUTRECAN ADULTOS RM Y RG 25KG      ,BULTO          ,2,225000.0,0,450000,2,22222222,301,301,108,MASCOTAS                                ,Boyaca,Sogamoso,2024-Junio,$250K-$500K,6
2024,Junio,22222222,30123,NUTRECAN CROQUETAS CACHORROS 15KG  ,BULTO          ,2,97000.0,0,194000,2,22222222,301,301,108,MASCOTAS                                ,Boyaca,Sogamoso,2024-Junio,$100K-$250K,6
2024,Junio,22222222,30126,NUTRECAN CROQUETAS ADULTOS 15KG    ,BULTO          ,4,96500.0,0,386000,4,22222222,301,301,108,MASCOTAS                                ,Boyaca,Sogamoso,2024-Junio,$250K-$500K,6
2024,Junio,22222222,30127,NUTRECAN CROQUETAS ADULTOS 25KG    ,BULTO          ,5,161000.0,0,805000,5,22222222,301,301,108,MASCOTAS                                ,Boyaca,Sogamoso,2024-Junio,$500K-$1M,6
2024,Junio,22222222,30205,Q-IDA CAT 8KG                      ,BULTO          ,1,70000.0,0,70000,1,22222222,302,302,108,MASCOTAS                                ,Boyaca,Sogamoso,2024-Junio,$50K-$100K,6
2024,Junio,22222222,30207,NUTRECAT HOME 1.5K*10              ,BOLSA          ,2,25000.0,0,50000,1,22222222,302,302,108,MASCOTAS                                ,Boyaca,Sogamoso,2024-Junio,<$50K,6
2024,Junio,22222222,30401,NUTREPOLLO C.                      ,BULTO          ,1,98000.0,0,98000,1,22222222,304,304,304,AVICULTURA                              ,Boyaca,Sogamoso,2024-Junio,$50K-$100K,6
2024,Junio,22222222,30503,CHANCHITOS I.C                     ,BULTO          ,11,84013.64,0,924150,6,22222222,305,305,305,PORCICULTURA                            ,Boyaca,Sogamoso,2024-Junio,$500K-$1M,6
2024,Junio,22222222,30506,CHANCHITOS PET                     ,BULTO          ,14,91750.0,0,1284500,4,22222222,305,305,305,PORCICULTURA                            ,Boyaca,Sogamoso,2024-Junio,>$1M,6
2024,Junio,22222222,30601,MANNA P                            ,BULTO          ,2,88000.0,0,176000,2,22222222,306,306,306,GANADERIA                               ,Boyaca,Sogamoso,2024-Junio,$100K-$250K,6
2024,Junio,22222222,30702,CAMPEON ADULTOS                    ,BULTO          ,1,80000.0,0,80000,1,22222222,307,307,307,EQUINOS                                 ,Boyaca,Sogamoso,2024-Junio,$50K-$100K,6
2024,Junio,22222222,40202,POLLO INICIACION C                 ,BULTO          ,2,87000.0,0,174000,2,22222222,402,402,402,AVICULTURA                              ,Boyaca,Sogamoso,2024-Junio,$100K-$250K,6
2024,Junio,22222222,50117,FIBRAMIX PELETIZADO                ,BULTO          ,1,60000.0,0,60000,1,22222222,501,501,105,GANADERIA                               ,Boyaca,Sogamoso,2024-Junio,$50K-$100K,6
2024,Junio,22222222,50200,RAZA PERROS 10KG                   ,BULTO          ,5,40000.0,0,200000,4,22222222,502,502,502,MASCOTAS                                ,Boyaca,Sogamoso,2024-Junio,$100K-$250K,6
2024,Junio,22222222,50201,RAZA PERROS 30KG                   ,BULTO          ,16,106312.5,0,1701000,16,22222222,502,502,502,MASCOTAS                                ,Boyaca,Sogamoso,2024-Junio,>$1M,6
2024,Junio,22222222,60115,IVERBEST A.P ORO 3.15% FRASCO X 500,FRASCO         ,1,89000.0,0,89000,1,22222222,601,601,610,DROGA VETERINARIA                       ,Boyaca,Sogamoso,2024-Junio,$50K-$100K,6
2024,Junio,22222222,60116,IVERBEST A.P ORO 3.15% FRASCO X 50M,FRASCO         ,1,45000.0,0,45000,1,22222222,601,601,610,DROGA VETERINARIA                       ,Boyaca,Sogamoso,2024-Junio,<$50K,6
2024,Junio,22222222,60134,TONI-CALL B12 INYEC FRASCO X 100ML ,FRASCO         ,1,47000.0,0,47000,1,22222222,601,601,610,DROGA VETERINARIA                       ,Boyaca,Sogamoso,2024-Junio,<$50K,6
2024,Junio,22222222,60136,TONI-CALL B12 INYEC FRASCO X 50ML  ,FRASCO         ,1,25000.0,0,25000,1,22222222,601,601,610,DROGA VETERINARIA                       ,Boyaca,Sogamoso,2024-Junio,<$50K,6
2024,Junio,22222222,60144,TENIBEST JERINGA X 10ML            ,JERINGA        ,1,8000.0,0,8000,1,22222222,601,601,610,DROGA VETERINARIA                       ,Boyaca,Sogamoso,2024-Junio,<$50K,6
2024,Junio,22222222,60147,EQUIBEST JERINGA                   ,JERINGA        ,1,24000.0,0,24000,1,22222222,601,601,610,DROGA VETERINARIA                       ,Boyaca,Sogamoso,2024-Junio,<$50K,6
2024,Junio,22222222,60211,PAREDON 15% X 20ML                 ,FRASCO         ,1,9000.0,0,9000,1,22222222,602,602,610,DROGA VETERINARIA                       ,Boyaca,Sogamoso,2024-Junio,<$50K,6
2024,Junio,22222222,60700,MAIZ NACIONAL X50KG                ,BULTO          ,8,75625.0,0,605000,6,22222222,607,607,607,MAIZ                                    ,Boyaca,Sogamoso,2024-Junio,$500K-$1M,6
2024,Junio,22222222,60703,MAIZ PARTIDO NACIONAL X 40KG       ,BULTO          ,1,68000.0,0,68000,1,22222222,607,607,607,MAIZ                                    ,Boyaca,Sogamoso,2024-Junio,$50K-$100K,6
2024,Junio,22222222,60810,DONKAT GATOS ADULTOS X 7KG         ,BULTO          ,5,72800.0,0,364000,5,22222222,608,608,608,MASCOTAS                                ,Boyaca,Sogamoso,2024-Junio,$250K-$500K,6
2024,Junio,22222222,60822,"MONELLO CAT SALMON, ATUN, POLLO X 7",BULTO          ,3,125000.0,0,375000,3,22222222,608,608,608,MASCOTAS                                ,Boyaca,Sogamoso,2024-Junio,$250K-$500K,6
2024,Junio,22222222,60826,MONELLO CACHORRO X7KG              ,BULTO          ,3,98333.33,0,295000,3,22222222,608,608,608,MASCOTAS                                ,Boyaca,Sogamoso,2024-Junio,$250K-$500K,6
2024,Junio,22222222,60828,MONELLO RAZA PEQUEÑA X 7KG         ,BULTO          ,3,98000.0,0,294000,3,22222222,608,608,608,MASCOTAS                                ,Boyaca,Sogamoso,2024-Junio,$250K-$500K,6
2024,Junio,22222222,60849,MONELLO TRADICIONAL X 15KG         ,BULTO          ,1,256000.0,0,256000,1,22222222,608,608,608,MASCOTAS                                ,Boyaca,Sogamoso,2024-Junio,$250K-$500K,6
2024,Junio,22222222,60850,JABON ASUNTOL                      ,BARRA          ,1,13000.0,0,13000,1,22222222,608,608,608,MASCOTAS                                ,Boyaca,Sogamoso,2024-Junio,<$50K,6
2024,Junio,22222222,60855,TALCO CANAMOR                      ,FRASCO         ,1,22000.0,0,22000,1,22222222,608,608,608,MASCOTAS                                ,Boyaca,Sogamoso,2024-Junio,<$50K,6
2024,Junio,22222222,60858,SHAMPOO CANAMOR FRASCO             ,FRASCO         ,1,25000.0,0,25000,1,22222222,608,608,608,MASCOTAS                                ,Boyaca,Sogamoso,2024-Junio,<$50K,6
2024,Junio,22222222,60881,CHUNKY ADULTO X 9KG                ,BULTO          ,4,69500.0,0,278000,4,22222222,608,608,608,MASCOTAS                                ,Boyaca,Sogamoso,2024-Junio,$250K-$500K,6
2024,Junio,22222222,60883,CHUNKY CACHORRO X 9KG              ,BULTO          ,1,78000.0,0,78000,1,22222222,608,608,608,MASCOTAS                                ,Boyaca,Sogamoso,2024-Junio,$50K-$100K,6
2024,Junio,22222222,61008,PARAVET SOBRE                      ,SOBRE          ,5,4000.0,0,20000,1,22222222,610,610,610,DROGA VETERINARIA                       ,Boyaca,Sogamoso,2024-Junio,<$50K,6
2024,Junio,22222222,61052,DEXTROMIN RB12 X 500ML             ,FRASCO         ,1,42000.0,0,42000,1,22222222,610,610,610,DROGA VETERINARIA                       ,Boyaca,Sogamoso,2024-Junio,<$50K,6
2024,Junio,22222222,61054,MOSKATION FRASCO X 1 LITRO         ,FRASCO         ,1,115000.0,0,115000,1,22222222,610,610,610,DROGA VETERINARIA                       ,Boyaca,Sogamoso,2024-Junio,$100K-$250K,6
2024,Junio,22222222,61061,LEVAMISOL INYEC X 50ML             ,FRASCO         ,1,28000.0,0,28000,1,22222222,610,610,610,DROGA VETERINARIA                       ,Boyaca,Sogamoso,2024-Junio,<$50K,6
2024,Junio,22222222,61070,ALBENDAZOL X 100ML                 ,FRASCO         ,1,24000.0,0,24000,1,22222222,610,610,610,DROGA VETERINARIA                       ,Boyaca,Sogamoso,2024-Junio,<$50K,6
2024,Junio,22222222,61084,MELAZA GARRAFA X 6KG               ,GARRAFA        ,1,15000.0,0,15000,1,22222222,610,610,610,DROGA VETERINARIA                       ,Boyaca,Sogamoso,2024-Junio,<$50K,6
2024,Junio,22222222,61117,GLYFOSAN SOBRE                     ,UNIDAD         ,4,4000.0,0,16000,1,22222222,611,611,611,DROGA VETERINARIA                       ,Boyaca,Sogamoso,2024-Junio,<$50K,6
2024,Junio,22222222,61200,CHUNKY ADULTOS 25KG                ,BULTO          ,2,162500.0,0,325000,2,22222222,612,612,612,MASCOTAS                                ,Boyaca,Sogamoso,2024-Junio,$250K-$500K,6
2024,Junio,22222222,61218,MONELLO TRADICIONAL 25KG           ,BULTO          ,2,266500.0,0,533000,2,22222222,612,612,612,MASCOTAS                                ,Boyaca,Sogamoso,2024-Junio,$500K-$1M,6
2024,Junio,22222222,61221,NUTRION ADULTO 30KG                ,BULTO          ,1,157000.0,0,157000,1,22222222,612,612,612,MASCOTAS                                ,Boyaca,Sogamoso,2024-Junio,$100K-$250K,6
2024,Junio,22222222,61229,DONKAT ADULTO X1KG                 ,BOLSA          ,1,12000.0,0,12000,1,22222222,612,612,612,MASCOTAS                                ,Boyaca,Sogamoso,2024-Junio,<$50K,6
2024,Junio,22222222,61290,AGILITY GOLD PEQ ADUL 1.5 KG       ,BOL            ,1,39000.0,0,39000,1,22222222,612,612,612,MASCOTAS                                ,Boyaca,Sogamoso,2024-Junio,<$50K,6
2024,Junio,22222222,61301,NEXGARD                            ,PASTA          ,1,55000.0,0,55000,1,22222222,613,613,613,MASCOTAS                                ,Boyaca,Sogamoso,2024-Junio,$50K-$100K,6
2024,Junio,33448889,10504,CONTELAC 14%                       ,BULTO          ,1,69000.0,0,69000,1,33448889,105,105,105,GANADERIA                               ,Boyaca,Sogamoso,2024-Junio,$50K-$100K,6
2024,Junio,33448889,20203,SUPER HUEVO PREPICO 100            ,BULTO          ,2,85000.0,0,170000,1,33448889,202,202,101,AVICULTURA                              ,Boyaca,Sogamoso,2024-Junio,$100K-$250K,6
2024,Junio,33448889,60701,MAIZ NACIONAL @                    ,BOLSA          ,1,25000.0,0,25000,1,33448889,607,607,607,MAIZ                                    ,Boyaca,Sogamoso,2024-Junio,<$50K,6
2024,Junio,40022620,10824,RINGO PREMIUM 30KG                 ,BULTO          ,6,152000.0,0,912000,2,40022620,108,108,108,MASCOTAS                                ,Boyaca,Tunja,2024-Junio,$500K-$1M,6
2024,Junio,46367408,10516,MAXI SAL 11% H                     ,BULTO          ,1,70000.0,0,70000,1,46367408,105,105,105,GANADERIA                               ,Boyaca,Sogamoso,2024-Junio,$50K-$100K,6
2024,Junio,46367408,10518,MAXI SAL 6%  H                     ,BULTO          ,1,60000.0,0,60000,1,46367408,105,105,105,GANADERIA                               ,Boyaca,Sogamoso,2024-Junio,$50K-$100K,6
2024,Junio,46367408,20503,CREMOSA                            ,BULTO          ,1,66000.0,0,66000,1,46367408,205,205,205,GANADERIA                               ,Boyaca,Sogamoso,2024-Junio,$50K-$100K,6
2024,Junio,46376488,10123,PONEDORA EXTRA I C                 ,BULTO          ,3,86333.33,0,259000,3,46376488,101,101,101,AVICULTURA                              ,Boyaca,Sogamoso,2024-Junio,$250K-$500K,6
2024,Junio,46376488,10125,PONEDORA EXTRA I P                 ,BULTO          ,1,83000.0,0,83000,1,46376488,101,101,101,AVICULTURA                              ,Boyaca,Sogamoso,2024-Junio,$50K-$100K,6
2024,Junio,46376488,10602,FORRAJE GANADERIA H TULIPAN        ,BULTO          ,1,60000.0,0,60000,1,46376488,106,106,105,GANADERIA                               ,Boyaca,Sogamoso,2024-Junio,$50K-$100K,6
2024,Junio,46376488,10603,FORRAJE GANADERIA P TULIPAN        ,BULTO          ,2,60000.0,0,120000,2,46376488,106,106,105,GANADERIA                               ,Boyaca,Sogamoso,2024-Junio,$100K-$250K,6
2024,Junio,46455258,20302,CERDO LEVANTE 1 NARANJA            ,BULTO          ,2,102000.0,0,204000,1,46455258,203,203,203,PORCICULTURA                            ,Boyaca,Sogamoso,2024-Junio,$100K-$250K,6
2024,Junio,47428820,10114,POLLO CAMPESINO C                  ,BULTO          ,6,75000.0,0,450000,1,47428820,101,101,101,AVICULTURA                              ,Boyaca,Sogamoso,2024-Junio,$250K-$500K,6
2024,Junio,47428820,20109,POLLO CRIOLLO Q                    ,BULTO          ,4,75000.0,0,300000,1,47428820,201,201,101,AVICULTURA                              ,Boyaca,Sogamoso,2024-Junio,$250K-$500K,6
2024,Junio,52824658,61205,AGILITY GOLD GRAN CACHORROS 15KG   ,BULTO          ,1,258000.0,0,258000,1,52824658,612,612,612,MASCOTAS                                ,Boyaca,Sogamoso,2024-Junio,$250K-$500K,6
2024,Junio,74081683,10829,RINGO CROQUETAS 30KG               ,BULTO          ,1,126000.0,0,126000,1,74081683,108,108,108,MASCOTAS                                ,Boyaca,Nobsa,2024-Junio,$100K-$250K,6
2024,Junio,74083883,10515,NOVILLOS CEBA P                    ,BULTO          ,1,80000.0,0,80000,1,74083883,105,105,105,GANADERIA                               ,Boyaca,Corrales,2024-Junio,$50K-$100K,6
2024,Junio,74083883,10833,FILPO ADULTO 30KG                  ,BULTO          ,1,107000.0,0,107000,1,74083883,108,108,108,MASCOTAS                                ,Boyaca,Corrales,2024-Junio,$100K-$250K,6
2024,Junio,74084607,10833,FILPO ADULTO 30KG                  ,BULTO          ,3,113666.67,0,341000,2,74084607,108,108,108,MASCOTAS                                ,Boyaca,Sogamoso,2024-Junio,$250K-$500K,6
2024,Junio,74084607,61207,CHUNKY ADULTO CORDERO 8KG          ,BULTO          ,1,148000.0,0,148000,1,74084607,612,612,612,MASCOTAS                                ,Boyaca,Sogamoso,2024-Junio,$100K-$250K,6
2024,Junio,74180038,10101,MAXI POLLITOS H.                   ,BULTO          ,1,103000.0,0,103000,1,74180038,101,101,101,AVICULTURA                              ,Boyaca,Sogamoso,2024-Junio,$100K-$250K,6
2024,Junio,74180038,10518,MAXI SAL 6%  H                     ,BULTO          ,2,66000.0,0,132000,1,74180038,105,105,105,GANADERIA                               ,Boyaca,Sogamoso,2024-Junio,$100K-$250K,6
2024,Junio,74183961,10123,PONEDORA EXTRA I C                 ,BULTO          ,4,85000.0,0,340000,2,74183961,101,101,101,AVICULTURA                              ,Bogota DC,Bogota,2024-Junio,$250K-$500K,6
2024,Junio,74183961,10516,MAXI SAL 11% H                     ,BULTO          ,2,77000.0,0,154000,2,74183961,105,105,105,GANADERIA                               ,Bogota DC,Bogota,2024-Junio,$100K-$250K,6
2024,Junio,74183961,10833,FILPO ADULTO 30KG                  ,BULTO          ,1,110000.0,0,110000,1,74183961,108,108,108,MASCOTAS                                ,Bogota DC,Bogota,2024-Junio,$100K-$250K,6
2024,Junio,74183961,20503,CREMOSA                            ,BULTO          ,2,70000.0,0,140000,1,74183961,205,205,205,GANADERIA                               ,Bogota DC,Bogota,2024-Junio,$100K-$250K,6
2024,Junio,74183961,30203,SMART 8KG                          ,BULTO          ,1,77000.0,0,77000,1,74183961,302,302,108,MASCOTAS                                ,Bogota DC,Bogota,2024-Junio,$50K-$100K,6
2024,Junio,74183961,30610,ORDEÑO P                           ,BULTO          ,20,69000.0,0,1380000,2,74183961,306,306,306,GANADERIA                               ,Bogota DC,Bogota,2024-Junio,>$1M,6
2024,Junio,79448876,10518,MAXI SAL 6%  H                     ,BULTO          ,1,66000.0,0,66000,1,79448876,105,105,105,GANADERIA                               ,Bogota DC,Bogota,2024-Junio,$50K-$100K,6
2024,Junio,79555896,10516,MAXI SAL 11% H                     ,BULTO          ,1,76000.0,0,76000,1,79555896,105,105,105,GANADERIA                               ,Cundinamarca,Zipaquira,2024-Junio,$50K-$100K,6
2024,Junio,79555896,20503,CREMOSA                            ,BULTO          ,15,76000.0,0,1140000,1,79555896,205,205,205,GANADERIA                               ,Cundinamarca,Zipaquira,2024-Junio,>$1M,6
2024,Junio,79555896,20505,ITAL LECHE PELLET                  ,BULTO          ,17,60000.0,0,1020000,1,79555896,205,205,205,GANADERIA                               ,Cundinamarca,Zipaquira,2024-Junio,>$1M,6
2024,Junio,80765857,10123,PONEDORA EXTRA I C                 ,BULTO          ,1,84000.0,0,84000,1,80765857,101,101,101,AVICULTURA                              ,Boyaca,Sogamoso,2024-Junio,$50K-$100K,6
2024,Junio,826002633,10833,FILPO ADULTO 30KG                  ,BULTO          ,2,107000.0,0,214000,2,826002633,108,108,108,MASCOTAS                                ,Boyaca,Sogamoso,2024-Junio,$100K-$250K,6
2024,Junio,826002633,30108,NUTRECAN ADULTOS RM Y RG 2K*8      ,BOLSA          ,1,23000.0,0,23000,1,826002633,301,301,108,MASCOTAS                                ,Boyaca,Sogamoso,2024-Junio,<$50K,6
2024,Junio,826002633,30125,NUTRECAN CROQUETAS ADULTOS 2K*8    ,BOLSA          ,1,23000.0,0,23000,1,826002633,301,301,108,MASCOTAS                                ,Boyaca,Sogamoso,2024-Junio,<$50K,6
2024,Junio,860006745,50201,RAZA PERROS 30KG                   ,BULTO          ,10,110000.0,0,1100000,1,860006745,502,502,502,MASCOTAS                                ,Bogota DC,Bogota,2024-Junio,>$1M,6
2024,Junio,900092905,10100,PREINICIACION POLLITOS             ,BULTO          ,1,120000.0,0,120000,1,900092905,101,101,101,AVICULTURA                              ,Boyaca,Sogamoso,2024-Junio,$100K-$250K,6
2024,Junio,900092905,10107,MAXI BROILER C.                    ,BULTO          ,1,109000.0,0,109000,1,900092905,101,101,101,AVICULTURA                              ,Boyaca,Sogamoso,2024-Junio,$100K-$250K,6
2024,Junio,900092905,10121,MAXI HUEVO C                       ,BULTO          ,1,85000.0,0,85000,1,900092905,101,101,101,AVICULTURA                              ,Boyaca,Sogamoso,2024-Junio,$50K-$100K,6
2024,Junio,900092905,10212,MAXI CERDAS GESTACION              ,BULTO          ,1,78000.0,0,78000,1,900092905,102,102,102,PORCICULTURA                            ,Boyaca,Sogamoso,2024-Junio,$50K-$100K,6
2024,Junio,900092905,10214,MAXI CERDAS LACTANCIA              ,BULTO          ,1,94000.0,0,94000,1,900092905,102,102,102,PORCICULTURA                            ,Boyaca,Sogamoso,2024-Junio,$50K-$100K,6
2024,Junio,900092905,10500,TERNERAS LEVANTE                   ,BULTO          ,1,88000.0,0,88000,1,900092905,105,105,105,GANADERIA                               ,Boyaca,Sogamoso,2024-Junio,$50K-$100K,6
2024,Junio,900092905,10700,CONEJOS 1K*20                      ,BOLSA          ,1,83000.0,0,83000,1,900092905,107,107,107,CONEJOS                                 ,Boyaca,Sogamoso,2024-Junio,$50K-$100K,6
2024,Junio,900092905,10806,NUTRISS ADULTOS CARNE Y VEG 20KG   ,BULTO          ,1,116000.0,0,116000,1,900092905,108,108,108,MASCOTAS                                ,Boyaca,Sogamoso,2024-Junio,$100K-$250K,6
2024,Junio,900092905,10824,RINGO PREMIUM 30KG                 ,BULTO          ,1,152000.0,0,152000,1,900092905,108,108,108,MASCOTAS                                ,Boyaca,Sogamoso,2024-Junio,$100K-$250K,6
2024,Junio,900092905,10833,FILPO ADULTO 30KG                  ,BULTO          ,1,107000.0,0,107000,1,900092905,108,108,108,MASCOTAS                                ,Boyaca,Sogamoso,2024-Junio,$100K-$250K,6
2024,Junio,900092905,10842,MIRRINGO 8KG                       ,BULTO          ,1,67000.0,0,67000,1,900092905,108,108,108,MASCOTAS                                ,Boyaca,Sogamoso,2024-Junio,$50K-$100K,6
2024,Junio,900092905,20202,SUPER HUEVO PREPICO                ,BULTO          ,1,82000.0,0,82000,1,900092905,202,202,101,AVICULTURA                              ,Boyaca,Sogamoso,2024-Junio,$50K-$100K,6
2024,Junio,900092905,20301,CERDITOS INICIACION NARANJA        ,BULTO          ,1,118000.0,0,118000,1,900092905,203,203,203,PORCICULTURA                            ,Boyaca,Sogamoso,2024-Junio,$100K-$250K,6
2024,Junio,900092905,20302,CERDO LEVANTE 1 NARANJA            ,BULTO          ,1,93000.0,0,93000,1,900092905,203,203,203,PORCICULTURA                            ,Boyaca,Sogamoso,2024-Junio,$50K-$100K,6
2024,Junio,900092905,20304,CERDO FINALIZADOR NARANJA          ,BULTO          ,2,92000.0,0,184000,1,900092905,203,203,203,PORCICULTURA                            ,Boyaca,Sogamoso,2024-Junio,$100K-$250K,6
2024,Junio,900092905,20305,CERDA GESTACION NARANJA            ,BULTO          ,1,83000.0,0,83000,1,900092905,203,203,203,PORCICULTURA                            ,Boyaca,Sogamoso,2024-Junio,$50K-$100K,6
2024,Junio,900092905,20503,CREMOSA                            ,BULTO          ,1,66000.0,0,66000,1,900092905,205,205,205,GANADERIA                               ,Boyaca,Sogamoso,2024-Junio,$50K-$100K,6
2024,Junio,900092905,20600,EQUINOS                            ,BULTO          ,4,72000.0,0,288000,2,900092905,206,206,206,EQUINOS                                 ,Boyaca,Sogamoso,2024-Junio,$250K-$500K,6
2024,Junio,900092905,20603,BRIO YEGUAS                        ,BULTO          ,2,83000.0,0,166000,1,900092905,206,206,206,EQUINOS                                 ,Boyaca,Sogamoso,2024-Junio,$100K-$250K,6
2024,Junio,900092905,20606,FURIA TOTAL                        ,BULTO          ,1,65000.0,0,65000,1,900092905,206,206,206,EQUINOS                                 ,Boyaca,Sogamoso,2024-Junio,$50K-$100K,6
2024,Junio,900092905,20607,MULTIFORRAJE EQUINO                ,BULTO          ,9,65555.56,0,590000,3,900092905,206,206,206,EQUINOS                                 ,Boyaca,Sogamoso,2024-Junio,$500K-$1M,6
2024,Junio,900092905,20608,PODIUM                             ,BULTO          ,5,80000.0,0,400000,2,900092905,206,206,206,EQUINOS                                 ,Boyaca,Sogamoso,2024-Junio,$250K-$500K,6
2024,Junio,900092905,20706,TRUCHA LEVANTE 40                  ,BULTO          ,5,191800.0,0,959000,2,900092905,207,207,207,ACUACULTURA                             ,Boyaca,Sogamoso,2024-Junio,$500K-$1M,6
2024,Junio,900092905,20707,TRUCHA FINALIZACION 40             ,BULTO          ,11,207090.91,0,2278000,2,900092905,207,207,207,ACUACULTURA                             ,Boyaca,Sogamoso,2024-Junio,>$1M,6
2024,Junio,900092905,30207,NUTRECAT HOME 1.5K*10              ,BOLSA          ,1,25000.0,0,25000,1,900092905,302,302,108,MASCOTAS                                ,Boyaca,Sogamoso,2024-Junio,<$50K,6
2024,Junio,900092905,50201,RAZA PERROS 30KG                   ,BULTO          ,2,105000.0,0,210000,1,900092905,502,502,502,MASCOTAS                                ,Boyaca,Sogamoso,2024-Junio,$100K-$250K,6
2024,Junio,900092905,60819,MAXI CAT ARENA SANITARIA PARA GATOS,BOLSA          ,1,19000.0,0,19000,1,900092905,608,608,608,MASCOTAS                                ,Boyaca,Sogamoso,2024-Junio,<$50K,6
2024,Junio,900092905,61200,CHUNKY ADULTOS 25KG                ,BULTO          ,1,163000.0,0,163000,1,900092905,612,612,612,MASCOTAS                                ,Boyaca,Sogamoso,2024-Junio,$100K-$250K,6
2024,Junio,901040704,10211,MAXI CERDAS GESTACION   R          ,BULTO          ,1,84000.0,0,84000,1,901040704,102,102,102,PORCICULTURA                            ,Boyaca,Sogamoso,2024-Junio,$50K-$100K,6
2024,Junio,901040704,10819,RINGO CACHORROS 30KG               ,BULTO          ,2,148000.0,0,296000,2,901040704,108,108,108,MASCOTAS                                ,Boyaca,Sogamoso,2024-Junio,$250K-$500K,6
2024,Junio,901206877,10401,YEGUAS                             ,BULTO          ,1,84000.0,0,84000,1,901206877,104,104,104,EQUINOS                                 ,Boyaca,Sogamoso,2024-Junio,$50K-$100K,6
2024,Junio,901206877,10829,RINGO CROQUETAS 30KG               ,BULTO          ,1,127000.0,0,127000,1,901206877,108,108,108,MASCOTAS                                ,Boyaca,Sogamoso,2024-Junio,$100K-$250K,6
2024,Junio,901206877,30108,NUTRECAN ADULTOS RM Y RG 2K*8      ,BOLSA          ,1,24000.0,0,24000,1,901206877,301,301,108,MASCOTAS                                ,Boyaca,Sogamoso,2024-Junio,<$50K,6
2024,Junio,901206877,61069,ALBENDAZOL X 200ML                 ,FRASCO         ,2,24000.0,0,48000,1,901206877,610,610,610,DROGA VETERINARIA                       ,Boyaca,Sogamoso,2024-Junio,<$50K,6
2024,Junio,901206877,61210,CHUNKY ADULTO X2KG                 ,BOLSA          ,1,26000.0,0,26000,1,901206877,612,612,612,MASCOTAS                                ,Boyaca,Sogamoso,2024-Junio,<$50K,6
2024,Junio,901232690,10403,CORCEL                             ,BULTO          ,1,73000.0,0,73000,1,901232690,104,104,104,EQUINOS                                 ,Boyaca,Sogamoso,2024-Junio,$50K-$100K,6
2024,Junio,901232690,10405,RODEO FIBRA                        ,BULTO          ,1,63000.0,0,63000,1,901232690,104,104,104,EQUINOS                                 ,Boyaca,Sogamoso,2024-Junio,$50K-$100K,6
2024,Junio,901624523,10112,BROILER P                          ,BULTO          ,1,100000.0,0,100000,1,901624523,101,101,101,AVICULTURA                              ,Boyaca,Tunja,2024-Junio,$50K-$100K,6
2024,Junio,901624523,20202,SUPER HUEVO PREPICO                ,BULTO          ,1,80000.0,0,80000,1,901624523,202,202,101,AVICULTURA                              ,Boyaca,Tunja,2024-Junio,$50K-$100K,6
2024,Junio,901624523,20302,CERDO LEVANTE 1 NARANJA            ,BULTO          ,11,94000.0,0,1034000,2,901624523,203,203,203,PORCICULTURA                            ,Boyaca,Tunja,2024-Junio,>$1M,6
2024,Junio,901624523,20304,CERDO FINALIZADOR NARANJA          ,BULTO          ,4,92000.0,0,368000,2,901624523,203,203,203,PORCICULTURA                            ,Boyaca,Tunja,2024-Junio,$250K-$500K,6
2024,Junio,901624523,20305,CERDA GESTACION NARANJA            ,BULTO          ,10,83000.0,0,830000,2,901624523,203,203,203,PORCICULTURA                            ,Boyaca,Tunja,2024-Junio,$500K-$1M,6
2024,Junio,901624523,60703,MAIZ PARTIDO NACIONAL X 40KG       ,BULTO          ,1,68000.0,0,68000,1,901624523,607,607,607,MAIZ                                    ,Boyaca,Tunja,2024-Junio,$50K-$100K,6
2024,Junio,901807634,10831,FILPO ADULTO 10KG                  ,BULTO          ,1,40000.0,0,40000,1,901807634,108,108,108,MASCOTAS                                ,Boyaca,Sogamoso,2024-Junio,<$50K,6
2024,Junio,901807634,20503,CREMOSA                            ,BULTO          ,1,65000.0,0,65000,1,901807634,205,205,205,GANADERIA                               ,Boyaca,Sogamoso,2024-Junio,$50K-$100K,6
2024,Junio,1014209643,20203,SUPER HUEVO PREPICO 100            ,BULTO          ,94,85000.0,0,7990000,1,1014209643,202,202,101,AVICULTURA                              ,Bogota DC,Bogota,2024-Junio,>$1M,6
2024,Junio,1049629064,10400,POTROS  CINTA AZUL                 ,BULTO          ,1,88000.0,0,88000,1,1049629064,104,104,104,EQUINOS                                 ,Boyaca,Sogamoso,2024-Junio,$50K-$100K,6
2024,Junio,1049629064,20600,EQUINOS                            ,BULTO          ,4,71500.0,0,286000,3,1049629064,206,206,206,EQUINOS                                 ,Boyaca,Sogamoso,2024-Junio,$250K-$500K,6
2024,Junio,1049629064,20606,FURIA TOTAL                        ,BULTO          ,3,64666.67,0,194000,3,1049629064,206,206,206,EQUINOS                                 ,Boyaca,Sogamoso,2024-Junio,$100K-$250K,6
2024,Junio,1051474093,61301,NEXGARD                            ,PASTA          ,1,58000.0,0,58000,1,1051474093,613,613,613,MASCOTAS                                ,Boyaca,Sogamoso,2024-Junio,$50K-$100K,6
2024,Junio,1051588968,10829,RINGO CROQUETAS 30KG               ,BULTO          ,1,123000.0,0,123000,1,1051588968,108,108,108,MASCOTAS                                ,Boyaca,Firavitoba,2024-Junio,$100K-$250K,6
2024,Junio,1051588968,10831,FILPO ADULTO 10KG                  ,BULTO          ,3,40000.0,0,120000,1,1051588968,108,108,108,MASCOTAS                                ,Boyaca,Firavitoba,2024-Junio,$100K-$250K,6
2024,Junio,1053585126,10121,MAXI HUEVO C                       ,BULTO          ,1,85000.0,0,85000,1,1053585126,101,101,101,AVICULTURA                              ,Boyaca,Sogamoso,2024-Junio,$50K-$100K,6
2024,Junio,1057579440,10205,CERDOS LEVANTE                     ,BULTO          ,3,85000.0,0,255000,1,1057579440,102,102,102,PORCICULTURA                            ,Boyaca,Sogamoso,2024-Junio,$250K-$500K,6
2024,Junio,1057579440,10207,MAXI CERDOS FINALIZADOR            ,BULTO          ,1,94000.0,0,94000,1,1057579440,102,102,102,PORCICULTURA                            ,Boyaca,Sogamoso,2024-Junio,$50K-$100K,6
2024,Junio,1057579440,10209,CERDOS ENGORDE                     ,BULTO          ,1,75000.0,0,75000,1,1057579440,102,102,102,PORCICULTURA                            ,Boyaca,Sogamoso,2024-Junio,$50K-$100K,6
2024,Junio,1057579440,10214,MAXI CERDAS LACTANCIA              ,BULTO          ,1,84000.0,0,84000,1,1057579440,102,102,102,PORCICULTURA                            ,Boyaca,Sogamoso,2024-Junio,$50K-$100K,6
2024,Junio,1057579440,10700,CONEJOS 1K*20                      ,BOLSA          ,2,2500.0,0,5000,1,1057579440,107,107,107,CONEJOS                                 ,Boyaca,Sogamoso,2024-Junio,<$50K,6
2024,Junio,1057579440,20203,SUPER HUEVO PREPICO 100            ,BULTO          ,2,85000.0,0,170000,2,1057579440,202,202,101,AVICULTURA                              ,Boyaca,Sogamoso,2024-Junio,$100K-$250K,6
2024,Junio,1057579440,20303,CERDO ENGORDE NARANJA              ,BULTO          ,2,90000.0,0,180000,1,1057579440,203,203,203,PORCICULTURA                            ,Boyaca,Sogamoso,2024-Junio,$100K-$250K,6
2024,Junio,1057579440,20505,ITAL LECHE PELLET                  ,BULTO          ,8,58000.0,0,464000,3,1057579440,205,205,205,GANADERIA                               ,Boyaca,Sogamoso,2024-Junio,$250K-$500K,6
2024,Junio,1057579440,30612,CREMALECHE                         ,BULTO          ,4,70000.0,0,280000,2,1057579440,306,306,306,GANADERIA                               ,Boyaca,Sogamoso,2024-Junio,$250K-$500K,6
2024,Junio,1057579440,60209,MATARRAZ X 30ML                    ,FRASCO         ,1,12000.0,0,12000,1,1057579440,602,602,610,DROGA VETERINARIA                       ,Boyaca,Sogamoso,2024-Junio,<$50K,6
2024,Junio,1057579440,60703,MAIZ PARTIDO NACIONAL X 40KG       ,BULTO          ,1,70000.0,0,70000,1,1057579440,607,607,607,MAIZ                                    ,Boyaca,Sogamoso,2024-Junio,$50K-$100K,6
2024,Junio,1057579440,60881,CHUNKY ADULTO X 9KG                ,BULTO          ,1,68000.0,0,68000,1,1057579440,608,608,608,MASCOTAS                                ,Boyaca,Sogamoso,2024-Junio,$50K-$100K,6
2024,Junio,1057579440,61084,MELAZA GARRAFA X 6KG               ,GARRAFA        ,1,15000.0,0,15000,1,1057579440,610,610,610,DROGA VETERINARIA                       ,Boyaca,Sogamoso,2024-Junio,<$50K,6
2024,Junio,1057581927,61200,CHUNKY ADULTOS 25KG                ,BULTO          ,1,163000.0,0,163000,1,1057581927,612,612,612,MASCOTAS                                ,Boyaca,Sogamoso,2024-Junio,$100K-$250K,6
2024,Junio,1057584144,10701,CONEJOS                            ,BULTO          ,1,89000.0,0,89000,1,1057584144,107,107,107,CONEJOS                                 ,Boyaca,Sogamoso,2024-Junio,$50K-$100K,6
2024,Junio,1057584144,10819,RINGO CACHORROS 30KG               ,BULTO          ,1,149000.0,0,149000,1,1057584144,108,108,108,MASCOTAS                                ,Boyaca,Sogamoso,2024-Junio,$100K-$250K,6
2024,Junio,1057584144,10842,MIRRINGO 8KG                       ,BULTO          ,1,67000.0,0,67000,1,1057584144,108,108,108,MASCOTAS                                ,Boyaca,Sogamoso,2024-Junio,$50K-$100K,6
2024,Junio,1057602170,50201,RAZA PERROS 30KG                   ,BULTO          ,3,105000.0,0,315000,1,1057602170,502,502,502,MASCOTAS                                ,Boyaca,Sogamoso,2024-Junio,$250K-$500K,6
2024,Junio,1057603666,10701,CONEJOS                            ,BULTO          ,2,84500.0,0,169000,2,1057603666,107,107,107,CONEJOS                                 ,Boyaca,Iza,2024-Junio,$100K-$250K,6
2024,Junio,1057603666,20503,CREMOSA                            ,BULTO          ,2,66500.0,0,133000,2,1057603666,205,205,205,GANADERIA                               ,Boyaca,Iza,2024-Junio,$100K-$250K,6
2024,Junio,1057603666,20606,FURIA TOTAL                        ,BULTO          ,2,65000.0,0,130000,2,1057603666,206,206,206,EQUINOS                                 ,Boyaca,Iza,2024-Junio,$100K-$250K,6
2024,Junio,1057603666,50200,RAZA PERROS 10KG                   ,BULTO          ,1,51000.0,0,51000,1,1057603666,502,502,502,MASCOTAS                                ,Boyaca,Iza,2024-Junio,$50K-$100K,6
2024,Junio,1057603666,60700,MAIZ NACIONAL X50KG                ,BULTO          ,1,80000.0,0,80000,1,1057603666,607,607,607,MAIZ                                    ,Boyaca,Iza,2024-Junio,$50K-$100K,6
2024,Junio,1057603666,61281,CHUNKY CORDERO 4 KG                ,UNIDAD         ,1,32500.0,0,32500,1,1057603666,612,612,612,MASCOTAS                                ,Boyaca,Iza,2024-Junio,<$50K,6
2024,Junio,8260002612,10209,CERDOS ENGORDE                     ,BULTO          ,2,75000.0,0,150000,1,8260002612,102,102,102,PORCICULTURA                            ,Boyaca,Sogamoso,2024-Junio,$100K-$250K,6
2024,Junio,9007889571,10116,POLLO CAMPESINO P                  ,BULTO          ,1,88000.0,0,88000,1,9007889571,101,101,101,AVICULTURA                              ,Boyaca,Sogamoso,2024-Junio,$50K-$100K,6
2024,Junio,9007889571,10121,MAXI HUEVO C                       ,BULTO          ,1,85000.0,0,85000,1,9007889571,101,101,101,AVICULTURA                              ,Boyaca,Sogamoso,2024-Junio,$50K-$100K,6
2024,Junio,9007889571,10133,CODORNICES CONTEGRAL               ,BULTO          ,1,95000.0,0,95000,1,9007889571,101,101,101,AVICULTURA                              ,Boyaca,Sogamoso,2024-Junio,$50K-$100K,6
2024,Junio,9007889571,10401,YEGUAS                             ,BULTO          ,1,84000.0,0,84000,1,9007889571,104,104,104,EQUINOS                                 ,Boyaca,Sogamoso,2024-Junio,$50K-$100K,6
2024,Junio,9007889571,10402,CINTA AZUL  ADULTOS                ,BULTO          ,1,80000.0,0,80000,1,9007889571,104,104,104,EQUINOS                                 ,Boyaca,Sogamoso,2024-Junio,$50K-$100K,6
2024,Junio,9007889571,10701,CONEJOS                            ,BULTO          ,1,88000.0,0,88000,1,9007889571,107,107,107,CONEJOS                                 ,Boyaca,Sogamoso,2024-Junio,$50K-$100K,6
2024,Junio,9007889571,10816,RINGO CACHORROS 15KG               ,BULTO          ,1,80000.0,0,80000,1,9007889571,108,108,108,MASCOTAS                                ,Boyaca,Sogamoso,2024-Junio,$50K-$100K,6
2024,Junio,9007889571,10833,FILPO ADULTO 30KG                  ,BULTO          ,1,108000.0,0,108000,1,9007889571,108,108,108,MASCOTAS                                ,Boyaca,Sogamoso,2024-Junio,$100K-$250K,6
2024,Junio,9010014511,10400,POTROS  CINTA AZUL                 ,BULTO          ,1,88000.0,0,88000,1,9010014511,104,104,104,EQUINOS                                 ,Boyaca,Sogamoso,2024-Junio,$50K-$100K,6
2024,Junio,9010014511,10401,YEGUAS                             ,BULTO          ,1,84000.0,0,84000,1,9010014511,104,104,104,EQUINOS                                 ,Boyaca,Sogamoso,2024-Junio,$50K-$100K,6
2024,Junio,9010014511,10828,RINGO CROQUETAS 2K*5               ,BOLSA          ,2,10500.0,0,21000,1,9010014511,108,108,108,MASCOTAS                                ,Boyaca,Sogamoso,2024-Junio,<$50K,6
2024,Junio,9010014511,10829,RINGO CROQUETAS 30KG               ,BULTO          ,1,126000.0,0,126000,1,9010014511,108,108,108,MASCOTAS                                ,Boyaca,Sogamoso,2024-Junio,$100K-$250K,6
2024,Junio,9010014511,60147,EQUIBEST JERINGA                   ,JERINGA        ,1,24000.0,0,24000,1,9010014511,601,601,610,DROGA VETERINARIA                       ,Boyaca,Sogamoso,2024-Junio,<$50K,6
2024,Junio,9010014511,61200,CHUNKY ADULTOS 25KG                ,BULTO          ,1,164000.0,0,164000,1,9010014511,612,612,612,MASCOTAS                                ,Boyaca,Sogamoso,2024-Junio,$100K-$250K,6
2024,Mayo,1100468,10100,PREINICIACION POLLITOS             ,BULTO          ,1,2000.0,0,2000,1,1100468,101,101,101,AVICULTURA                              ,Boyaca,Duitama,2024-Mayo,<$50K,5
2024,Mayo,1100468,10833,FILPO ADULTO 30KG                  ,BULTO          ,2,107000.0,0,214000,1,1100468,108,108,108,MASCOTAS                                ,Boyaca,Duitama,2024-Mayo,$100K-$250K,5
2024,Mayo,1100468,20108,POLLO CRIOLLO P                    ,BULTO          ,1,75000.0,0,75000,1,1100468,201,201,101,AVICULTURA                              ,Boyaca,Duitama,2024-Mayo,$50K-$100K,5
2024,Mayo,1100468,20301,CERDITOS INICIACION NARANJA        ,BULTO          ,1,118000.0,0,118000,1,1100468,203,203,203,PORCICULTURA                            ,Boyaca,Duitama,2024-Mayo,$100K-$250K,5
2024,Mayo,1100468,20704,MOJARRA 20 EXTR                    ,BULTO          ,2,118000.0,0,236000,1,1100468,207,207,207,ACUACULTURA                             ,Boyaca,Duitama,2024-Mayo,$100K-$250K,5
2024,Mayo,1100468,61001,CREOLINA GOLD COOPERS X 235ML      ,FRASCO         ,0,0.0,0,0,1,1100468,610,610,610,DROGA VETERINARIA                       ,Boyaca,Duitama,2024-Mayo,,5
2024,Mayo,4117002,10202,INICIACION CERDOS                  ,BULTO          ,3,119000.0,0,357000,1,4117002,102,102,102,PORCICULTURA                            ,Boyaca,Firavitoba,2024-Mayo,$250K-$500K,5
2024,Mayo,4117002,10204,MAXI LECHONES                      ,BULTO          ,10,98000.0,0,980000,1,4117002,102,102,102,PORCICULTURA                            ,Boyaca,Firavitoba,2024-Mayo,$500K-$1M,5
2024,Mayo,4117002,10207,MAXI CERDOS FINALIZADOR            ,BULTO          ,5,95000.0,0,475000,1,4117002,102,102,102,PORCICULTURA                            ,Boyaca,Firavitoba,2024-Mayo,$250K-$500K,5
2024,Mayo,4117002,10211,MAXI CERDAS GESTACION   R          ,BULTO          ,3,86500.0,0,259500,1,4117002,102,102,102,PORCICULTURA                            ,Boyaca,Firavitoba,2024-Mayo,$250K-$500K,5
2024,Mayo,4117002,10213,CERDAS LACTANCIA PRIMERIZAS        ,BULTO          ,3,100000.0,0,300000,1,4117002,102,102,102,PORCICULTURA                            ,Boyaca,Firavitoba,2024-Mayo,$250K-$500K,5
2024,Mayo,4144476,10829,RINGO CROQUETAS 30KG               ,BULTO          ,1,126000.0,0,126000,1,4144476,108,108,108,MASCOTAS                                ,Boyaca,Labranzagrande,2024-Mayo,$100K-$250K,5
2024,Mayo,4272458,50117,FIBRAMIX PELETIZADO                ,BULTO          ,1,60000.0,0,60000,1,4272458,501,501,105,GANADERIA                               ,Boyaca,Sogamoso,2024-Mayo,$50K-$100K,5
2024,Mayo,7125529,10833,FILPO ADULTO 30KG                  ,BULTO          ,1,107000.0,0,107000,1,7125529,108,108,108,MASCOTAS                                ,Boyaca,Sogamoso,2024-Mayo,$100K-$250K,5
2024,Mayo,7125529,60215,SINPULGAR X 205.9MG - 6 TABLETAS   ,TABLETA        ,1,36000.0,0,36000,1,7125529,602,602,610,DROGA VETERINARIA                       ,Boyaca,Sogamoso,2024-Mayo,<$50K,5
2024,Mayo,7125529,61301,NEXGARD                            ,PASTA          ,1,48000.0,0,48000,1,7125529,613,613,613,MASCOTAS                                ,Boyaca,Sogamoso,2024-Mayo,<$50K,5
2024,Mayo,7126611,20600,EQUINOS                            ,BULTO          ,1,72000.0,0,72000,1,7126611,206,206,206,EQUINOS                                 ,Boyaca,Sogamoso,2024-Mayo,$50K-$100K,5
2024,Mayo,9395832,10306,TRUCHAS 40 CP E                    ,BULTO          ,3,200000.0,0,600000,1,9395832,103,103,103,ACUACULTURA                             ,Boyaca,Sogamoso,2024-Mayo,$500K-$1M,5
2024,Mayo,9395832,10831,FILPO ADULTO 10KG                  ,BULTO          ,1,40000.0,0,40000,1,9395832,108,108,108,MASCOTAS                                ,Boyaca,Sogamoso,2024-Mayo,<$50K,5
2024,Mayo,9395832,20707,TRUCHA FINALIZACION 40             ,BULTO          ,4,200000.0,0,800000,1,9395832,207,207,207,ACUACULTURA                             ,Boyaca,Sogamoso,2024-Mayo,$500K-$1M,5
2024,Mayo,9525427,10500,TERNERAS LEVANTE                   ,BULTO          ,10,90000.0,0,900000,2,9525427,105,105,105,GANADERIA                               ,Boyaca,Sogamoso,2024-Mayo,$500K-$1M,5
2024,Mayo,9525427,10501,NOVILLONAS                         ,BULTO          ,16,77000.0,0,1232000,2,9525427,105,105,105,GANADERIA                               ,Boyaca,Sogamoso,2024-Mayo,>$1M,5
2024,Mayo,9525427,10504,CONTELAC 14%                       ,BULTO          ,30,69000.0,0,2070000,1,9525427,105,105,105,GANADERIA                               ,Boyaca,Sogamoso,2024-Mayo,>$1M,5
2024,Mayo,9525427,20503,CREMOSA                            ,BULTO          ,45,67000.0,0,3015000,2,9525427,205,205,205,GANADERIA                               ,Boyaca,Sogamoso,2024-Mayo,>$1M,5
2024,Mayo,9525427,20505,ITAL LECHE PELLET                  ,BULTO          ,40,60000.0,0,2400000,1,9525427,205,205,205,GANADERIA                               ,Boyaca,Sogamoso,2024-Mayo,>$1M,5
2024,Mayo,9525427,30600,MANNA EXT                          ,BULTO          ,5,106000.0,0,530000,1,9525427,306,306,306,GANADERIA                               ,Boyaca,Sogamoso,2024-Mayo,$500K-$1M,5
2024,Mayo,9527933,10603,FORRAJE GANADERIA P TULIPAN        ,BULTO          ,1,60000.0,0,60000,1,9527933,106,106,105,GANADERIA                               ,Boyaca,Sogamoso,2024-Mayo,$50K-$100K,5
2024,Mayo,9527933,10831,FILPO ADULTO 10KG                  ,BULTO          ,1,40000.0,0,40000,1,9527933,108,108,108,MASCOTAS                                ,Boyaca,Sogamoso,2024-Mayo,<$50K,5
2024,Mayo,9527933,50201,RAZA PERROS 30KG                   ,BULTO          ,3,109000.0,0,327000,2,9527933,502,502,502,MASCOTAS                                ,Boyaca,Sogamoso,2024-Mayo,$250K-$500K,5
2024,Mayo,9529885,61205,AGILITY GOLD GRAN CACHORROS 15KG   ,BULTO          ,1,250000.0,0,250000,1,9529885,612,612,612,MASCOTAS                                ,Boyaca,Sogamoso,2024-Mayo,$100K-$250K,5
2024,Mayo,17037305,10500,TERNERAS LEVANTE                   ,BULTO          ,1,89000.0,0,89000,1,17037305,105,105,105,GANADERIA                               ,Boyaca,Sogamoso,2024-Mayo,$50K-$100K,5
2024,Mayo,17037305,10518,MAXI SAL 6%  H                     ,BULTO          ,2,70000.0,0,140000,1,17037305,105,105,105,GANADERIA                               ,Boyaca,Sogamoso,2024-Mayo,$100K-$250K,5
2024,Mayo,17037305,10833,FILPO ADULTO 30KG                  ,BULTO          ,2,112000.0,0,224000,1,17037305,108,108,108,MASCOTAS                                ,Boyaca,Sogamoso,2024-Mayo,$100K-$250K,5
2024,Mayo,17037305,20503,CREMOSA                            ,BULTO          ,12,69000.0,0,828000,1,17037305,205,205,205,GANADERIA                               ,Boyaca,Sogamoso,2024-Mayo,$500K-$1M,5
2024,Mayo,19183672,20202,SUPER HUEVO PREPICO                ,BULTO          ,1,80000.0,0,80000,1,19183672,202,202,101,AVICULTURA                              ,Boyaca,Sogamoso,2024-Mayo,$50K-$100K,5
2024,Mayo,22222222,10102,MAXI POLLITOS 1K*20                ,BOLSA          ,1,2200.0,0,2200,1,22222222,101,101,101,AVICULTURA                              ,Boyaca,Sogamoso,2024-Mayo,<$50K,5
2024,Mayo,22222222,10103,MAXI POLLITOS C.                   ,BULTO          ,5,104600.0,0,523000,4,22222222,101,101,101,AVICULTURA                              ,Boyaca,Sogamoso,2024-Mayo,$500K-$1M,5
2024,Mayo,22222222,10107,MAXI BROILER C.                    ,BULTO          ,4,111000.0,0,444000,5,22222222,101,101,101,AVICULTURA                              ,Boyaca,Sogamoso,2024-Mayo,$250K-$500K,5
2024,Mayo,22222222,10108,MAXI BROILER P                     ,BULTO          ,12,109166.67,0,1310000,9,22222222,101,101,101,AVICULTURA                              ,Boyaca,Sogamoso,2024-Mayo,>$1M,5
2024,Mayo,22222222,10109,MAXI BROILER PIGMENTO C            ,BULTO          ,6,112500.0,0,675000,6,22222222,101,101,101,AVICULTURA                              ,Boyaca,Sogamoso,2024-Mayo,$500K-$1M,5
2024,Mayo,22222222,10112,BROILER P                          ,BULTO          ,6,102000.0,0,612000,5,22222222,101,101,101,AVICULTURA                              ,Boyaca,Sogamoso,2024-Mayo,$500K-$1M,5
2024,Mayo,22222222,10114,POLLO CAMPESINO C                  ,BULTO          ,1,78000.0,0,78000,1,22222222,101,101,101,AVICULTURA                              ,Boyaca,Sogamoso,2024-Mayo,$50K-$100K,5
2024,Mayo,22222222,10118,POLLAS                             ,BULTO          ,2,87000.0,0,174000,2,22222222,101,101,101,AVICULTURA                              ,Boyaca,Sogamoso,2024-Mayo,$100K-$250K,5
2024,Mayo,22222222,10120,MAXI HUEVO H                       ,BULTO          ,6,85666.67,0,514000,6,22222222,101,101,101,AVICULTURA                              ,Boyaca,Sogamoso,2024-Mayo,$500K-$1M,5
2024,Mayo,22222222,10121,MAXI HUEVO C                       ,BULTO          ,96,85281.25,0,8187000,39,22222222,101,101,101,AVICULTURA                              ,Boyaca,Sogamoso,2024-Mayo,>$1M,5
2024,Mayo,22222222,10123,PONEDORA EXTRA I C                 ,BULTO          ,26,84961.54,0,2209000,7,22222222,101,101,101,AVICULTURA                              ,Boyaca,Sogamoso,2024-Mayo,>$1M,5
2024,Mayo,22222222,10125,PONEDORA EXTRA I P                 ,BULTO          ,1,85000.0,0,85000,1,22222222,101,101,101,AVICULTURA                              ,Boyaca,Sogamoso,2024-Mayo,$50K-$100K,5
2024,Mayo,22222222,10133,CODORNICES CONTEGRAL               ,BULTO          ,3,99000.0,0,297000,3,22222222,101,101,101,AVICULTURA                              ,Boyaca,Sogamoso,2024-Mayo,$250K-$500K,5
2024,Mayo,22222222,10202,INICIACION CERDOS                  ,BULTO          ,4,119250.0,0,477000,4,22222222,102,102,102,PORCICULTURA                            ,Boyaca,Sogamoso,2024-Mayo,$250K-$500K,5
2024,Mayo,22222222,10204,MAXI LECHONES                      ,BULTO          ,5,96400.0,0,482000,5,22222222,102,102,102,PORCICULTURA                            ,Boyaca,Sogamoso,2024-Mayo,$250K-$500K,5
2024,Mayo,22222222,10205,CERDOS LEVANTE                     ,BULTO          ,4,85750.0,0,343000,4,22222222,102,102,102,PORCICULTURA                            ,Boyaca,Sogamoso,2024-Mayo,$250K-$500K,5
2024,Mayo,22222222,10206,MAXI CERDOS P                      ,BULTO          ,1,75000.0,0,75000,1,22222222,102,102,102,PORCICULTURA                            ,Boyaca,Sogamoso,2024-Mayo,$50K-$100K,5
2024,Mayo,22222222,10207,MAXI CERDOS FINALIZADOR            ,BULTO          ,3,93000.0,0,279000,1,22222222,102,102,102,PORCICULTURA                            ,Boyaca,Sogamoso,2024-Mayo,$250K-$500K,5
2024,Mayo,22222222,10209,CERDOS ENGORDE                     ,BULTO          ,3,74333.33,0,223000,2,22222222,102,102,102,PORCICULTURA                            ,Boyaca,Sogamoso,2024-Mayo,$100K-$250K,5
2024,Mayo,22222222,10212,MAXI CERDAS GESTACION              ,BULTO          ,23,78521.74,0,1806000,9,22222222,102,102,102,PORCICULTURA                            ,Boyaca,Sogamoso,2024-Mayo,>$1M,5
2024,Mayo,22222222,10213,CERDAS LACTANCIA PRIMERIZAS        ,BULTO          ,2,84000.0,0,168000,2,22222222,102,102,102,PORCICULTURA                            ,Boyaca,Sogamoso,2024-Mayo,$100K-$250K,5
2024,Mayo,22222222,10214,MAXI CERDAS LACTANCIA              ,BULTO          ,3,88000.0,0,264000,3,22222222,102,102,102,PORCICULTURA                            ,Boyaca,Sogamoso,2024-Mayo,$250K-$500K,5
2024,Mayo,22222222,10300,"MAXI PECES 38 1,8 E                ",BULTO          ,1,160000.0,0,160000,1,22222222,103,103,103,ACUACULTURA                             ,Boyaca,Sogamoso,2024-Mayo,$100K-$250K,5
2024,Mayo,22222222,10304,"MAXI TRUCHAS 45 SP 1,8 E           ",BULTO          ,5,210000.0,0,1050000,3,22222222,103,103,103,ACUACULTURA                             ,Boyaca,Sogamoso,2024-Mayo,>$1M,5
2024,Mayo,22222222,10305,"MAXI TRUCHAS 45 SP 3,5 E           ",BULTO          ,13,201076.92,0,2614000,5,22222222,103,103,103,ACUACULTURA                             ,Boyaca,Sogamoso,2024-Mayo,>$1M,5
2024,Mayo,22222222,10306,TRUCHAS 40 CP E                    ,BULTO          ,5,199600.0,0,998000,4,22222222,103,103,103,ACUACULTURA                             ,Boyaca,Sogamoso,2024-Mayo,$500K-$1M,5
2024,Mayo,22222222,10400,POTROS  CINTA AZUL                 ,BULTO          ,1,88000.0,0,88000,1,22222222,104,104,104,EQUINOS                                 ,Boyaca,Sogamoso,2024-Mayo,$50K-$100K,5
2024,Mayo,22222222,10401,YEGUAS                             ,BULTO          ,3,84333.33,0,253000,3,22222222,104,104,104,EQUINOS                                 ,Boyaca,Sogamoso,2024-Mayo,$250K-$500K,5
2024,Mayo,22222222,10403,CORCEL                             ,BULTO          ,3,76666.67,0,230000,3,22222222,104,104,104,EQUINOS                                 ,Boyaca,Sogamoso,2024-Mayo,$100K-$250K,5
2024,Mayo,22222222,10405,RODEO FIBRA                        ,BULTO          ,2,63000.0,0,126000,2,22222222,104,104,104,EQUINOS                                 ,Boyaca,Sogamoso,2024-Mayo,$100K-$250K,5
2024,Mayo,22222222,10500,TERNERAS LEVANTE                   ,BULTO          ,8,89500.0,0,716000,6,22222222,105,105,105,GANADERIA                               ,Boyaca,Sogamoso,2024-Mayo,$500K-$1M,5
2024,Mayo,22222222,10501,NOVILLONAS                         ,BULTO          ,10,76200.0,0,762000,10,22222222,105,105,105,GANADERIA                               ,Boyaca,Sogamoso,2024-Mayo,$500K-$1M,5
2024,Mayo,22222222,10504,CONTELAC 14%                       ,BULTO          ,32,69875.0,0,2236000,7,22222222,105,105,105,GANADERIA                               ,Boyaca,Sogamoso,2024-Mayo,>$1M,5
2024,Mayo,22222222,10506,CONTELAC 18%                       ,BULTO          ,21,75619.05,0,1588000,16,22222222,105,105,105,GANADERIA                               ,Boyaca,Sogamoso,2024-Mayo,>$1M,5
2024,Mayo,22222222,10507,PRELACTANCIA                       ,BULTO          ,8,77125.0,0,617000,5,22222222,105,105,105,GANADERIA                               ,Boyaca,Sogamoso,2024-Mayo,$500K-$1M,5
2024,Mayo,22222222,10515,NOVILLOS CEBA P                    ,BULTO          ,23,79739.13,0,1834000,18,22222222,105,105,105,GANADERIA                               ,Boyaca,Sogamoso,2024-Mayo,>$1M,5
2024,Mayo,22222222,10516,MAXI SAL 11% H                     ,BULTO          ,2,68500.0,0,137000,2,22222222,105,105,105,GANADERIA                               ,Boyaca,Sogamoso,2024-Mayo,$100K-$250K,5
2024,Mayo,22222222,10518,MAXI SAL 6%  H                     ,BULTO          ,4,31750.0,0,127000,4,22222222,105,105,105,GANADERIA                               ,Boyaca,Sogamoso,2024-Mayo,$100K-$250K,5
2024,Mayo,22222222,10600,CERDOS LEVANTE P TULIPAN           ,BULTO          ,1,60000.0,0,60000,1,22222222,106,106,102,PORCICULTURA                            ,Boyaca,Sogamoso,2024-Mayo,$50K-$100K,5
2024,Mayo,22222222,10602,FORRAJE GANADERIA H TULIPAN        ,BULTO          ,1,60000.0,0,60000,1,22222222,106,106,105,GANADERIA                               ,Boyaca,Sogamoso,2024-Mayo,$50K-$100K,5
2024,Mayo,22222222,10603,FORRAJE GANADERIA P TULIPAN        ,BULTO          ,32,59968.75,0,1919000,19,22222222,106,106,105,GANADERIA                               ,Boyaca,Sogamoso,2024-Mayo,>$1M,5
2024,Mayo,22222222,10700,CONEJOS 1K*20                      ,BOLSA          ,1,83000.0,0,83000,1,22222222,107,107,107,CONEJOS                                 ,Boyaca,Sogamoso,2024-Mayo,$50K-$100K,5
2024,Mayo,22222222,10701,CONEJOS                            ,BULTO          ,28,85642.86,0,2398000,16,22222222,107,107,107,CONEJOS                                 ,Boyaca,Sogamoso,2024-Mayo,>$1M,5
2024,Mayo,22222222,10809,NUTRISS ADULTOS CARNE Y VEG  30KG  ,BULTO          ,10,160000.0,0,1600000,9,22222222,108,108,108,MASCOTAS                                ,Boyaca,Sogamoso,2024-Mayo,>$1M,5
2024,Mayo,22222222,10814,NUTRISS ADULTOS POLLO Y VEG 30KG   ,BULTO          ,2,160000.0,0,320000,2,22222222,108,108,108,MASCOTAS                                ,Boyaca,Sogamoso,2024-Mayo,$250K-$500K,5
2024,Mayo,22222222,10817,RINGO CACHORROS 1K*20              ,BOLSA          ,1,12000.0,0,12000,1,22222222,108,108,108,MASCOTAS                                ,Boyaca,Sogamoso,2024-Mayo,<$50K,5
2024,Mayo,22222222,10818,RINGO CACHORROS 2K*5               ,BOLSA          ,1,12000.0,0,12000,1,22222222,108,108,108,MASCOTAS                                ,Boyaca,Sogamoso,2024-Mayo,<$50K,5
2024,Mayo,22222222,10819,RINGO CACHORROS 30KG               ,BULTO          ,3,162333.33,0,487000,3,22222222,108,108,108,MASCOTAS                                ,Boyaca,Sogamoso,2024-Mayo,$250K-$500K,5
2024,Mayo,22222222,10821,RINGO PREMIUM 20KG                 ,BULTO          ,1,107000.0,0,107000,1,22222222,108,108,108,MASCOTAS                                ,Boyaca,Sogamoso,2024-Mayo,$100K-$250K,5
2024,Mayo,22222222,10824,RINGO PREMIUM 30KG                 ,BULTO          ,24,151333.33,0,3632000,22,22222222,108,108,108,MASCOTAS                                ,Boyaca,Sogamoso,2024-Mayo,>$1M,5
2024,Mayo,22222222,10826,RINGO CROQUETAS 20KG               ,BULTO          ,1,90000.0,0,90000,1,22222222,108,108,108,MASCOTAS                                ,Boyaca,Sogamoso,2024-Mayo,$50K-$100K,5
2024,Mayo,22222222,10829,RINGO CROQUETAS 30KG               ,BULTO          ,39,124948.72,0,4873000,28,22222222,108,108,108,MASCOTAS                                ,Boyaca,Sogamoso,2024-Mayo,>$1M,5
2024,Mayo,22222222,10830,FILPO CACHORROS 10KG               ,BULTO          ,3,64666.67,0,194000,3,22222222,108,108,108,MASCOTAS                                ,Boyaca,Sogamoso,2024-Mayo,$100K-$250K,5
2024,Mayo,22222222,10831,FILPO ADULTO 10KG                  ,BULTO          ,8,40000.0,0,320000,8,22222222,108,108,108,MASCOTAS                                ,Boyaca,Sogamoso,2024-Mayo,$250K-$500K,5
2024,Mayo,22222222,10833,FILPO ADULTO 30KG                  ,BULTO          ,47,107723.4,0,5063000,37,22222222,108,108,108,MASCOTAS                                ,Boyaca,Sogamoso,2024-Mayo,>$1M,5
2024,Mayo,22222222,10842,MIRRINGO 8KG                       ,BULTO          ,19,67000.0,0,1273000,12,22222222,108,108,108,MASCOTAS                                ,Boyaca,Sogamoso,2024-Mayo,>$1M,5
2024,Mayo,22222222,10844,MIRRINGO 1KG*20                    ,BOLSA          ,5,9400.0,0,47000,5,22222222,108,108,108,MASCOTAS                                ,Boyaca,Sogamoso,2024-Mayo,<$50K,5
2024,Mayo,22222222,10853,MIRRINGO ARENA 5KG                 ,BOLSA          ,1,19000.0,0,19000,1,22222222,108,108,108,MASCOTAS                                ,Boyaca,Sogamoso,2024-Mayo,<$50K,5
2024,Mayo,22222222,20104,SUPER POLLO ENGORDE GRANJA         ,BULTO          ,1,114000.0,0,114000,1,22222222,201,201,101,AVICULTURA                              ,Boyaca,Sogamoso,2024-Mayo,$100K-$250K,5
2024,Mayo,22222222,20106,SUPER POLLO ENGORDE DORADO         ,BULTO          ,2,111000.0,0,222000,2,22222222,201,201,101,AVICULTURA                              ,Boyaca,Sogamoso,2024-Mayo,$100K-$250K,5
2024,Mayo,22222222,20108,POLLO CRIOLLO P                    ,BULTO          ,3,75000.0,0,225000,3,22222222,201,201,101,AVICULTURA                              ,Boyaca,Sogamoso,2024-Mayo,$100K-$250K,5
2024,Mayo,22222222,20109,POLLO CRIOLLO Q                    ,BULTO          ,14,75000.0,0,1050000,3,22222222,201,201,101,AVICULTURA                              ,Boyaca,Sogamoso,2024-Mayo,>$1M,5
2024,Mayo,22222222,20200,POLLITA INICIACION                 ,BULTO          ,1,94000.0,0,94000,1,22222222,202,202,101,AVICULTURA                              ,Boyaca,Sogamoso,2024-Mayo,$50K-$100K,5
2024,Mayo,22222222,20202,SUPER HUEVO PREPICO                ,BULTO          ,34,68206.62,0,2319025,18,22222222,202,202,101,AVICULTURA                              ,Boyaca,Sogamoso,2024-Mayo,>$1M,5
2024,Mayo,22222222,20203,SUPER HUEVO PREPICO 100            ,BULTO          ,32,85125.0,0,2724000,13,22222222,202,202,101,AVICULTURA                              ,Boyaca,Sogamoso,2024-Mayo,>$1M,5
2024,Mayo,22222222,20205,PONEDORA CAMPESINA                 ,BULTO          ,3,71666.67,0,215000,3,22222222,202,202,101,AVICULTURA                              ,Boyaca,Sogamoso,2024-Mayo,$100K-$250K,5
2024,Mayo,22222222,20301,CERDITOS INICIACION NARANJA        ,BULTO          ,3,119333.33,0,358000,2,22222222,203,203,203,PORCICULTURA                            ,Boyaca,Sogamoso,2024-Mayo,$250K-$500K,5
2024,Mayo,22222222,20302,CERDO LEVANTE 1 NARANJA            ,BULTO          ,57,94114.04,0,5364500,27,22222222,203,203,203,PORCICULTURA                            ,Boyaca,Sogamoso,2024-Mayo,>$1M,5
2024,Mayo,22222222,20303,CERDO ENGORDE NARANJA              ,BULTO          ,17,91058.82,0,1548000,9,22222222,203,203,203,PORCICULTURA                            ,Boyaca,Sogamoso,2024-Mayo,>$1M,5
2024,Mayo,22222222,20304,CERDO FINALIZADOR NARANJA          ,BULTO          ,7,93285.71,0,653000,5,22222222,203,203,203,PORCICULTURA                            ,Boyaca,Sogamoso,2024-Mayo,$500K-$1M,5
2024,Mayo,22222222,20305,CERDA GESTACION NARANJA            ,BULTO          ,7,85714.29,0,600000,6,22222222,203,203,203,PORCICULTURA                            ,Boyaca,Sogamoso,2024-Mayo,$500K-$1M,5
2024,Mayo,22222222,20306,CERDA LACTANCIA NARANJA            ,BULTO          ,5,93400.0,0,467000,4,22222222,203,203,203,PORCICULTURA                            ,Boyaca,Sogamoso,2024-Mayo,$250K-$500K,5
2024,Mayo,22222222,20307,CERDO LEVANTE                      ,BULTO          ,33,85787.88,0,2831000,19,22222222,203,203,203,PORCICULTURA                            ,Boyaca,Sogamoso,2024-Mayo,>$1M,5
2024,Mayo,22222222,20308,CERDO ENGORDE                      ,BULTO          ,8,74750.0,0,598000,8,22222222,203,203,203,PORCICULTURA                            ,Boyaca,Sogamoso,2024-Mayo,$500K-$1M,5
2024,Mayo,22222222,20503,CREMOSA                            ,BULTO          ,16,65937.5,0,1055000,13,22222222,205,205,205,GANADERIA                               ,Boyaca,Sogamoso,2024-Mayo,>$1M,5
2024,Mayo,22222222,20505,ITAL LECHE PELLET                  ,BULTO          ,79,58658.23,0,4634000,26,22222222,205,205,205,GANADERIA                               ,Boyaca,Sogamoso,2024-Mayo,>$1M,5
2024,Mayo,22222222,20600,EQUINOS                            ,BULTO          ,7,71428.57,0,500000,5,22222222,206,206,206,EQUINOS                                 ,Boyaca,Sogamoso,2024-Mayo,$250K-$500K,5
2024,Mayo,22222222,20606,FURIA TOTAL                        ,BULTO          ,22,65090.91,0,1432000,15,22222222,206,206,206,EQUINOS                                 ,Boyaca,Sogamoso,2024-Mayo,>$1M,5
2024,Mayo,22222222,20607,MULTIFORRAJE EQUINO                ,BULTO          ,2,66000.0,0,132000,1,22222222,206,206,206,EQUINOS                                 ,Boyaca,Sogamoso,2024-Mayo,$100K-$250K,5
2024,Mayo,22222222,20608,PODIUM                             ,BULTO          ,11,80000.0,0,880000,8,22222222,206,206,206,EQUINOS                                 ,Boyaca,Sogamoso,2024-Mayo,$500K-$1M,5
2024,Mayo,22222222,20704,MOJARRA 20 EXTR                    ,BULTO          ,2,118000.0,0,236000,1,22222222,207,207,207,ACUACULTURA                             ,Boyaca,Sogamoso,2024-Mayo,$100K-$250K,5
2024,Mayo,22222222,20705,TRUCHA INICIACION 50               ,BULTO          ,15,238600.0,0,3579000,13,22222222,207,207,207,ACUACULTURA                             ,Boyaca,Sogamoso,2024-Mayo,>$1M,5
2024,Mayo,22222222,20706,TRUCHA LEVANTE 40                  ,BULTO          ,19,185263.16,0,3520000,8,22222222,207,207,207,ACUACULTURA                             ,Boyaca,Sogamoso,2024-Mayo,>$1M,5
2024,Mayo,22222222,20707,TRUCHA FINALIZACION 40             ,BULTO          ,87,199114.94,0,17323000,23,22222222,207,207,207,ACUACULTURA                             ,Boyaca,Sogamoso,2024-Mayo,>$1M,5
2024,Mayo,22222222,30104,NUTRECAN ADULTOS RAZAS PEQUE 2K*8  ,BOLSA          ,1,9500.0,0,9500,1,22222222,301,301,108,MASCOTAS                                ,Boyaca,Sogamoso,2024-Mayo,<$50K,5
2024,Mayo,22222222,30106,NUTRECAN ADULTOS RAZAS PEQUE 8KG   ,BULTO          ,2,90000.0,0,180000,2,22222222,301,301,108,MASCOTAS                                ,Boyaca,Sogamoso,2024-Mayo,$100K-$250K,5
2024,Mayo,22222222,30109,NUTRECAN ADULTOS RM Y RG 4K*4      ,BOLSA          ,1,38000.0,0,38000,1,22222222,301,301,108,MASCOTAS                                ,Boyaca,Sogamoso,2024-Mayo,<$50K,5
2024,Mayo,22222222,30110,NUTRECAN ADULTOS RM Y RG 8KG       ,BULTO          ,2,74000.0,0,148000,1,22222222,301,301,108,MASCOTAS                                ,Boyaca,Sogamoso,2024-Mayo,$100K-$250K,5
2024,Mayo,22222222,30118,NUTRECAN SENIOR 8KG                ,BULTO          ,3,88666.67,0,266000,2,22222222,301,301,108,MASCOTAS                                ,Boyaca,Sogamoso,2024-Mayo,$250K-$500K,5
2024,Mayo,22222222,30123,NUTRECAN CROQUETAS CACHORROS 15KG  ,BULTO          ,3,96333.33,0,289000,3,22222222,301,301,108,MASCOTAS                                ,Boyaca,Sogamoso,2024-Mayo,$250K-$500K,5
2024,Mayo,22222222,30126,NUTRECAN CROQUETAS ADULTOS 15KG    ,BULTO          ,5,96800.0,0,484000,5,22222222,301,301,108,MASCOTAS                                ,Boyaca,Sogamoso,2024-Mayo,$250K-$500K,5
2024,Mayo,22222222,30127,NUTRECAN CROQUETAS ADULTOS 25KG    ,BULTO          ,3,160000.0,0,480000,3,22222222,301,301,108,MASCOTAS                                ,Boyaca,Sogamoso,2024-Mayo,$250K-$500K,5
2024,Mayo,22222222,30134,NUTRECAN CAMPO 8KG                 ,BULTO          ,1,52000.0,0,52000,1,22222222,301,301,108,MASCOTAS                                ,Boyaca,Sogamoso,2024-Mayo,$50K-$100K,5
2024,Mayo,22222222,30205,Q-IDA CAT 8KG                      ,BULTO          ,4,70000.0,0,280000,4,22222222,302,302,108,MASCOTAS                                ,Boyaca,Sogamoso,2024-Mayo,$250K-$500K,5
2024,Mayo,22222222,30207,NUTRECAT HOME 1.5K*10              ,BOLSA          ,2,25000.0,0,50000,1,22222222,302,302,108,MASCOTAS                                ,Boyaca,Sogamoso,2024-Mayo,<$50K,5
2024,Mayo,22222222,30401,NUTREPOLLO C.                      ,BULTO          ,4,101000.0,0,404000,2,22222222,304,304,304,AVICULTURA                              ,Boyaca,Sogamoso,2024-Mayo,$250K-$500K,5
2024,Mayo,22222222,30410,PONEDORAS I C.                     ,BULTO          ,10,87000.0,0,870000,1,22222222,304,304,304,AVICULTURA                              ,Boyaca,Sogamoso,2024-Mayo,$500K-$1M,5
2024,Mayo,22222222,30502,CHANCHITOS GP                      ,BULTO          ,4,101000.0,0,404000,1,22222222,305,305,305,PORCICULTURA                            ,Boyaca,Sogamoso,2024-Mayo,$250K-$500K,5
2024,Mayo,22222222,30503,CHANCHITOS I.C                     ,BULTO          ,26,92634.62,0,2408500,5,22222222,305,305,305,PORCICULTURA                            ,Boyaca,Sogamoso,2024-Mayo,>$1M,5
2024,Mayo,22222222,30506,CHANCHITOS PET                     ,BULTO          ,2,92000.0,0,184000,1,22222222,305,305,305,PORCICULTURA                            ,Boyaca,Sogamoso,2024-Mayo,$100K-$250K,5
2024,Mayo,22222222,30600,MANNA EXT                          ,BULTO          ,4,101000.0,0,404000,3,22222222,306,306,306,GANADERIA                               ,Boyaca,Sogamoso,2024-Mayo,$250K-$500K,5
2024,Mayo,22222222,30601,MANNA P                            ,BULTO          ,1,89000.0,0,89000,1,22222222,306,306,306,GANADERIA                               ,Boyaca,Sogamoso,2024-Mayo,$50K-$100K,5
2024,Mayo,22222222,30602,NOVILLAS                           ,BULTO          ,1,78000.0,0,78000,1,22222222,306,306,306,GANADERIA                               ,Boyaca,Sogamoso,2024-Mayo,$50K-$100K,5
2024,Mayo,22222222,30612,CREMALECHE                         ,BULTO          ,3,70000.0,0,210000,2,22222222,306,306,306,GANADERIA                               ,Boyaca,Sogamoso,2024-Mayo,$100K-$250K,5
2024,Mayo,22222222,30701,CAMPEON DORADO TEXT                ,BULTO          ,3,100000.0,0,300000,3,22222222,307,307,307,EQUINOS                                 ,Boyaca,Sogamoso,2024-Mayo,$250K-$500K,5
2024,Mayo,22222222,30702,CAMPEON ADULTOS                    ,BULTO          ,3,80333.33,0,241000,3,22222222,307,307,307,EQUINOS                                 ,Boyaca,Sogamoso,2024-Mayo,$100K-$250K,5
2024,Mayo,22222222,30703,CAMPEON ADULTOS TEXT               ,BULTO          ,1,82000.0,0,82000,1,22222222,307,307,307,EQUINOS                                 ,Boyaca,Sogamoso,2024-Mayo,$50K-$100K,5
2024,Mayo,22222222,40202,POLLO INICIACION C                 ,BULTO          ,2,87500.0,0,175000,2,22222222,402,402,402,AVICULTURA                              ,Boyaca,Sogamoso,2024-Mayo,$100K-$250K,5
2024,Mayo,22222222,50112,PONEDORA 18                        ,BULTO          ,1,87000.0,0,87000,1,22222222,501,501,101,AVICULTURA                              ,Boyaca,Sogamoso,2024-Mayo,$50K-$100K,5
2024,Mayo,22222222,50114,SUPER ENGORDE EXTRA DISTRI QUEB X 1,BULTO          ,2,26000.0,0,52000,1,22222222,501,501,101,AVICULTURA                              ,Boyaca,Sogamoso,2024-Mayo,$50K-$100K,5
2024,Mayo,22222222,50117,FIBRAMIX PELETIZADO                ,BULTO          ,16,60000.0,0,960000,8,22222222,501,501,105,GANADERIA                               ,Boyaca,Sogamoso,2024-Mayo,$500K-$1M,5
2024,Mayo,22222222,50118,FIBRAMIX PELETIZADO X 10KG         ,BULTO          ,1,19000.0,0,19000,1,22222222,501,501,105,GANADERIA                               ,Boyaca,Sogamoso,2024-Mayo,<$50K,5
2024,Mayo,22222222,50200,RAZA PERROS 10KG                   ,BULTO          ,3,40000.0,0,120000,3,22222222,502,502,502,MASCOTAS                                ,Boyaca,Sogamoso,2024-Mayo,$100K-$250K,5
2024,Mayo,22222222,50201,RAZA PERROS 30KG                   ,BULTO          ,18,106166.67,0,1911000,17,22222222,502,502,502,MASCOTAS                                ,Boyaca,Sogamoso,2024-Mayo,>$1M,5
2024,Mayo,22222222,50203,SUPERCAN CROQUETAS 15KG            ,BULTO          ,1,70000.0,0,70000,1,22222222,502,502,502,MASCOTAS                                ,Boyaca,Sogamoso,2024-Mayo,$50K-$100K,5
2024,Mayo,22222222,50206,SUPERCAN CROQUETAS 30KG            ,BULTO          ,1,126000.0,0,126000,1,22222222,502,502,502,MASCOTAS                                ,Boyaca,Sogamoso,2024-Mayo,$100K-$250K,5
2024,Mayo,22222222,60107,CANBEST TOTAL JERINGA X 10ML       ,JERINGA        ,2,7000.0,0,14000,1,22222222,601,601,610,DROGA VETERINARIA                       ,Boyaca,Sogamoso,2024-Mayo,<$50K,5
2024,Mayo,22222222,60124,PENTAMICIL F.M FRASCO 3+3          ,FRASCO         ,1,0.0,0,0,1,22222222,601,601,610,DROGA VETERINARIA                       ,Boyaca,Sogamoso,2024-Mayo,,5
2024,Mayo,22222222,60131,RATAQUILL SOBRE 20G*25             ,SOBRE          ,2,6000.0,0,12000,1,22222222,601,601,610,DROGA VETERINARIA                       ,Boyaca,Sogamoso,2024-Mayo,<$50K,5
2024,Mayo,22222222,60201,CUTAMYCON VF X 100G                ,CREMA          ,1,27000.0,0,27000,1,22222222,602,602,610,DROGA VETERINARIA                       ,Boyaca,Sogamoso,2024-Mayo,<$50K,5
2024,Mayo,22222222,60205,FULMINADO 20.8% X 20ML             ,FRASCO         ,1,10000.0,0,10000,1,22222222,602,602,610,DROGA VETERINARIA                       ,Boyaca,Sogamoso,2024-Mayo,<$50K,5
2024,Mayo,22222222,60220,MATARRAZ X250ML                    ,FRASCO         ,1,50000.0,0,50000,1,22222222,602,602,610,DROGA VETERINARIA                       ,Boyaca,Sogamoso,2024-Mayo,<$50K,5
2024,Mayo,22222222,60224,INFLACOR X10ML                     ,FRASCO         ,2,38000.0,0,76000,1,22222222,602,602,610,DROGA VETERINARIA                       ,Boyaca,Sogamoso,2024-Mayo,$50K-$100K,5
2024,Mayo,22222222,60502,SAL 11% X 5KG*10                   ,BOLSA          ,4,23000.0,0,92000,4,22222222,605,605,605,SALES                                   ,Boyaca,Sogamoso,2024-Mayo,$50K-$100K,5
2024,Mayo,22222222,60504,SAL 11% X 40KG                     ,BOLSA          ,1,75000.0,0,75000,1,22222222,605,605,605,SALES                                   ,Boyaca,Sogamoso,2024-Mayo,$50K-$100K,5
2024,Mayo,22222222,60505,SAL 6% X 5KG*10                    ,BOLSA          ,3,18666.67,0,56000,3,22222222,605,605,605,SALES                                   ,Boyaca,Sogamoso,2024-Mayo,$50K-$100K,5
2024,Mayo,22222222,60700,MAIZ NACIONAL X50KG                ,BULTO          ,10,73000.0,0,730000,9,22222222,607,607,607,MAIZ                                    ,Boyaca,Sogamoso,2024-Mayo,$500K-$1M,5
2024,Mayo,22222222,60701,MAIZ NACIONAL @                    ,BOLSA          ,6,23666.67,0,142000,5,22222222,607,607,607,MAIZ                                    ,Boyaca,Sogamoso,2024-Mayo,$100K-$250K,5
2024,Mayo,22222222,60703,MAIZ PARTIDO NACIONAL X 40KG       ,BULTO          ,2,70000.0,0,140000,2,22222222,607,607,607,MAIZ                                    ,Boyaca,Sogamoso,2024-Mayo,$100K-$250K,5
2024,Mayo,22222222,60810,DONKAT GATOS ADULTOS X 7KG         ,BULTO          ,5,72800.0,0,364000,5,22222222,608,608,608,MASCOTAS                                ,Boyaca,Sogamoso,2024-Mayo,$250K-$500K,5
2024,Mayo,22222222,60816,FOFI CAT MANZANA  X 5KG            ,BOLSA          ,1,38000.0,0,38000,1,22222222,608,608,608,MASCOTAS                                ,Boyaca,Sogamoso,2024-Mayo,<$50K,5
2024,Mayo,22222222,60822,"MONELLO CAT SALMON, ATUN, POLLO X 7",BULTO          ,6,131666.67,0,790000,6,22222222,608,608,608,MASCOTAS                                ,Boyaca,Sogamoso,2024-Mayo,$500K-$1M,5
2024,Mayo,22222222,60826,MONELLO CACHORRO X7KG              ,BULTO          ,2,99000.0,0,198000,2,22222222,608,608,608,MASCOTAS                                ,Boyaca,Sogamoso,2024-Mayo,$100K-$250K,5
2024,Mayo,22222222,60827,MONELLO RAZA PEQUEÑA X 1KG         ,BOLSA          ,1,16000.0,0,16000,1,22222222,608,608,608,MASCOTAS                                ,Boyaca,Sogamoso,2024-Mayo,<$50K,5
2024,Mayo,22222222,60828,MONELLO RAZA PEQUEÑA X 7KG         ,BULTO          ,3,95333.33,0,286000,3,22222222,608,608,608,MASCOTAS                                ,Boyaca,Sogamoso,2024-Mayo,$250K-$500K,5
2024,Mayo,22222222,60848,MONELLO TRADICIONAL X 7KG          ,BULTO          ,3,87333.33,0,262000,3,22222222,608,608,608,MASCOTAS                                ,Boyaca,Sogamoso,2024-Mayo,$250K-$500K,5
2024,Mayo,22222222,60880,DOGOURMET CARNE PARRILLA ADULTO X 3,BOLSA          ,1,70000.0,0,70000,1,22222222,608,608,608,MASCOTAS                                ,Boyaca,Sogamoso,2024-Mayo,$50K-$100K,5
2024,Mayo,22222222,60881,CHUNKY ADULTO X 9KG                ,BULTO          ,4,68000.0,0,272000,4,22222222,608,608,608,MASCOTAS                                ,Boyaca,Sogamoso,2024-Mayo,$250K-$500K,5
2024,Mayo,22222222,60883,CHUNKY CACHORRO X 9KG              ,BULTO          ,1,78000.0,0,78000,1,22222222,608,608,608,MASCOTAS                                ,Boyaca,Sogamoso,2024-Mayo,$50K-$100K,5
2024,Mayo,22222222,61000,CREOLINA GOLD COOPERS X 120ML      ,FRASCO         ,1,8000.0,0,8000,1,22222222,610,610,610,DROGA VETERINARIA                       ,Boyaca,Sogamoso,2024-Mayo,<$50K,5
2024,Mayo,22222222,61001,CREOLINA GOLD COOPERS X 235ML      ,FRASCO         ,1,14000.0,0,14000,1,22222222,610,610,610,DROGA VETERINARIA                       ,Boyaca,Sogamoso,2024-Mayo,<$50K,5
2024,Mayo,22222222,61022,OXITETRAXICICLINA MK  100mg X 500ML,FRASCO         ,1,98000.0,0,98000,1,22222222,610,610,610,DROGA VETERINARIA                       ,Boyaca,Sogamoso,2024-Mayo,$50K-$100K,5
2024,Mayo,22222222,61043,PROMOCALIER L X 100ML              ,FRASCO         ,1,32000.0,0,32000,1,22222222,610,610,610,DROGA VETERINARIA                       ,Boyaca,Sogamoso,2024-Mayo,<$50K,5
2024,Mayo,22222222,61050,COMPLEBET INYEC X 250ML            ,FRASCO         ,1,68000.0,0,68000,1,22222222,610,610,610,DROGA VETERINARIA                       ,Boyaca,Sogamoso,2024-Mayo,$50K-$100K,5
2024,Mayo,22222222,61052,DEXTROMIN RB12 X 500ML             ,FRASCO         ,1,42000.0,0,42000,1,22222222,610,610,610,DROGA VETERINARIA                       ,Boyaca,Sogamoso,2024-Mayo,<$50K,5
2024,Mayo,22222222,61055,MOSKATION FRASCO X 100ML           ,FRASCO         ,1,20000.0,0,20000,1,22222222,610,610,610,DROGA VETERINARIA                       ,Boyaca,Sogamoso,2024-Mayo,<$50K,5
2024,Mayo,22222222,61072,ALBENDAZOL JERINGA X 20ML          ,JERINGA        ,1,12000.0,0,12000,1,22222222,610,610,610,DROGA VETERINARIA                       ,Boyaca,Sogamoso,2024-Mayo,<$50K,5
2024,Mayo,22222222,61085,MELAZA X 30KG                      ,BULTO          ,1,47000.0,0,47000,1,22222222,610,610,610,DROGA VETERINARIA                       ,Boyaca,Sogamoso,2024-Mayo,<$50K,5
2024,Mayo,22222222,61096,CABANOS PERROS                     ,UNIDAD         ,1,14000.0,0,14000,1,22222222,610,610,610,DROGA VETERINARIA                       ,Boyaca,Sogamoso,2024-Mayo,<$50K,5
2024,Mayo,22222222,61100,POMADA ALFA X220G                  ,UNIDAD         ,1,32000.0,0,32000,1,22222222,611,611,611,DROGA VETERINARIA                       ,Boyaca,Sogamoso,2024-Mayo,<$50K,5
2024,Mayo,22222222,61126,OXITETRACICLINA 50mg x100ML        ,FRASCO         ,2,70500.0,0,141000,2,22222222,611,611,611,DROGA VETERINARIA                       ,Boyaca,Sogamoso,2024-Mayo,$100K-$250K,5
2024,Mayo,22222222,61167,CURAGAN AEROSOL X375ML             ,FRASCO         ,2,27000.0,0,54000,2,22222222,611,611,611,DROGA VETERINARIA                       ,Boyaca,Sogamoso,2024-Mayo,$50K-$100K,5
2024,Mayo,22222222,61200,CHUNKY ADULTOS 25KG                ,BULTO          ,3,163333.33,0,490000,3,22222222,612,612,612,MASCOTAS                                ,Boyaca,Sogamoso,2024-Mayo,$250K-$500K,5
2024,Mayo,22222222,61201,ITALCAN CARNE Y VERD 25KG          ,BULTO          ,8,99750.0,0,798000,8,22222222,612,612,612,MASCOTAS                                ,Boyaca,Sogamoso,2024-Mayo,$500K-$1M,5
2024,Mayo,22222222,61207,CHUNKY ADULTO CORDERO 8KG          ,BULTO          ,1,148000.0,0,148000,1,22222222,612,612,612,MASCOTAS                                ,Boyaca,Sogamoso,2024-Mayo,$100K-$250K,5
2024,Mayo,22222222,61209,CHUNKY ADULTO X500G                ,BOLSA          ,2,5500.0,0,11000,1,22222222,612,612,612,MASCOTAS                                ,Boyaca,Sogamoso,2024-Mayo,<$50K,5
2024,Mayo,22222222,61212,CHUNKY CACHORRO X500G              ,BOLSA          ,2,5500.0,0,11000,1,22222222,612,612,612,MASCOTAS                                ,Boyaca,Sogamoso,2024-Mayo,<$50K,5
2024,Mayo,22222222,61218,MONELLO TRADICIONAL 25KG           ,BULTO          ,7,265000.0,0,1855000,3,22222222,612,612,612,MASCOTAS                                ,Boyaca,Sogamoso,2024-Mayo,>$1M,5
2024,Mayo,22222222,61222,NUTRION ADULTO 15KG                ,BULTO          ,1,85000.0,0,85000,1,22222222,612,612,612,MASCOTAS                                ,Boyaca,Sogamoso,2024-Mayo,$50K-$100K,5
2024,Mayo,22222222,61229,DONKAT ADULTO X1KG                 ,BOLSA          ,1,11000.0,0,11000,1,22222222,612,612,612,MASCOTAS                                ,Boyaca,Sogamoso,2024-Mayo,<$50K,5
2024,Mayo,22222222,61265,BRAVECTO 40KG-60KG                 ,UNIDAD         ,1,125000.0,0,125000,1,22222222,612,612,612,MASCOTAS                                ,Boyaca,Sogamoso,2024-Mayo,$100K-$250K,5
2024,Mayo,22222222,61290,AGILITY GOLD PEQ ADUL 1.5 KG       ,BOL            ,2,17500.0,0,35000,2,22222222,612,612,612,MASCOTAS                                ,Boyaca,Sogamoso,2024-Mayo,<$50K,5
2024,Mayo,33448889,10507,PRELACTANCIA                       ,BULTO          ,1,77000.0,0,77000,1,33448889,105,105,105,GANADERIA                               ,Boyaca,Sogamoso,2024-Mayo,$50K-$100K,5
2024,Mayo,33448889,10833,FILPO ADULTO 30KG                  ,BULTO          ,1,107000.0,0,107000,1,33448889,108,108,108,MASCOTAS                                ,Boyaca,Sogamoso,2024-Mayo,$100K-$250K,5
2024,Mayo,33448889,20203,SUPER HUEVO PREPICO 100            ,BULTO          ,2,85000.0,0,170000,1,33448889,202,202,101,AVICULTURA                              ,Boyaca,Sogamoso,2024-Mayo,$100K-$250K,5
2024,Mayo,40022620,10824,RINGO PREMIUM 30KG                 ,BULTO          ,3,152000.0,0,456000,2,40022620,108,108,108,MASCOTAS                                ,Boyaca,Tunja,2024-Mayo,$250K-$500K,5
2024,Mayo,46376488,10123,PONEDORA EXTRA I C                 ,BULTO          ,1,84000.0,0,84000,1,46376488,101,101,101,AVICULTURA                              ,Boyaca,Sogamoso,2024-Mayo,$50K-$100K,5
2024,Mayo,46376488,10603,FORRAJE GANADERIA P TULIPAN        ,BULTO          ,1,60000.0,0,60000,1,46376488,106,106,105,GANADERIA                               ,Boyaca,Sogamoso,2024-Mayo,$50K-$100K,5
2024,Mayo,52824658,10108,MAXI BROILER P                     ,BULTO          ,1,112000.0,0,112000,1,52824658,101,101,101,AVICULTURA                              ,Boyaca,Sogamoso,2024-Mayo,$100K-$250K,5
2024,Mayo,52824658,10402,CINTA AZUL  ADULTOS                ,BULTO          ,3,83000.0,0,249000,2,52824658,104,104,104,EQUINOS                                 ,Boyaca,Sogamoso,2024-Mayo,$100K-$250K,5
2024,Mayo,52824658,20607,MULTIFORRAJE EQUINO                ,BULTO          ,1,66000.0,0,66000,1,52824658,206,206,206,EQUINOS                                 ,Boyaca,Sogamoso,2024-Mayo,$50K-$100K,5
2024,Mayo,52824658,61290,AGILITY GOLD PEQ ADUL 1.5 KG       ,BOL            ,1,258000.0,0,258000,1,52824658,612,612,612,MASCOTAS                                ,Boyaca,Sogamoso,2024-Mayo,$250K-$500K,5
2024,Mayo,74081683,10829,RINGO CROQUETAS 30KG               ,BULTO          ,1,127000.0,0,127000,1,74081683,108,108,108,MASCOTAS                                ,Boyaca,Nobsa,2024-Mayo,$100K-$250K,5
2024,Mayo,74081720,10833,FILPO ADULTO 30KG                  ,BULTO          ,1,107000.0,0,107000,1,74081720,108,108,108,MASCOTAS                                ,Boyaca,Sogamoso,2024-Mayo,$100K-$250K,5
2024,Mayo,74083883,10515,NOVILLOS CEBA P                    ,BULTO          ,4,80000.0,0,320000,1,74083883,105,105,105,GANADERIA                               ,Boyaca,Corrales,2024-Mayo,$250K-$500K,5
2024,Mayo,74083883,10844,MIRRINGO 1KG*20                    ,BOLSA          ,4,9500.0,0,38000,1,74083883,108,108,108,MASCOTAS                                ,Boyaca,Corrales,2024-Mayo,<$50K,5
2024,Mayo,74083883,50201,RAZA PERROS 30KG                   ,BULTO          ,1,107000.0,0,107000,1,74083883,502,502,502,MASCOTAS                                ,Boyaca,Corrales,2024-Mayo,$100K-$250K,5
2024,Mayo,74084607,10833,FILPO ADULTO 30KG                  ,BULTO          ,1,107000.0,0,107000,1,74084607,108,108,108,MASCOTAS                                ,Boyaca,Sogamoso,2024-Mayo,$100K-$250K,5
2024,Mayo,74084607,50201,RAZA PERROS 30KG                   ,BULTO          ,1,105000.0,0,105000,1,74084607,502,502,502,MASCOTAS                                ,Boyaca,Sogamoso,2024-Mayo,$100K-$250K,5
2024,Mayo,74084607,60884,CHUNKY CACHORRO X 18KG             ,BULTO          ,1,149000.0,0,149000,1,74084607,608,608,608,MASCOTAS                                ,Boyaca,Sogamoso,2024-Mayo,$100K-$250K,5
2024,Mayo,74084607,61201,ITALCAN CARNE Y VERD 25KG          ,BULTO          ,1,100000.0,0,100000,1,74084607,612,612,612,MASCOTAS                                ,Boyaca,Sogamoso,2024-Mayo,$50K-$100K,5
2024,Mayo,79949878,10501,NOVILLONAS                         ,BULTO          ,1,77000.0,0,77000,1,79949878,105,105,105,GANADERIA                               ,Boyaca,Sogamoso,2024-Mayo,$50K-$100K,5
2024,Mayo,826002633,10833,FILPO ADULTO 30KG                  ,BULTO          ,2,107000.0,0,214000,2,826002633,108,108,108,MASCOTAS                                ,Boyaca,Sogamoso,2024-Mayo,$100K-$250K,5
2024,Mayo,826002633,10844,MIRRINGO 1KG*20                    ,BOLSA          ,1,9500.0,0,9500,1,826002633,108,108,108,MASCOTAS                                ,Boyaca,Sogamoso,2024-Mayo,<$50K,5
2024,Mayo,826002633,30108,NUTRECAN ADULTOS RM Y RG 2K*8      ,BOLSA          ,1,23000.0,0,23000,1,826002633,301,301,108,MASCOTAS                                ,Boyaca,Sogamoso,2024-Mayo,<$50K,5
2024,Mayo,826002633,30109,NUTRECAN ADULTOS RM Y RG 4K*4      ,BOLSA          ,1,33000.0,0,33000,1,826002633,301,301,108,MASCOTAS                                ,Boyaca,Sogamoso,2024-Mayo,<$50K,5
2024,Mayo,900341686,30701,CAMPEON DORADO TEXT                ,BULTO          ,2,80000.0,0,160000,1,900341686,307,307,307,EQUINOS                                 ,Boyaca,Sogamoso,2024-Mayo,$100K-$250K,5
2024,Mayo,900341686,30702,CAMPEON ADULTOS                    ,BULTO          ,2,80000.0,0,160000,1,900341686,307,307,307,EQUINOS                                 ,Boyaca,Sogamoso,2024-Mayo,$100K-$250K,5
2024,Mayo,900707466,10824,RINGO PREMIUM 30KG                 ,BULTO          ,5,152000.0,0,760000,1,900707466,108,108,108,MASCOTAS                                ,Boyaca,Sogamoso,2024-Mayo,$500K-$1M,5
2024,Mayo,900707466,10829,RINGO CROQUETAS 30KG               ,BULTO          ,6,128000.0,0,768000,1,900707466,108,108,108,MASCOTAS                                ,Boyaca,Sogamoso,2024-Mayo,$500K-$1M,5
2024,Mayo,901232690,10403,CORCEL                             ,BULTO          ,1,73000.0,0,73000,1,901232690,104,104,104,EQUINOS                                 ,Boyaca,Sogamoso,2024-Mayo,$50K-$100K,5
2024,Mayo,901232690,10405,RODEO FIBRA                        ,BULTO          ,1,63000.0,0,63000,1,901232690,104,104,104,EQUINOS                                 ,Boyaca,Sogamoso,2024-Mayo,$50K-$100K,5
2024,Mayo,901283723,10829,RINGO CROQUETAS 30KG               ,BULTO          ,1,126000.0,0,126000,1,901283723,108,108,108,MASCOTAS                                ,Boyaca,Sogamoso,2024-Mayo,$100K-$250K,5
2024,Mayo,901624523,20302,CERDO LEVANTE 1 NARANJA            ,BULTO          ,10,94000.0,0,940000,1,901624523,203,203,203,PORCICULTURA                            ,Boyaca,Tunja,2024-Mayo,$500K-$1M,5
2024,Mayo,901624523,20305,CERDA GESTACION NARANJA            ,BULTO          ,2,83000.0,0,166000,1,901624523,203,203,203,PORCICULTURA                            ,Boyaca,Tunja,2024-Mayo,$100K-$250K,5
2024,Mayo,901672869,10306,TRUCHAS 40 CP E                    ,BULTO          ,1,200000.0,0,200000,1,901672869,103,103,103,ACUACULTURA                             ,Boyaca,Gameza,2024-Mayo,$100K-$250K,5
2024,Mayo,901795156,10206,MAXI CERDOS P                      ,BULTO          ,1,94000.0,0,94000,1,901795156,102,102,102,PORCICULTURA                            ,Boyaca,Sogamoso,2024-Mayo,$50K-$100K,5
2024,Mayo,901795156,10824,RINGO PREMIUM 30KG                 ,BULTO          ,1,152000.0,0,152000,1,901795156,108,108,108,MASCOTAS                                ,Boyaca,Sogamoso,2024-Mayo,$100K-$250K,5
2024,Mayo,901795156,20303,CERDO ENGORDE NARANJA              ,BULTO          ,4,91500.0,0,366000,2,901795156,203,203,203,PORCICULTURA                            ,Boyaca,Sogamoso,2024-Mayo,$250K-$500K,5
2024,Mayo,901795156,20304,CERDO FINALIZADOR NARANJA          ,BULTO          ,2,95000.0,0,190000,1,901795156,203,203,203,PORCICULTURA                            ,Boyaca,Sogamoso,2024-Mayo,$100K-$250K,5
2024,Mayo,1049656251,10306,TRUCHAS 40 CP E                    ,BULTO          ,28,210428.57,0,5892000,3,1049656251,103,103,103,ACUACULTURA                             ,Boyaca,Sogamoso,2024-Mayo,>$1M,5
2024,Mayo,1049656251,10819,RINGO CACHORROS 30KG               ,BULTO          ,1,149000.0,0,149000,1,1049656251,108,108,108,MASCOTAS                                ,Boyaca,Sogamoso,2024-Mayo,$100K-$250K,5
2024,Mayo,1049656251,20707,TRUCHA FINALIZACION 40             ,BULTO          ,8,199000.0,0,1592000,1,1049656251,207,207,207,ACUACULTURA                             ,Boyaca,Sogamoso,2024-Mayo,>$1M,5
2024,Mayo,1049656251,50203,SUPERCAN CROQUETAS 15KG            ,BULTO          ,1,70000.0,0,70000,1,1049656251,502,502,502,MASCOTAS                                ,Boyaca,Sogamoso,2024-Mayo,$50K-$100K,5
2024,Mayo,1057579440,10114,POLLO CAMPESINO C                  ,BULTO          ,1,88000.0,0,88000,1,1057579440,101,101,101,AVICULTURA                              ,Boyaca,Sogamoso,2024-Mayo,$50K-$100K,5
2024,Mayo,1057579440,10209,CERDOS ENGORDE                     ,BULTO          ,1,74000.0,0,74000,1,1057579440,102,102,102,PORCICULTURA                            ,Boyaca,Sogamoso,2024-Mayo,$50K-$100K,5
2024,Mayo,1057579440,10305,"MAXI TRUCHAS 45 SP 3,5 E           ",BULTO          ,1,182000.0,0,182000,1,1057579440,103,103,103,ACUACULTURA                             ,Boyaca,Sogamoso,2024-Mayo,$100K-$250K,5
2024,Mayo,1057579440,10306,TRUCHAS 40 CP E                    ,BULTO          ,2,198500.0,0,397000,2,1057579440,103,103,103,ACUACULTURA                             ,Boyaca,Sogamoso,2024-Mayo,$250K-$500K,5
2024,Mayo,1057579440,10603,FORRAJE GANADERIA P TULIPAN        ,BULTO          ,1,58000.0,0,58000,1,1057579440,106,106,105,GANADERIA                               ,Boyaca,Sogamoso,2024-Mayo,$50K-$100K,5
2024,Mayo,1057579440,20202,SUPER HUEVO PREPICO                ,BULTO          ,2,82000.0,0,164000,1,1057579440,202,202,101,AVICULTURA                              ,Boyaca,Sogamoso,2024-Mayo,$100K-$250K,5
2024,Mayo,1057579440,20203,SUPER HUEVO PREPICO 100            ,BULTO          ,5,85000.0,0,425000,2,1057579440,202,202,101,AVICULTURA                              ,Boyaca,Sogamoso,2024-Mayo,$250K-$500K,5
2024,Mayo,1057579440,20302,CERDO LEVANTE 1 NARANJA            ,BULTO          ,3,96333.33,0,289000,2,1057579440,203,203,203,PORCICULTURA                            ,Boyaca,Sogamoso,2024-Mayo,$250K-$500K,5
2024,Mayo,1057579440,20303,CERDO ENGORDE NARANJA              ,BULTO          ,7,90571.43,0,634000,2,1057579440,203,203,203,PORCICULTURA                            ,Boyaca,Sogamoso,2024-Mayo,$500K-$1M,5
2024,Mayo,1057579440,20308,CERDO ENGORDE                      ,BULTO          ,1,92000.0,0,92000,1,1057579440,203,203,203,PORCICULTURA                            ,Boyaca,Sogamoso,2024-Mayo,$50K-$100K,5
2024,Mayo,1057579440,20503,CREMOSA                            ,BULTO          ,2,67000.0,0,134000,1,1057579440,205,205,205,GANADERIA                               ,Boyaca,Sogamoso,2024-Mayo,$100K-$250K,5
2024,Mayo,1057579440,20505,ITAL LECHE PELLET                  ,BULTO          ,14,58000.0,0,812000,1,1057579440,205,205,205,GANADERIA                               ,Boyaca,Sogamoso,2024-Mayo,$500K-$1M,5
2024,Mayo,1057579440,20706,TRUCHA LEVANTE 40                  ,BULTO          ,1,182000.0,0,182000,1,1057579440,207,207,207,ACUACULTURA                             ,Boyaca,Sogamoso,2024-Mayo,$100K-$250K,5
2024,Mayo,1057579440,30612,CREMALECHE                         ,BULTO          ,7,70000.0,0,490000,2,1057579440,306,306,306,GANADERIA                               ,Boyaca,Sogamoso,2024-Mayo,$250K-$500K,5
2024,Mayo,1057579440,60700,MAIZ NACIONAL X50KG                ,BULTO          ,1,79000.0,0,79000,1,1057579440,607,607,607,MAIZ                                    ,Boyaca,Sogamoso,2024-Mayo,$50K-$100K,5
2024,Mayo,1057579440,60702,MAIZ PARTIDO NACIONAL @            ,BOLSA          ,1,66000.0,0,66000,1,1057579440,607,607,607,MAIZ                                    ,Boyaca,Sogamoso,2024-Mayo,$50K-$100K,5
2024,Mayo,1057579440,60883,CHUNKY CACHORRO X 9KG              ,BULTO          ,1,78000.0,0,78000,1,1057579440,608,608,608,MASCOTAS                                ,Boyaca,Sogamoso,2024-Mayo,$50K-$100K,5
2024,Mayo,1057600244,10829,RINGO CROQUETAS 30KG               ,BULTO          ,1,127000.0,0,127000,1,1057600244,108,108,108,MASCOTAS                                ,Boyaca,Sogamoso,2024-Mayo,$100K-$250K,5
2024,Mayo,1057600244,10844,MIRRINGO 1KG*20                    ,BOLSA          ,1,9500.0,0,9500,1,1057600244,108,108,108,MASCOTAS                                ,Boyaca,Sogamoso,2024-Mayo,<$50K,5
2024,Mayo,1057603666,10701,CONEJOS                            ,BULTO          ,4,83000.0,0,332000,2,1057603666,107,107,107,CONEJOS                                 ,Boyaca,Iza,2024-Mayo,$250K-$500K,5
2024,Mayo,1057603666,10831,FILPO ADULTO 10KG                  ,BULTO          ,1,40000.0,0,40000,1,1057603666,108,108,108,MASCOTAS                                ,Boyaca,Iza,2024-Mayo,<$50K,5
2024,Mayo,1057603666,20503,CREMOSA                            ,BULTO          ,4,67000.0,0,268000,2,1057603666,205,205,205,GANADERIA                               ,Boyaca,Iza,2024-Mayo,$250K-$500K,5
2024,Mayo,1057603666,20600,EQUINOS                            ,BULTO          ,2,72000.0,0,144000,1,1057603666,206,206,206,EQUINOS                                 ,Boyaca,Iza,2024-Mayo,$100K-$250K,5
2024,Mayo,1057603666,20606,FURIA TOTAL                        ,BULTO          ,2,66000.0,0,132000,1,1057603666,206,206,206,EQUINOS                                 ,Boyaca,Iza,2024-Mayo,$100K-$250K,5
2024,Mayo,1057603666,20608,PODIUM                             ,BULTO          ,1,90000.0,0,90000,1,1057603666,206,206,206,EQUINOS                                 ,Boyaca,Iza,2024-Mayo,$50K-$100K,5
2024,Mayo,1057603666,60700,MAIZ NACIONAL X50KG                ,BULTO          ,1,77000.0,0,77000,1,1057603666,607,607,607,MAIZ                                    ,Boyaca,Iza,2024-Mayo,$50K-$100K,5
2024,Mayo,1057603666,60703,MAIZ PARTIDO NACIONAL X 40KG       ,BULTO          ,1,73000.0,0,73000,1,1057603666,607,607,607,MAIZ                                    ,Boyaca,Iza,2024-Mayo,$50K-$100K,5
2024,Mayo,8260002612,10205,CERDOS LEVANTE                     ,BULTO          ,1,86000.0,0,86000,1,8260002612,102,102,102,PORCICULTURA                            ,Boyaca,Sogamoso,2024-Mayo,$50K-$100K,5
2024,Mayo,8260002612,10209,CERDOS ENGORDE                     ,BULTO          ,5,75000.0,0,375000,3,8260002612,102,102,102,PORCICULTURA                            ,Boyaca,Sogamoso,2024-Mayo,$250K-$500K,5
2024,Mayo,8260002612,10500,TERNERAS LEVANTE                   ,BULTO          ,3,89333.33,0,268000,3,8260002612,105,105,105,GANADERIA                               ,Boyaca,Sogamoso,2024-Mayo,$250K-$500K,5
2024,Mayo,8260002612,10504,CONTELAC 14%                       ,BULTO          ,4,70000.0,0,280000,3,8260002612,105,105,105,GANADERIA                               ,Boyaca,Sogamoso,2024-Mayo,$250K-$500K,5
2024,Mayo,8260002612,10516,MAXI SAL 11% H                     ,BULTO          ,1,76000.0,0,76000,1,8260002612,105,105,105,GANADERIA                               ,Boyaca,Sogamoso,2024-Mayo,$50K-$100K,5
2024,Mayo,8260002612,10518,MAXI SAL 6%  H                     ,BULTO          ,1,66000.0,0,66000,1,8260002612,105,105,105,GANADERIA                               ,Boyaca,Sogamoso,2024-Mayo,$50K-$100K,5
2024,Mayo,8260002612,10833,FILPO ADULTO 30KG                  ,BULTO          ,1,108000.0,0,108000,1,8260002612,108,108,108,MASCOTAS                                ,Boyaca,Sogamoso,2024-Mayo,$100K-$250K,5
2024,Mayo,9007889571,10116,POLLO CAMPESINO P                  ,BULTO          ,1,90000.0,0,90000,1,9007889571,101,101,101,AVICULTURA                              ,Boyaca,Sogamoso,2024-Mayo,$50K-$100K,5
2024,Mayo,9007889571,10133,CODORNICES CONTEGRAL               ,BULTO          ,2,101000.0,0,202000,2,9007889571,101,101,101,AVICULTURA                              ,Boyaca,Sogamoso,2024-Mayo,$100K-$250K,5
2024,Mayo,9007889571,20202,SUPER HUEVO PREPICO                ,BULTO          ,1,86000.0,0,86000,1,9007889571,202,202,101,AVICULTURA                              ,Boyaca,Sogamoso,2024-Mayo,$50K-$100K,5
2024,Mayo,9010014511,10829,RINGO CROQUETAS 30KG               ,BULTO          ,1,127000.0,0,127000,1,9010014511,108,108,108,MASCOTAS                                ,Boyaca,Sogamoso,2024-Mayo,$100K-$250K,5
2024,Mayo,9010014511,20607,MULTIFORRAJE EQUINO                ,BULTO          ,1,67000.0,0,67000,1,9010014511,206,206,206,EQUINOS                                 ,Boyaca,Sogamoso,2024-Mayo,$50K-$100K,5
2024,Mayo,9010014511,50119,RAZA CUIDO                         ,BULTO          ,1,76000.0,0,76000,1,9010014511,501,501,105,GANADERIA                               ,Boyaca,Sogamoso,2024-Mayo,$50K-$100K,5
